ocn1	canonical_name	relation	renamed_from	renamed_to	date	author	commit	commit_subject	source_ref	evidence_grade
A.Kad	Kádas Opening	renamed	Kadas Opening	Kádas Opening	2022-02-26	Niklas Fiekas	5685801f8	Kadas -> Kádas	https://github.com/lichess-org/chess-openings/commit/5685801f8	attested
A.Kad.c5.b4	Kádas Opening, Kádas Gambit	renamed	Kadas Opening: Kadas Gambit	Kádas Opening: Kádas Gambit	2022-02-26	Niklas Fiekas	5685801f8	Kadas -> Kádas	https://github.com/lichess-org/chess-openings/commit/5685801f8	attested
A.Kad.e5.d4.exd4.c3	Kádas Gambit, c3	renamed	Kadas Opening: Kadas Gambit	Kádas Opening: Kádas Gambit	2022-02-26	Niklas Fiekas	5685801f8	Kadas -> Kádas	https://github.com/lichess-org/chess-openings/commit/5685801f8	attested
A.Lar.b5	Larsen Attack, Polish Variation	renamed	Nimzowitsch-Larsen Attack: Polish Variation	Nimzo-Larsen Attack: Polish Variation	2022-03-14	Dave Cole	66438186e	Make Nimzo-Larsen Attack naming consistent	https://github.com/lichess-org/chess-openings/commit/66438186e	attested
B.Nim.Col	Nimzowitsch Defence, Colorado Countergambit	renamed	Nimzowitsch Defense: Lean Variation	Nimzowitsch Defense: Colorado Countergambit	2022-05-28	fynsta	62e93020c	Some Nimzowitsch Defense fixes	https://github.com/lichess-org/chess-openings/commit/62e93020c	attested
B.Nim.Col.Acc	Nimzowitsch Colorado, Accepted	renamed	Nimzowitsch Defense: Lean Variation, Colorado Counter Accepted	Nimzowitsch Defense: Colorado Countergambit	2022-05-28	fynsta	62e93020c	Some Nimzowitsch Defense fixes	https://github.com/lichess-org/chess-openings/commit/62e93020c	attested
B.Nim.Dpn	Nimzowitsch Defence, 2.d4	renamed	King's Pawn Game: Nimzowitsch Defense	Nimzowitsch Defense	2022-05-28	fynsta	62e93020c	Some Nimzowitsch Defense fixes	https://github.com/lichess-org/chess-openings/commit/62e93020c	attested
C.KPO.Kgt.MLn.Be2.Nf6.d4	King's Knight Opening Be2 Nf6, d4	renamed	Tayler Opening	King's Pawn Game: Tayler Opening	2022-05-28	Chathulanka Gamage	3764ce700	normalize tayler opening name (#40)	https://github.com/lichess-org/chess-openings/commit/3764ce700	attested
C.KGm.g5	King's Gambit Declined, Zilbermints Double Countergambit	renamed	King's Gambit: Zilbermints Double Countergambit	King's Gambit Declined: Zilbermints Double Countergambit	2022-06-26	Fynn Starke	be4a35dbe	Fixes #46	https://github.com/lichess-org/chess-openings/commit/be4a35dbe	attested
D.Bgm	Blackmar-Diemer Gambit	renamed	Blackmar Gambit	Blackmar-Diemer Gambit	2022-06-26	Fynn Starke	be4a35dbe	Fixes #46	https://github.com/lichess-org/chess-openings/commit/be4a35dbe	attested
D.QGD.Exc.Bg5.Be7.e3.O-O	QGD Exchange Chameleon, Castled Line	renamed	Queen's Gambit Declined: Exchange, Chameleon Variation	Queen's Gambit Declined: Exchange Variation, Chameleon Variation	2022-06-26	Fynn Starke	be4a35dbe	Fixes #46	https://github.com/lichess-org/chess-openings/commit/be4a35dbe	attested
C.KGm.Acc.MKe	King's Gambit Accepted, Mason-Keres Gambit	renamed	Van Geet Opening: Nowokunski Gambit	King's Gambit Accepted: Mason-Keres Gambit	2022-07-14	cmgchess	6432832d6	seperate entry for C33 KGA Mason-Keres Gambit #52	https://github.com/lichess-org/chess-openings/commit/6432832d6	attested
D.QPG.Lon	Queen's Pawn Game, Accelerated London	renamed	Queen's Pawn Game: Mason Variation	Queen's Pawn Game: Accelerated London System	2022-07-17	Niklas Fiekas	e676c7f8f	apply lichess-org/scalachess#300	https://github.com/lichess-org/chess-openings/commit/e676c7f8f	attested
C.Ita.Nd4	Italian Game, Blackburne-Kostić Gambit	renamed	Italian Game: Schilling-Kostic Gambit	Italian Game: Blackburne-Kostić Gambit	2022-08-26	Niklas Fiekas	6d17b857f	Kostic -> Kostić, tweak Blackburne Shilling Gambit (fixes #57)	https://github.com/lichess-org/chess-openings/commit/6d17b857f	attested
A.EID.Bg5	East Indian Defence, Torre Setup	renamed	Torre Attack	Torre Attack: Fianchetto Defense	2022-08-27	allanjoseph98	0cc89d93b	Torre Attack Ch. 4	https://github.com/lichess-org/chess-openings/commit/0cc89d93b	attested
A.Eng.Mye.d4	English Opening, Myers Gambit	renamed	English Opening: Myers Variation	English Opening: Myers Gambit	2022-08-27	allanjoseph98	b52bbe8c8	Myers variations changes ch.11	https://github.com/lichess-org/chess-openings/commit/b52bbe8c8	attested
A.Eng.Sym.Nc3.Nc6.g3	English Symmetrical Two Knights, g3	renamed	English Opening: Symmetrical Variation, Fianchetto Variation	English Opening: Symmetrical Variation, Two Knights, Fianchetto Variation	2022-08-27	allanjoseph98	f1c866726	Chapter 1 - Symmetrical Variation related changes	https://github.com/lichess-org/chess-openings/commit/f1c866726	attested
A.Eng.Sym.Nc3.Nc6.g3.Nf3	English Symmetrical Three Knights, Fianchetto	renamed	English Opening: Symmetrical Variation, Two Knights Line	English Opening: Symmetrical Variation, Three Knights, Fianchetto Variation	2022-08-27	allanjoseph98	f1c866726	Chapter 1 - Symmetrical Variation related changes	https://github.com/lichess-org/chess-openings/commit/f1c866726	attested
A.Tor	Torre Attack	renamed	Torre Attack	Torre Attack: Classical Defense	2022-08-27	allanjoseph98	0cc89d93b	Torre Attack Ch. 4	https://github.com/lichess-org/chess-openings/commit/0cc89d93b	attested
B.Mod.Std.Nc3.Mon	Modern Defence, Mongredien with Nc3	renamed	Modern Defense: Mongredien Defense	Modern Defense: Mongredien Defense, Nc3 Line	2022-08-27	allanjoseph98	debfdb6dc	Mongredien Defense renaming - Ch.8	https://github.com/lichess-org/chess-openings/commit/debfdb6dc	attested
B.Mod.Std.Nf3.b6	Modern Defence, Mongredien with Nf3	renamed	Modern Defense: Mongredien Defense	Modern Defense: Mongredien Defense, Nf3 Line	2022-08-27	allanjoseph98	debfdb6dc	Mongredien Defense renaming - Ch.8	https://github.com/lichess-org/chess-openings/commit/debfdb6dc	attested
B.Sic.Clo.Fch.Bot.e5	Closed Sicilian Botvinnik, e5 Line	renamed	Sicilian Defense: Closed, Botvinnik Defense	Sicilian Defense: Closed, Botvinnik Defense with f4	2022-08-27	allanjoseph98	4a81157d0	Sicilian Botvinnik Defense changes ch.12	https://github.com/lichess-org/chess-openings/commit/4a81157d0	attested
B.Sic.Clo.Fch.MLn.Nge2.e5	Closed Sicilian Fianchetto Nge2 Line, e5	renamed	Sicilian Defense: Closed, Botvinnik Defense	Sicilian Defense: Closed, Botvinnik Defense with Nge2	2022-08-27	allanjoseph98	4a81157d0	Sicilian Botvinnik Defense changes ch.12	https://github.com/lichess-org/chess-openings/commit/4a81157d0	attested
B.Sic.Mya	Sicilian, Myers Attack with a4	renamed	Sicilian Defense: Myers Attack	Sicilian Defense: Myers Attack, a4 Variation	2022-08-27	allanjoseph98	bbe19b4e2	Myers Attack renaming Ch.10	https://github.com/lichess-org/chess-openings/commit/bbe19b4e2	attested
B.Sic.Myh	Sicilian, Myers Attack with h4	renamed	Sicilian Defense: Myers Attack	Sicilian Defense: Myers Attack, h4 Variation	2022-08-27	allanjoseph98	bbe19b4e2	Myers Attack renaming Ch.10	https://github.com/lichess-org/chess-openings/commit/bbe19b4e2	attested
B.Sic.Naj.Eng.e6.Qd2	Sicilian Najdorf English e6, Qd2	renamed	Sicilian Defense: Scheveningen Variation, English Attack	Sicilian Defense: Scheveningen Variation, English Attack, Qd2 Line	2022-08-27	allanjoseph98	cd4963857	Scheveningen English Attack renaming	https://github.com/lichess-org/chess-openings/commit/cd4963857	attested
B.Sic.OKn.g6	Sicilian Open Knights, Accelerated Dragon	renamed	Sicilian Defense: Accelerated Dragon	Sicilian Defense: Dragon Variation, Accelerated Dragon	2022-08-27	allanjoseph98	a7032a12d	Dragon->Dragon Variation, Accelerated Dragon Ch.14	https://github.com/lichess-org/chess-openings/commit/a7032a12d	attested
C.Ita.Giu	Italian, Giuoco Piano	renamed	Giuoco Piano	Italian Game: Giuoco Piano	2022-08-28	hitansh1299	2c9915224	Completed changes in accordance with #56 regarding the Giuco Piano.	https://github.com/lichess-org/chess-openings/commit/2c9915224	attested
B.Sic.Tay.Nc3.Qc7.Be3	Taimanov Bastrikov, English Attack	renamed	Sicilian Defense: Taimanov Variation, Bastrikov Variation	Sicilian Defense: Taimanov Variation, Bastrikov Variation, English Attack	2022-09-02	allanjoseph98	d831c4f04	Bastrikov quickfix	https://github.com/lichess-org/chess-openings/commit/d831c4f04	attested
A.Eng.Sym.Nc3.Nc6.g3.e3	English Symmetrical Botvinnik Reversed, e3	renamed	English Opening: Symmetrical Variation, Botvinnik System Reversed, e3 Variation	English Opening: Symmetrical Variation, Botvinnik System Reversed, with e3	2022-09-06	Niklas Fiekas	3ee283fe6	consistently use ", with ..." for distinguishing moves (#55)	https://github.com/lichess-org/chess-openings/commit/3ee283fe6	attested
A.Eng.Sym.Nc3.Nc6.g3.e5	English Symmetrical Three Knights, e5 Line	renamed	English Opening: Symmetrical Variation, Botvinnik System Reversed, Nf3 Variation	English Opening: Symmetrical Variation, Botvinnik System Reversed, with Nf3	2022-09-06	Niklas Fiekas	3ee283fe6	consistently use ", with ..." for distinguishing moves (#55)	https://github.com/lichess-org/chess-openings/commit/3ee283fe6	attested
B.Mod.Std.Nc3.Mon	Modern Defence, Mongredien with Nc3	renamed	Modern Defense: Mongredien Defense, Nc3 Line	Modern Defense: Mongredien Defense, with Nc3	2022-09-06	Niklas Fiekas	3ee283fe6	consistently use ", with ..." for distinguishing moves (#55)	https://github.com/lichess-org/chess-openings/commit/3ee283fe6	attested
B.Mod.Std.Nf3.b6	Modern Defence, Mongredien with Nf3	renamed	Modern Defense: Mongredien Defense, Nf3 Line	Modern Defense: Mongredien Defense, with Nf3	2022-09-06	Niklas Fiekas	3ee283fe6	consistently use ", with ..." for distinguishing moves (#55)	https://github.com/lichess-org/chess-openings/commit/3ee283fe6	attested
B.Sic.Mya	Sicilian, Myers Attack with a4	renamed	Sicilian Defense: Myers Attack, a4 Variation	Sicilian Defense: Myers Attack, with a4	2022-09-06	Niklas Fiekas	3ee283fe6	consistently use ", with ..." for distinguishing moves (#55)	https://github.com/lichess-org/chess-openings/commit/3ee283fe6	attested
B.Sic.Myh	Sicilian, Myers Attack with h4	renamed	Sicilian Defense: Myers Attack, h4 Variation	Sicilian Defense: Myers Attack, with h4	2022-09-06	Niklas Fiekas	3ee283fe6	consistently use ", with ..." for distinguishing moves (#55)	https://github.com/lichess-org/chess-openings/commit/3ee283fe6	attested
B.Sic.Naj.Eng.e6.Qd2	Sicilian Najdorf English e6, Qd2	renamed	Sicilian Defense: Scheveningen Variation, English Attack, Qd2 Line	Sicilian Defense: Scheveningen Variation, English Attack, with Qd2	2022-09-06	Niklas Fiekas	3ee283fe6	consistently use ", with ..." for distinguishing moves (#55)	https://github.com/lichess-org/chess-openings/commit/3ee283fe6	attested
A.PQI	Pseudo-Queen's Indian Defence	renamed	Queen's Indian Defense	Pseudo Queen's Indian Defense	2022-09-08	allanjoseph98	1979a88fd	QID ->Pseudo QID. Marienbad:Berg->Marienbad system	https://github.com/lichess-org/chess-openings/commit/1979a88fd	attested
A.PQI.Fch.Ber	Pseudo-Queen's Indian Fianchetto, Berg Variation	renamed	Queen's Indian Defense: Marienbad System, Berg Variation	Marienbad System: Berg Variation	2022-09-08	allanjoseph98	1979a88fd	QID ->Pseudo QID. Marienbad:Berg->Marienbad system	https://github.com/lichess-org/chess-openings/commit/1979a88fd	attested
B.Fre.Nrm.a6	French Defence, St. George Defence	renamed	St. George Defense	French Defense: St. George Defense	2022-09-08	allanjoseph98	f3e14a312	C00 St. George defense -> French: St. George	https://github.com/lichess-org/chess-openings/commit/f3e14a312	attested
B.Fre.Nrm.a6.Nf3	St. George Defence, Traditional Line	renamed	St. George Defense: New St. George, Traditional Line	French Defense: St. George Defense,  Traditional Line	2022-09-08	allanjoseph98	f3e14a312	C00 St. George defense -> French: St. George	https://github.com/lichess-org/chess-openings/commit/f3e14a312	attested
B.Fre.Nrm.a6.c4	St. George Defence, Three Pawn Attack	renamed	St. George Defense: New St. George, Three Pawn Attack	French Defense: St. George Defense,  Three Pawn Attack	2022-09-08	allanjoseph98	f3e14a312	C00 St. George defense -> French: St. George	https://github.com/lichess-org/chess-openings/commit/f3e14a312	attested
B.Fre.Nrm.a6.c4.b5	St. George Defence, Sanky-George Gambit	renamed	St. George Defense: New St. George, Sanky-George Gambit	French Defense: St. George Defense,  Sanky-George Gambit	2022-09-08	allanjoseph98	f3e14a312	C00 St. George defense -> French: St. George	https://github.com/lichess-org/chess-openings/commit/f3e14a312	attested
B.Fre.Nrm.c5	French Defence, Franco-Sicilian	renamed	Queen's Pawn Game: Franco-Sicilian Defense	French Defense: Franco-Sicilian Defense	2022-09-08	allanjoseph98	7238071f8	QPG: Franco-Sicilian -> French Defense	https://github.com/lichess-org/chess-openings/commit/7238071f8	attested
B.Fre.Nf3.f5	French Knight Variation, Franco-Hiva Gambit	renamed	French Defense: Franco-Hiva Gambit	French Defense: Knight Variation, Franco-Hiva Gambit	2022-09-27	allanjoseph98	921becba7	French:Franco-Hiva changes	https://github.com/lichess-org/chess-openings/commit/921becba7	attested
B.Fre.d3.f5	French KIA, Franco-Hiva Gambit	renamed	French Defense: Franco-Hiva Gambit	French Defense: King's Indian Attack, Franco-Hiva Gambit	2022-09-27	allanjoseph98	921becba7	French:Franco-Hiva changes	https://github.com/lichess-org/chess-openings/commit/921becba7	attested
C.KGm.Acc.SBb	King's Gambit Accepted, Schurig Gambit with Bb5	renamed	King's Gambit Accepted: Schurig Gambit	King's Gambit Accepted: Schurig Gambit with Bb5	2022-10-03	allanjoseph98	05497f896	Schurig Gambit de-deduplication	https://github.com/lichess-org/chess-openings/commit/05497f896	attested
C.KGm.Acc.SBd	King's Gambit Accepted, Schurig Gambit with Bd3	renamed	King's Gambit Accepted: Schurig Gambit	King's Gambit Accepted: Schurig Gambit with Bd3	2022-10-03	allanjoseph98	05497f896	Schurig Gambit de-deduplication	https://github.com/lichess-org/chess-openings/commit/05497f896	attested
C.RyL.Brk	Ruy López, Breyer	renamed	Ruy Lopez: Morphy Defense, Breyer Defense	Ruy Lopez: Closed, Breyer Defense	2022-10-03	allanjoseph98	0d238523a	Lotsa closed Ruy lopez changes.	https://github.com/lichess-org/chess-openings/commit/0d238523a	attested
C.RyL.Brk.Qui	Ruy López Breyer, Quiet Variation	renamed	Ruy Lopez: Morphy Defense, Breyer Defense, Quiet Variation	Ruy Lopez: Closed, Breyer Defense, Quiet Variation	2022-10-03	allanjoseph98	0d238523a	Lotsa closed Ruy lopez changes.	https://github.com/lichess-org/chess-openings/commit/0d238523a	attested
C.RyL.Brk.d4.Nbd7	Ruy López Breyer d4, Nbd7	renamed	Ruy Lopez: Morphy Defense, Breyer Defense, Zaitsev Hybrid	Ruy Lopez: Closed, Breyer Defense, Zaitsev Hybrid	2022-10-03	allanjoseph98	0d238523a	Lotsa closed Ruy lopez changes.	https://github.com/lichess-org/chess-openings/commit/0d238523a	attested
C.RyL.Cha.Bc2	Ruy López Chigorin, Bc2	renamed	Ruy Lopez: Closed, Closed Defense	Ruy Lopez: Closed, Chigorin Defense	2022-10-03	allanjoseph98	0d238523a	Lotsa closed Ruy lopez changes.	https://github.com/lichess-org/chess-openings/commit/0d238523a	attested
C.RyL.Cha.MLn	Ruy López Chigorin, Main Line	renamed	Ruy Lopez: Closed, Closed Defense	Ruy Lopez: Closed, Chigorin Defense	2022-10-03	allanjoseph98	0d238523a	Lotsa closed Ruy lopez changes.	https://github.com/lichess-org/chess-openings/commit/0d238523a	attested
C.RyL.Cha.Pan	Ruy López Chigorin, Panov System	renamed	Ruy Lopez: Morphy Defense, Chigorin Defense, Panov System	Ruy Lopez: Closed, Chigorin Defense, Panov System	2022-10-03	allanjoseph98	0d238523a	Lotsa closed Ruy lopez changes.	https://github.com/lichess-org/chess-openings/commit/0d238523a	attested
C.RyL.Cls.Kho	Ruy López Closed, Kholmov System	renamed	Ruy Lopez: Closed, Keres Defense	Ruy Lopez: Closed, Karpov Variation	2022-10-03	allanjoseph98	0d238523a	Lotsa closed Ruy lopez changes.	https://github.com/lichess-org/chess-openings/commit/0d238523a	attested
C.RyL.Cls.c3.O-O	Ruy López Closed, Castled Main Line	renamed	Ruy Lopez: Closed, Closed Defense	Ruy Lopez: Closed	2022-10-03	allanjoseph98	0d238523a	Lotsa closed Ruy lopez changes.	https://github.com/lichess-org/chess-openings/commit/0d238523a	attested
C.Vie.Nc6.Alp	Vienna Gambit Max Lange, Hamppe-Allgaier Gambit, Alapin Variation	renamed	Vienna Game: Vienna Gambit, Hamppe-Allgaier Gambit, Alapin Variation	Vienna Gambit with Max Lange Defense: Hamppe-Allgaier Gambit, Alapin Variation	2022-10-03	allanjoseph98	ddf500db0	Vienna gambit changes	https://github.com/lichess-org/chess-openings/commit/ddf500db0	attested
C.Vie.Nc6.Frs	Vienna Gambit Max Lange, Steinitz Gambit, Fraser-Minckwitz Defence	renamed	Vienna Game: Vienna Gambit, Steinitz Gambit, Fraser-Minckwitz Defense	Vienna Gambit with Max Lange Defense: Steinitz Gambit, Fraser-Minckwitz Defense	2022-10-03	allanjoseph98	ddf500db0	Vienna gambit changes	https://github.com/lichess-org/chess-openings/commit/ddf500db0	attested
C.Vie.Nc6.HAg	Vienna Gambit Max Lange, Hamppe-Allgaier Gambit	renamed	Vienna Game: Vienna Gambit, Hamppe-Allgaier Gambit	Vienna Gambit with Max Lange Defense: Hamppe-Allgaier Gambit	2022-10-03	allanjoseph98	ddf500db0	Vienna gambit changes	https://github.com/lichess-org/chess-openings/commit/ddf500db0	attested
C.Vie.Nc6.HMz	Vienna Gambit Max Lange, Hamppe-Muzio Gambit	renamed	Vienna Game: Vienna Gambit, Hamppe-Muzio Gambit	Vienna Gambit with Max Lange Defense: Hamppe-Muzio Gambit	2022-10-03	allanjoseph98	ddf500db0	Vienna gambit changes	https://github.com/lichess-org/chess-openings/commit/ddf500db0	attested
C.Vie.Nc6.Pls	Vienna Gambit Max Lange, Steinitz Gambit, Paulsen Defence	renamed	Vienna Game: Vienna Gambit, Steinitz Gambit, Paulsen Defense	Vienna Gambit with Max Lange Defense: Steinitz Gambit, Paulsen Defense	2022-10-03	allanjoseph98	ddf500db0	Vienna gambit changes	https://github.com/lichess-org/chess-openings/commit/ddf500db0	attested
C.Vie.Nc6.Prc	Vienna Gambit Max Lange, Pierce Gambit	renamed	Vienna Game: Vienna Gambit, Pierce Gambit	Vienna Gambit with Max Lange Defense: Pierce Gambit	2022-10-03	allanjoseph98	ddf500db0	Vienna gambit changes	https://github.com/lichess-org/chess-openings/commit/ddf500db0	attested
C.Vie.Nc6.Srn	Vienna Gambit Max Lange, Steinitz Gambit, Sörensen Defence	renamed	Vienna Game: Vienna Gambit, Steinitz Gambit, Sörensen Defense	Vienna Gambit with Max Lange Defense: Steinitz Gambit, Sörensen Defense	2022-10-03	allanjoseph98	ddf500db0	Vienna gambit changes	https://github.com/lichess-org/chess-openings/commit/ddf500db0	attested
C.Vie.Nc6.Thr	Vienna Gambit Max Lange, Hamppe-Allgaier Gambit, Thorold Variation	renamed	Vienna Game: Vienna Gambit, Hamppe-Allgaier Gambit, Thorold Variation	Vienna Gambit with Max Lange Defense: Hamppe-Allgaier Gambit, Thorold Variation	2022-10-03	allanjoseph98	ddf500db0	Vienna gambit changes	https://github.com/lichess-org/chess-openings/commit/ddf500db0	attested
C.Vie.Nc6.Zkr	Vienna Gambit Max Lange, Steinitz Gambit, Zukertort Defence	renamed	Vienna Game: Vienna Gambit, Steinitz Gambit, Zukertort Defense	Vienna Gambit with Max Lange Defense: Steinitz Gambit, Zukertort Defense	2022-10-03	allanjoseph98	ddf500db0	Vienna gambit changes	https://github.com/lichess-org/chess-openings/commit/ddf500db0	attested
C.Vie.Nc6.f4	Vienna Gambit, Max Lange Defence	renamed	Vienna Game: Vienna Gambit	Vienna Gambit with Max Lange Defense	2022-10-03	allanjoseph98	ddf500db0	Vienna gambit changes	https://github.com/lichess-org/chess-openings/commit/ddf500db0	attested
C.Vie.Nc6.f4.Bc5	Vienna Gambit, Quelle Gambit	renamed	Vienna Game: Vienna Gambit, Quelle Gambit	Vienna Gambit with Max Lange Defense: Quelle Gambit	2022-10-03	allanjoseph98	ddf500db0	Vienna gambit changes	https://github.com/lichess-org/chess-openings/commit/ddf500db0	attested
C.Vie.Nc6.f4.exf4.Nf3	Vienna Gambit Max Lange, Knight Variation	renamed	Vienna Game: Vienna Gambit, Steinitz Gambit, Knight Variation	Vienna Gambit with Max Lange Defense: Knight Variation	2022-10-03	allanjoseph98	ddf500db0	Vienna gambit changes	https://github.com/lichess-org/chess-openings/commit/ddf500db0	attested
C.Vie.Nc6.f4.exf4.Nf3.Be7	Vienna Gambit Max Lange, Cunningham Defence	renamed	Vienna Game: Vienna Gambit, Cunningham Defense	Vienna Gambit with Max Lange Defense: Cunningham Defense	2022-10-03	allanjoseph98	ddf500db0	Vienna gambit changes	https://github.com/lichess-org/chess-openings/commit/ddf500db0	attested
C.Vie.Nc6.f4.exf4.d4	Vienna Gambit, Steinitz Gambit	renamed	Vienna Game: Vienna Gambit, Steinitz Gambit	Vienna Gambit with Max Lange Defense: Steinitz Gambit	2022-10-03	allanjoseph98	ddf500db0	Vienna gambit changes	https://github.com/lichess-org/chess-openings/commit/ddf500db0	attested
C.Vie.Nc6.f4.exf4.d4.Qh4	Vienna Steinitz Gambit, Main Line	renamed	Vienna Game: Vienna Gambit, Steinitz Gambit, Main Line	Vienna Gambit with Max Lange Defense: Steinitz Gambit, Main Line	2022-10-03	allanjoseph98	ddf500db0	Vienna gambit changes	https://github.com/lichess-org/chess-openings/commit/ddf500db0	attested
C.Ita.Two.Opn.d6	Two Knights Open, Scotch Invitation Declined	renamed	Italian Game: Scotch Gambit Declined	Italian Game: Scotch Invitation Declined	2022-10-04	allanjoseph98	102f9e91e	Italian: Scotch Gambit declined changes	https://github.com/lichess-org/chess-openings/commit/102f9e91e	attested
E.Gru.Neo	Neo-Grünfeld Defence	renamed	Neo-Grünfeld Defense	Neo-Grünfeld Defense with g3	2022-10-06	allanjoseph98	30443fabe	Neo-Grünfeld changes	https://github.com/lichess-org/chess-openings/commit/30443fabe	attested
A.Bar	Barnes Opening	renamed	Gedult's Opening	Barnes Opening	2022-10-12	allanjoseph98	26c4aafb7	Gedult->Barnes	https://github.com/lichess-org/chess-openings/commit/26c4aafb7	attested
A.Bir.f5.d4.d5	Bird Opening Double Dutch	renamed	System: Double Duck Formation	Bird Opening: Double Duck Formation	2022-10-12	allanjoseph98	3b6c48d31	Reunite double duck with mama bird	https://github.com/lichess-org/chess-openings/commit/3b6c48d31	attested
A.OID.e5.dxe5.Be6	Old Indian English Rat, Pounds Gambit	renamed	English Rat: Pounds Gambit	Rat Defense: English Rat, Pounds Gambit	2022-10-12	allanjoseph98	59a5e305e	English rat->Rat defense	https://github.com/lichess-org/chess-openings/commit/59a5e305e	attested
A.QPO.Nf6.g4	Queen's Pawn Opening, Nf6 g4	renamed	Bronstein Gambit	Indian Defense: Gibbins-Weidenhagen Gambit	2022-10-12	allanjoseph98	af400863f	Bronstein gambit->Gibbins. +Correct Weidenhagen spelling	https://github.com/lichess-org/chess-openings/commit/af400863f	attested
A.QPO.g6	Queen's Pawn Opening, Modern Defence	renamed	Modern Defense	Queen's Pawn Game: Modern Defense	2022-10-12	allanjoseph98	68d687965	d4 Modern ->QPG:Modern	https://github.com/lichess-org/chess-openings/commit/68d687965	attested
B.Brg.Zil	Borg Defence, Zilbermints Gambit	renamed	Borg Opening: Zilbermints Gambit	Borg Defense: Zilbermints Gambit	2022-10-12	allanjoseph98	c55afbc97	Borg Opening->Defense fix	https://github.com/lichess-org/chess-openings/commit/c55afbc97	attested
D.QGA.Cls.Ale.MLn	QGA Classical Alekhine, Main Line	renamed	Queen's Gambit Accepted: Classical Defense, Alekhine System, No Main Line	Queen's Gambit Accepted: Classical Defense, Alekhine System	2022-10-12	allanjoseph98	c4c142829	Remove wrong "No Main line" from QGA Alekhine	https://github.com/lichess-org/chess-openings/commit/c4c142829	attested
D.QPG.Ver.c5.Bxf6.gxf6.e4	Veresov Malich, e4 Line	renamed	Veresov Opening: Malich Gambit	Richter-Veresov Attack: Malich Gambit	2022-10-12	allanjoseph98	940717233	Veresov->Richter-Veresov	https://github.com/lichess-org/chess-openings/commit/940717233	attested
D.QPG.Ver.Ric.Bf5.Bxf6	Veresov Richter Bf5, Bxf6 Line	renamed	Queen's Pawn Game: Veresov Attack, Veresov Variation	Richter-Veresov Attack: Veresov Variation	2022-11-30	SandroMartens	e47d4e16b	qpg: Veresov Attack -> Richter-Veresov Attack	https://github.com/lichess-org/chess-openings/commit/e47d4e16b	attested
D.Bgm.Acc.Bog.MLn.Klo	Blackmar-Diemer Bogoljubow, Kloss Attack	renamed	Blackmar-Diemer Gambit: Bogoljubov Variation, Kloss Attack	Blackmar-Diemer Gambit: Bogoljubow Defense, Kloss Attack	2022-12-05	Alexandru Duca	3bbfd2510	Update d.tsv	https://github.com/lichess-org/chess-openings/commit/3bbfd2510	attested
D.Bgm.Acc.Bog.MLn.Ne5	Blackmar-Diemer Bogoljubow, Nimzowitsch Attack	renamed	Blackmar-Diemer Gambit: Bogoljubov Variation, Nimzowitsch Attack	Blackmar-Diemer Gambit: Bogoljubow Defense, Nimzowitsch Attack	2022-12-05	Alexandru Duca	3bbfd2510	Update d.tsv	https://github.com/lichess-org/chess-openings/commit/3bbfd2510	attested
D.Bgm.Acc.Bog	Blackmar-Diemer Accepted, Bogoljubow Defence	renamed	Blackmar-Diemer Gambit: Bogoljubow Defense	Blackmar-Diemer Gambit Accepted: Bogoljubow Defense	2022-12-07	Alexandru Duca	8cacba37f	BDG Variations Categorized	https://github.com/lichess-org/chess-openings/commit/8cacba37f	attested
D.Bgm.Acc.Bog.MLn.Klo	Blackmar-Diemer Bogoljubow, Kloss Attack	renamed	Blackmar-Diemer Gambit: Bogoljubow Defense, Kloss Attack	Blackmar-Diemer Gambit Accepted: Bogoljubow Defense, Kloss Attack	2022-12-07	Alexandru Duca	8cacba37f	BDG Variations Categorized	https://github.com/lichess-org/chess-openings/commit/8cacba37f	attested
D.Bgm.Acc.Bog.MLn.Stu	Blackmar-Diemer Bogoljubow, Studier Attack	renamed	Blackmar-Diemer Gambit: Bogoljubow Defense, Studier Attack	Blackmar-Diemer Gambit Accepted: Bogoljubow Defense, Studier Attack	2022-12-07	Alexandru Duca	8cacba37f	BDG Variations Categorized	https://github.com/lichess-org/chess-openings/commit/8cacba37f	attested
D.Bgm.Acc.Bog.MLn.h4	Blackmar-Diemer Bogoljubow, Mad Dog Attack	renamed	Blackmar-Diemer Gambit: Bogoljubow Defense, Mad Dog Attack	Blackmar-Diemer Gambit Accepted: Bogoljubow Defense, Mad Dog Attack	2022-12-07	Alexandru Duca	8cacba37f	BDG Variations Categorized	https://github.com/lichess-org/chess-openings/commit/8cacba37f	attested
D.Bgm.Acc.Euw	Blackmar-Diemer Accepted, Euwe Defence	renamed	Blackmar-Diemer Gambit: Euwe Defense	Blackmar-Diemer Gambit Accepted: Euwe Defense	2022-12-07	Alexandru Duca	8cacba37f	BDG Variations Categorized	https://github.com/lichess-org/chess-openings/commit/8cacba37f	attested
D.Bgm.Acc.Euw.Zil	Blackmar-Diemer Euwe, Zilbermints Gambit	renamed	Blackmar-Diemer Gambit: Euwe Defense, Zilbermints Gambit	Blackmar-Diemer Gambit Accepted: Euwe Defense, Zilbermints Gambit	2022-12-07	Alexandru Duca	8cacba37f	BDG Variations Categorized	https://github.com/lichess-org/chess-openings/commit/8cacba37f	attested
D.Bgm.Acc.Gun	Blackmar-Diemer Accepted, Gunderam Defence	renamed	Blackmar-Diemer Gambit: Tartakower Variation	Blackmar-Diemer Gambit Accepted: Tartakower Variation	2022-12-07	Alexandru Duca	8cacba37f	BDG Variations Categorized	https://github.com/lichess-org/chess-openings/commit/8cacba37f	attested
D.Bgm.Acc.Nxf3.Nbd7	Blackmar-Diemer Nxf3, Schlutter	renamed	Blackmar-Diemer Gambit: Schlutter Defense	Blackmar-Diemer Gambit Accepted: Schlutter Defense	2022-12-07	Alexandru Duca	8cacba37f	BDG Variations Categorized	https://github.com/lichess-org/chess-openings/commit/8cacba37f	attested
D.Bgm.Acc.Nxf3.Nc6	Blackmar-Diemer Nxf3, Pietrowsky	renamed	Blackmar-Diemer Gambit: Pietrowsky Defense	Blackmar-Diemer Gambit Accepted: Pietrowsky Defense	2022-12-07	Alexandru Duca	8cacba37f	BDG Variations Categorized	https://github.com/lichess-org/chess-openings/commit/8cacba37f	attested
D.Bgm.Acc.Nxf3.b6	Blackmar-Diemer Nxf3, Ritter	renamed	Blackmar-Diemer Gambit: Ritter Defense	Blackmar-Diemer Gambit Accepted: Ritter Defense	2022-12-07	Alexandru Duca	8cacba37f	BDG Variations Categorized	https://github.com/lichess-org/chess-openings/commit/8cacba37f	attested
D.Bgm.Acc.Nxf3.c5	Blackmar-Diemer Nxf3, Kaulich	renamed	Blackmar-Diemer Gambit: Kaulich Defense	Blackmar-Diemer Gambit Accepted: Kaulich Defense	2022-12-07	Alexandru Duca	8cacba37f	BDG Variations Categorized	https://github.com/lichess-org/chess-openings/commit/8cacba37f	attested
D.Bgm.Acc.Ryd	Blackmar-Diemer Accepted, Ryder Gambit	renamed	Blackmar-Diemer Gambit: Ryder Gambit	Blackmar-Diemer Gambit Accepted: Ryder Gambit	2022-12-07	Alexandru Duca	8cacba37f	BDG Variations Categorized	https://github.com/lichess-org/chess-openings/commit/8cacba37f	attested
D.Bgm.Acc.Tei	Blackmar-Diemer Accepted, Teichmann Defence	renamed	Blackmar-Diemer Gambit: Teichmann Variation	Blackmar-Diemer Gambit Accepted: Teichmann Variation	2022-12-07	Alexandru Duca	8cacba37f	BDG Variations Categorized	https://github.com/lichess-org/chess-openings/commit/8cacba37f	attested
D.Bgm.Acc.Zie	Blackmar-Diemer Accepted, Ziegler Defence	renamed	Blackmar-Diemer Gambit: Ziegler Defense	Blackmar-Diemer Gambit Accepted: Ziegler Defense	2022-12-07	Alexandru Duca	8cacba37f	BDG Variations Categorized	https://github.com/lichess-org/chess-openings/commit/8cacba37f	attested
D.Bgm.Cap.Nc3.Nf6.f3.Bf5	Blackmar-Diemer Gambit, Vienna Defence	renamed	Blackmar-Diemer Gambit: Vienna Variation	Blackmar-Diemer Gambit Declined: Vienna Variation	2022-12-07	Alexandru Duca	8cacba37f	BDG Variations Categorized	https://github.com/lichess-org/chess-openings/commit/8cacba37f	attested
B.Sca.Por	Scandinavian, Portuguese	renamed	Scandinavian Defense: Portuguese Variation	Scandinavian Defense: Portuguese Gambit	2022-12-09	Alexandru Duca	9f7632e84	Scandinavian Defense: Portuguese Gambit	https://github.com/lichess-org/chess-openings/commit/9f7632e84	attested
A.QPO.Nf6.Nc3.d5.e4	Queen's Pawn Nf6 Nc3 d5, Hübsch Gambit	renamed	Blackmar-Diemer Gambit	Queen's Pawn Game: Hübsch Gambit	2022-12-11	Alexandru Duca	1502de78e	Blackmar-Diemer Gambit Overhaul	https://github.com/lichess-org/chess-openings/commit/1502de78e	attested
D.Bgm.Acc.Gun	Blackmar-Diemer Accepted, Gunderam Defence	renamed	Blackmar-Diemer Gambit Accepted: Tartakower Variation	Blackmar-Diemer Gambit Accepted: Gunderam Defense	2022-12-11	Alexandru Duca	1502de78e	Blackmar-Diemer Gambit Overhaul	https://github.com/lichess-org/chess-openings/commit/1502de78e	attested
D.Bgm.Acc.Tei	Blackmar-Diemer Accepted, Teichmann Defence	renamed	Blackmar-Diemer Gambit Accepted: Teichmann Variation	Blackmar-Diemer Gambit Accepted: Teichmann Defense	2022-12-11	Alexandru Duca	1502de78e	Blackmar-Diemer Gambit Overhaul	https://github.com/lichess-org/chess-openings/commit/1502de78e	attested
D.Bgm.Cap.Nc3.Nf6.f3.Bf5	Blackmar-Diemer Gambit, Vienna Defence	renamed	Blackmar-Diemer Gambit Declined: Vienna Variation	Blackmar-Diemer Gambit Declined: Vienna Defense	2022-12-11	Alexandru Duca	1502de78e	Blackmar-Diemer Gambit Overhaul	https://github.com/lichess-org/chess-openings/commit/1502de78e	attested
D.Bgm.Cap.Nc3.Nf6.f3.e6	Blackmar-Diemer Gambit, Weinsbach Defence	renamed	Blackmar-Diemer Gambit Declined: Weinsbach Declination	Blackmar-Diemer Gambit Declined: Weinsbach Defense	2022-12-11	Alexandru Duca	1502de78e	Blackmar-Diemer Gambit Overhaul	https://github.com/lichess-org/chess-openings/commit/1502de78e	attested
D.Bgm.Cap.Nc3.e5.Nxe4	BDG Lemberger, Lange Gambit	renamed	Blackmar-Diemer Gambit: Lemberger Countergambit, Simple Variation	Blackmar-Diemer Gambit: Lemberger Countergambit, Lange Gambit	2022-12-11	Alexandru Duca	1502de78e	Blackmar-Diemer Gambit Overhaul	https://github.com/lichess-org/chess-openings/commit/1502de78e	attested
D.Bgm.Cap.f3	Blackmar-Diemer Gambit, Blackmar Gambit	renamed	Blackmar-Diemer Gambit: Gedult Gambit	Blackmar-Diemer Gambit: Blackmar Gambit	2022-12-11	Alexandru Duca	1502de78e	Blackmar-Diemer Gambit Overhaul	https://github.com/lichess-org/chess-openings/commit/1502de78e	attested
B.Sic.Cze.Euw	Sicilian Czerniak, Euwe-Prins Gambit	renamed	Caro-Kann Defense: Euwe Attack, Prins Gambit	Sicilian Defense: Euwe Attack, Prins Gambit	2022-12-23	cmgchess	8add51106	fix #80	https://github.com/lichess-org/chess-openings/commit/8add51106	attested
B.Sic.Mor	Sicilian Moscow	renamed	Sicilian Defense: Moscow Variation	Sicilian Defense: Canal Attack,	2022-12-26	cygnet38	b823e646c	Moscow Variation -> Canal Attack	https://github.com/lichess-org/chess-openings/commit/b823e646c	attested
B.Sic.Mor.Bd7.MLn.c4	Sicilian Moscow Bd7 Main Line, c4	renamed	Sicilian Defense: Moscow Variation, Sokolsky Variation	Sicilian Defense: Canal Attack, Sokolsky Variation	2022-12-26	cygnet38	b823e646c	Moscow Variation -> Canal Attack	https://github.com/lichess-org/chess-openings/commit/b823e646c	attested
B.Sic.Acc.Mar.Bg7	Accelerated Dragon Maróczy, Bg7	renamed	Sicilian Defense: Accelerated Fianchetto, Maróczy Bind	Sicilian Defense: Accelerated Dragon, Maróczy Bind	2022-12-27	Patrick Missey	6c10b2324	Accelerated Fianchetto -> Accelerated Dragon	https://github.com/lichess-org/chess-openings/commit/6c10b2324	attested
B.Sic.Mor	Sicilian Moscow	renamed	Sicilian Defense: Canal Attack	Sicilian Defense: Moscow Variation	2022-12-27	Patrick Missey	353f8f03e	Canal Attack -> Moscow Variation	https://github.com/lichess-org/chess-openings/commit/353f8f03e	attested
B.Sic.Mor.Bd7	Sicilian Moscow, 3...Bd7	renamed	Sicilian Defense: Canal Attack, Main Line	Sicilian Defense: Moscow Variation, Main Line	2022-12-27	Patrick Missey	353f8f03e	Canal Attack -> Moscow Variation	https://github.com/lichess-org/chess-openings/commit/353f8f03e	attested
B.Sic.Mor.Bd7.MLn.c4	Sicilian Moscow Bd7 Main Line, c4	renamed	Sicilian Defense: Canal Attack, Sokolsky Variation	Sicilian Defense: Moscow Variation, Sokolsky Variation	2022-12-27	Patrick Missey	353f8f03e	Canal Attack -> Moscow Variation	https://github.com/lichess-org/chess-openings/commit/353f8f03e	attested
B.Sic.Mor.Dfg	Sicilian Moscow, Dorfman Gambit	renamed	Sicilian Defense: Canal Attack, Dorfman Gambit	Sicilian Defense: Moscow Variation, Dorfman Gambit	2022-12-27	Patrick Missey	353f8f03e	Canal Attack -> Moscow Variation	https://github.com/lichess-org/chess-openings/commit/353f8f03e	attested
B.Sic.Mor.Gmb	Sicilian Moscow, Moscow Gambit	renamed	Sicilian Defense: Canal Attack, Moscow Gambit	Sicilian Defense: Moscow Variation, Moscow Gambit	2022-12-27	Patrick Missey	353f8f03e	Canal Attack -> Moscow Variation	https://github.com/lichess-org/chess-openings/commit/353f8f03e	attested
D.QPG.Lon.Stn	Accelerated London, Steinitz Countergambit	renamed	Queen's Pawn Game: Steinitz Countergambit	Queen's Pawn Game: Accelerated London System, Steinitz Countergambit	2022-12-29	SandroMartens	177f57fa5	Put morris and steinitz countergambits in sub lines of the london system	https://github.com/lichess-org/chess-openings/commit/177f57fa5	attested
D.QPG.Lon.Stn.e4	Accelerated London Steinitz, Morris Countergambit	renamed	Queen's Pawn Game: Morris Countergambit	Queen's Pawn Game: Accelerated London System, Steinitz Countergambit, Morris Countergambit	2022-12-29	SandroMartens	177f57fa5	Put morris and steinitz countergambits in sub lines of the london system	https://github.com/lichess-org/chess-openings/commit/177f57fa5	attested
E.QID.Mod	QID, Modern	renamed	Queen's Indian Defense: Fianchetto Traditional	Queen's Indian Defense: Fianchetto Variation, Traditional Line	2022-12-29	Patrick Missey	0eb0c705a	Missing Comma	https://github.com/lichess-org/chess-openings/commit/0eb0c705a	attested
B.KPG	King's Pawn Opening	renamed	King's Pawn	King's Pawn Game	2023-01-16	Niklas Fiekas	5ee7062fc	1. e4 is already King's Pawn Game	https://github.com/lichess-org/chess-openings/commit/5ee7062fc	attested
A.Hol.Sto.c4.Nc3.Bg5	Dutch Stonewall, Chekhover Variation	renamed	Dutch Defense: Stonewall, Chekhover Variation	Dutch Defense: Stonewall Variation, Chekhover Variation	2023-04-04	SebasF	7f4f1aede	update dutch stonewall	https://github.com/lichess-org/chess-openings/commit/7f4f1aede	attested
C.Fou.Spa.Cls.MLn.Bar	Four Knights Game, Spanish Variation, Bardeleben Variation	renamed	Four Knights Game: Bardeleben Variation	Four Knights Game: Spanish Variation, Bardeleben Variation	2023-04-04	SebasF	255bf65d6	Four Knights Game: Spanish Variation fixes	https://github.com/lichess-org/chess-openings/commit/255bf65d6	attested
C.Fou.Spa.Dbl	Four Knights Spanish, Double Spanish	renamed	Four Knights Game: Double Spanish	Four Knights Game: Spanish Variation, Double Spanish	2023-04-04	SebasF	255bf65d6	Four Knights Game: Spanish Variation fixes	https://github.com/lichess-org/chess-openings/commit/255bf65d6	attested
C.Fou.Spa.Dbl.MLn.Blk	Four Knights, Spanish Variation, Symmetrical Variation, Blake Variation	renamed	Four Knights Game: Symmetrical, Blake Variation	Four Knights Game: Spanish Variation, Symmetrical, Blake Variation	2023-04-04	SebasF	255bf65d6	Four Knights Game: Spanish Variation fixes	https://github.com/lichess-org/chess-openings/commit/255bf65d6	attested
C.Fou.Spa.Dbl.MLn.Bxc6	Four Knights Double Spanish, Nimzowitsch Variation	renamed	Four Knights Game: Nimzowitsch Variation	Four Knights Game: Spanish Variation, Nimzowitsch Variation	2023-04-04	SebasF	255bf65d6	Four Knights Game: Spanish Variation fixes	https://github.com/lichess-org/chess-openings/commit/255bf65d6	attested
C.Fou.Spa.Dbl.MLn.Jan	Four Knights Double Spanish, Janowski Variation	renamed	Four Knights Game: Janowski Variation	Four Knights Game: Spanish Variation, Janowski Variation	2023-04-04	SebasF	255bf65d6	Four Knights Game: Spanish Variation fixes	https://github.com/lichess-org/chess-openings/commit/255bf65d6	attested
C.Fou.Spa.Dbl.MLn.Met	Four Knights, Spanish Variation, Symmetrical Variation, Metger Unpin	renamed	Four Knights Game: Symmetrical, Metger Unpin	Four Knights Game: Spanish Variation, Symmetrical, Metger Unpin	2023-04-04	SebasF	255bf65d6	Four Knights Game: Spanish Variation fixes	https://github.com/lichess-org/chess-openings/commit/255bf65d6	attested
C.Fou.Spa.Dbl.MLn.Svn	Four Knights Double Spanish, Svenonius Variation	renamed	Four Knights Game: Svenonius Variation	Four Knights Game: Spanish Variation, Svenonius Variation	2023-04-04	SebasF	255bf65d6	Four Knights Game: Spanish Variation fixes	https://github.com/lichess-org/chess-openings/commit/255bf65d6	attested
C.Fou.Spa.Dbl.MLn.Tar	Four Knights, Spanish Variation, Symmetrical Variation, Tarrasch Variation	renamed	Four Knights Game: Symmetrical, Tarrasch Variation	Four Knights Game: Spanish Variation, Symmetrical, Tarrasch Variation	2023-04-04	SebasF	255bf65d6	Four Knights Game: Spanish Variation fixes	https://github.com/lichess-org/chess-openings/commit/255bf65d6	attested
C.Fou.Spa.Dbl.MLn.d3	Four Knights Double Spanish Main Line, d3	renamed	Four Knights Game: Double Spanish	Four Knights Game: Spanish Variation, Double Spanish	2023-04-04	SebasF	255bf65d6	Four Knights Game: Spanish Variation fixes	https://github.com/lichess-org/chess-openings/commit/255bf65d6	attested
C.Fou.Spa.Ran	Four Knights Spanish, Ranken Variation	renamed	Four Knights Game: Ranken Variation	Four Knights Game: Spanish Variation, Ranken Variation	2023-04-04	SebasF	255bf65d6	Four Knights Game: Spanish Variation fixes	https://github.com/lichess-org/chess-openings/commit/255bf65d6	attested
C.Fou.Spa.Rub.Be2	Four Knights Rubinstein, Be2	renamed	Four Knights Game: Rubinstein Countergambit	Four Knights Game: Spanish Variation, Rubinstein Variation	2023-04-04	SebasF	255bf65d6	Four Knights Game: Spanish Variation fixes	https://github.com/lichess-org/chess-openings/commit/255bf65d6	attested
C.Fou.Spa.Rub.MLn.Mar	Four Knights Game, Spanish Variation, Rubinstein Variation, Marshall Gambit	renamed	Four Knights Game: Spanish Variation, Classical Variation, Marshall Gambit	Four Knights Game: Spanish Variation, Rubinstein Variation, Marshall Gambit	2023-04-04	SebasF	255bf65d6	Four Knights Game: Spanish Variation fixes	https://github.com/lichess-org/chess-openings/commit/255bf65d6	attested
C.Fou.Spa.Spl	Four Knights Spanish, Spielmann Variation	renamed	Four Knights Game: Spielmann Variation	Four Knights Game: Spanish Variation, Spielmann Variation	2023-04-04	SebasF	255bf65d6	Four Knights Game: Spanish Variation fixes	https://github.com/lichess-org/chess-openings/commit/255bf65d6	attested
C.Pet.Thr.Fou.Gun	Four Knights Spanish, Gunsberg Counterattack	renamed	Four Knights Game: Gunsberg Counterattack	Four Knights Game: Spanish Variation, Gunsberg Counterattack	2023-04-04	SebasF	255bf65d6	Four Knights Game: Spanish Variation fixes	https://github.com/lichess-org/chess-openings/commit/255bf65d6	attested
C.Fou.Spa.Dbl.MLn.Blk	Four Knights, Spanish Variation, Symmetrical Variation, Blake Variation	renamed	Four Knights Game: Spanish Variation, Symmetrical, Blake Variation	Four Knights Game: Spanish Variation, Symmetrical Variation, Blake Variation	2023-04-08	Niklas Fiekas	3d8f1fe0a	consistently use Symmetrical Variation	https://github.com/lichess-org/chess-openings/commit/3d8f1fe0a	attested
C.Fou.Spa.Dbl.MLn.Met	Four Knights, Spanish Variation, Symmetrical Variation, Metger Unpin	renamed	Four Knights Game: Spanish Variation, Symmetrical, Metger Unpin	Four Knights Game: Spanish Variation, Symmetrical Variation, Metger Unpin	2023-04-08	Niklas Fiekas	3d8f1fe0a	consistently use Symmetrical Variation	https://github.com/lichess-org/chess-openings/commit/3d8f1fe0a	attested
D.Sla.Che	Slav, Chebanenko	renamed	Slav Defense: Chameleon Variation	Slav Defense: Chebanenko-Chameleon Variation	2023-07-24	sergi-nda	180e888de	Update d.tsv	https://github.com/lichess-org/chess-openings/commit/180e888de	attested
D.Sla.Che.Adv	Slav Chebanenko, Advance System	renamed	Slav Defense: Chameleon Variation, Advance System	Slav Defense: Chebanenko-Chameleon Variation, Advance System	2023-07-24	sergi-nda	180e888de	Update d.tsv	https://github.com/lichess-org/chess-openings/commit/180e888de	attested
D.Sla.Che	Slav, Chebanenko	renamed	Slav Defense: Chebanenko-Chameleon Variation	Slav Defense: Chebanenko Variation	2023-07-25	Niklas Fiekas	70e05585d	Chebanenko-Chameleon -> Chebanenko	https://github.com/lichess-org/chess-openings/commit/70e05585d	attested
D.Sla.Che.Adv	Slav Chebanenko, Advance System	renamed	Slav Defense: Chebanenko-Chameleon Variation, Advance System	Slav Defense: Chebanenko Variation, Advance System	2023-07-25	Niklas Fiekas	70e05585d	Chebanenko-Chameleon -> Chebanenko	https://github.com/lichess-org/chess-openings/commit/70e05585d	attested
B.Sic.Alp.Dd6.MLn.Nc6.BPD	Delayed Alapin Basman-Palatnik Double Gambit	renamed	Sicilian Defense: Delayed Alapin, Basman-Palatnik Double Gambit	Sicilian Defense: Delayed Alapin Variation, Basman-Palatnik Double Gambit	2023-08-22	Niklas Fiekas	0024dd4b3	fix Delayed Alapin consistency (fixes #127)	https://github.com/lichess-org/chess-openings/commit/0024dd4b3	attested
B.Sic.Alp.Dd6.MLn.Nc6.BPg	Delayed Alapin Basman-Palatnik Gambit	renamed	Sicilian Defense: Delayed Alapin, Basman-Palatnik Gambit	Sicilian Defense: Delayed Alapin Variation, Basman-Palatnik Gambit	2023-08-22	Niklas Fiekas	0024dd4b3	fix Delayed Alapin consistency (fixes #127)	https://github.com/lichess-org/chess-openings/commit/0024dd4b3	attested
B.Sic.Fre.c3	Sicilian French, Delayed Alapin	renamed	Sicilian Defense: Delayed Alapin Variation	Sicilian Defense: Delayed Alapin Variation, with e6	2023-08-22	Niklas Fiekas	0024dd4b3	fix Delayed Alapin consistency (fixes #127)	https://github.com/lichess-org/chess-openings/commit/0024dd4b3	attested
B.Sic.Mod.c3	Sicilian Modern, Delayed Alapin	renamed	Sicilian Defense: Delayed Alapin	Sicilian Defense: Delayed Alapin Variation, with d6	2023-08-22	Niklas Fiekas	0024dd4b3	fix Delayed Alapin consistency (fixes #127)	https://github.com/lichess-org/chess-openings/commit/0024dd4b3	attested
B.Sic.Old.Nc3.Bc4.Nf6	Anti-Sveshnikov, Nf6 Line	renamed	Sicilian Defense: Closed, Anti-Sveshnikov Variation	Sicilian Defense: Closed, Anti-Sveshnikov Variation with .. Nf6	2023-10-28	Jon Dart	92faa4749	add unique descriptor for anti-Sveshnikov lines	https://github.com/lichess-org/chess-openings/commit/92faa4749	attested
B.Sic.Old.Nc3.Bc4.d6	Anti-Sveshnikov, d6 Line	renamed	Sicilian Defense: Closed, Anti-Sveshnikov Variation	Sicilian Defense: Closed, Anti-Sveshnikov Variation with .. d6	2023-10-28	Jon Dart	92faa4749	add unique descriptor for anti-Sveshnikov lines	https://github.com/lichess-org/chess-openings/commit/92faa4749	attested
C.Ita.Giu.Eis	Italian Giuoco Piano, Eisinger Variation	renamed	Italian Game: Giuoco Piano, Eisinger Variation	Italian Game: Classical Variation, Eisinger Variation	2023-11-18	Jon Dart	893f138a4	fix classification for Giuoco Piano/Two Knights (C53-C56), add some positions	https://github.com/lichess-org/chess-openings/commit/893f138a4	attested
C.Ita.Giu.Grc.Ghu	Italian, Classical Variation, Ghulam-Kassim Variation	renamed	Italian Game: Giuoco Piano, Ghulam-Kassim Variation	Italian Game: Classical Variation, Ghulam-Kassim Variation	2023-11-18	Jon Dart	893f138a4	fix classification for Giuoco Piano/Two Knights (C53-C56), add some positions	https://github.com/lichess-org/chess-openings/commit/893f138a4	attested
C.Ita.Giu.Mes	Italian Giuoco Piano, Mestel Variation	renamed	Italian Game: Giuoco Piano, Mestel Variation	Italian Game: Classical Variation, Mestel Variation	2023-11-18	Jon Dart	893f138a4	fix classification for Giuoco Piano/Two Knights (C53-C56), add some positions	https://github.com/lichess-org/chess-openings/commit/893f138a4	attested
C.Ita.Two.O-O.Bc5.Bg5	Italian Two Knights Castled, Bg5 Line	renamed	Italian Game: Giuoco Piano	Italian Game: Two Knights Defense	2023-11-18	Jon Dart	893f138a4	fix classification for Giuoco Piano/Two Knights (C53-C56), add some positions	https://github.com/lichess-org/chess-openings/commit/893f138a4	attested
D.QPG.Chi.e6.Bf4	Queen's Pawn Chigorin, Rapport-Jobava	renamed	Rapport-Jobava System	Rapport-Jobava System, with e6	2023-12-17	Niklas Fiekas	f34713b71	ensure Rapport-Jobava System has a unique shortest line	https://github.com/lichess-org/chess-openings/commit/f34713b71	attested
A.Ama.Par.Gen	Amar Paris Gambit, Gent Gambit	renamed	Amar Opening: Gent Gambit	Amar Opening: Paris Gambit, Gent Gambit	2024-02-09	Malorra	b326e0b63	Gent Gambit as a variation of the Paris Gambit	https://github.com/lichess-org/chess-openings/commit/b326e0b63	attested
C.Pet	Petrov Defence	renamed	Russian Game	Petrov's Defense	2024-06-12	Niklas Fiekas	b088bdd5a	Russian game -> Petrov's defense (closes #176)	https://github.com/lichess-org/chess-openings/commit/b088bdd5a	attested
C.Pet.Bc4	Petrov Defence, Italian Variation	renamed	Russian Game: Italian Variation	Petrov's Defense: Italian Variation	2024-06-12	Niklas Fiekas	b088bdd5a	Russian game -> Petrov's defense (closes #176)	https://github.com/lichess-org/chess-openings/commit/b088bdd5a	attested
C.Pet.Cls.Bd3.Bd6	Petrov Classical Bd3, Bd6	renamed	Russian Game: Classical Attack, Marshall Variation	Petrov's Defense: Classical Attack, Marshall Variation	2024-06-12	Niklas Fiekas	b088bdd5a	Russian game -> Petrov's defense (closes #176)	https://github.com/lichess-org/chess-openings/commit/b088bdd5a	attested
C.Pet.Cls.Bd3.Bd6.O-O.Chi	Petrov Classical Bd3, Chinese Gambit	renamed	Russian Game: Classical Attack, Marshall Variation, Chinese Gambit	Petrov's Defense: Classical Attack, Marshall Variation, Chinese Gambit	2024-06-12	Niklas Fiekas	b088bdd5a	Russian game -> Petrov's defense (closes #176)	https://github.com/lichess-org/chess-openings/commit/b088bdd5a	attested
C.Pet.Cls.Bd3.Bd6.O-O.Mar	Petrov Classical Bd3, Marshall Trap	renamed	Russian Game: Classical Attack, Marshall Trap	Petrov's Defense: Classical Attack, Marshall Trap	2024-06-12	Niklas Fiekas	b088bdd5a	Russian game -> Petrov's defense (closes #176)	https://github.com/lichess-org/chess-openings/commit/b088bdd5a	attested
C.Pet.Cls.Bd3.Bd6.O-O.Sta	Petrov Classical Bd3, Staunton Variation	renamed	Russian Game: Classical Attack, Staunton Variation	Petrov's Defense: Classical Attack, Staunton Variation	2024-06-12	Niklas Fiekas	b088bdd5a	Russian game -> Petrov's defense (closes #176)	https://github.com/lichess-org/chess-openings/commit/b088bdd5a	attested
C.Pet.Cls.Bd3.Bd6.O-O.Tar	Petrov Classical Bd3, Tarrasch Variation	renamed	Russian Game: Classical Attack, Tarrasch Variation	Petrov's Defense: Classical Attack, Tarrasch Variation	2024-06-12	Niklas Fiekas	b088bdd5a	Russian game -> Petrov's defense (closes #176)	https://github.com/lichess-org/chess-openings/commit/b088bdd5a	attested
C.Pet.Cls.Bd3.Nc6	Petrov Classical Bd3, Nc6	renamed	Russian Game: Classical Attack, Mason-Showalter Variation	Petrov's Defense: Classical Attack, Mason-Showalter Variation	2024-06-12	Niklas Fiekas	b088bdd5a	Russian game -> Petrov's defense (closes #176)	https://github.com/lichess-org/chess-openings/commit/b088bdd5a	attested
C.Pet.Cls.Bd3.Nc6.O-O.Brg	Petrov, Classical Attack, Berger Variation	renamed	Russian Game: Classical Attack, Berger Variation	Petrov's Defense: Classical Attack, Berger Variation	2024-06-12	Niklas Fiekas	b088bdd5a	Russian game -> Petrov's defense (closes #176)	https://github.com/lichess-org/chess-openings/commit/b088bdd5a	attested
C.Pet.Cls.Bd3.Nc6.O-O.Brw	Petrov, Classical Attack, Chigorin Variation, Browne Attack	renamed	Russian Game: Classical Attack, Chigorin Variation, Browne Attack	Petrov's Defense: Classical Attack, Chigorin Variation, Browne Attack	2024-06-12	Niklas Fiekas	b088bdd5a	Russian game -> Petrov's defense (closes #176)	https://github.com/lichess-org/chess-openings/commit/b088bdd5a	attested
C.Pet.Cls.Bd3.Nc6.O-O.Ch2	Petrov, Classical Attack, Chigorin Variation, Main Line	renamed	Russian Game: Classical Attack, Chigorin Variation, Main Line	Petrov's Defense: Classical Attack, Chigorin Variation, Main Line	2024-06-12	Niklas Fiekas	b088bdd5a	Russian game -> Petrov's defense (closes #176)	https://github.com/lichess-org/chess-openings/commit/b088bdd5a	attested
C.Pet.Cls.Bd3.Nc6.O-O.Chg	Petrov, Classical Attack, Chigorin Variation	renamed	Russian Game: Classical Attack, Chigorin Variation	Petrov's Defense: Classical Attack, Chigorin Variation	2024-06-12	Niklas Fiekas	b088bdd5a	Russian game -> Petrov's defense (closes #176)	https://github.com/lichess-org/chess-openings/commit/b088bdd5a	attested
C.Pet.Cls.Bd3.Nc6.O-O.Jae	Petrov, Classical Attack, Jaenisch Variation	renamed	Russian Game: Classical Attack, Jaenisch Variation	Petrov's Defense: Classical Attack, Jaenisch Variation	2024-06-12	Niklas Fiekas	b088bdd5a	Russian game -> Petrov's defense (closes #176)	https://github.com/lichess-org/chess-openings/commit/b088bdd5a	attested
C.Pet.Cls.Bd3.Nc6.O-O.Kra	Petrov, Classical Attack, Krause Variation	renamed	Russian Game: Classical Attack, Krause Variation	Petrov's Defense: Classical Attack, Krause Variation	2024-06-12	Niklas Fiekas	b088bdd5a	Russian game -> Petrov's defense (closes #176)	https://github.com/lichess-org/chess-openings/commit/b088bdd5a	attested
C.Pet.Cls.Bd3.Nc6.O-O.Mrc	Petrov, Classical Attack, Maróczy Variation	renamed	Russian Game: Classical Attack, Maróczy Variation	Petrov's Defense: Classical Attack, Maróczy Variation	2024-06-12	Niklas Fiekas	b088bdd5a	Russian game -> Petrov's defense (closes #176)	https://github.com/lichess-org/chess-openings/commit/b088bdd5a	attested
C.Pet.Cls.MLn.O-O	Petrov Classical, Main Line, O-O	renamed	Russian Game: Classical Attack, Mason Variation	Petrov's Defense: Classical Attack, Mason Variation	2024-06-12	Niklas Fiekas	b088bdd5a	Russian game -> Petrov's defense (closes #176)	https://github.com/lichess-org/chess-openings/commit/b088bdd5a	attested
C.Pet.Coc	Petrov, Cochrane Gambit	renamed	Russian Game: Cochrane Gambit	Petrov's Defense: Cochrane Gambit	2024-06-12	Niklas Fiekas	b088bdd5a	Russian game -> Petrov's defense (closes #176)	https://github.com/lichess-org/chess-openings/commit/b088bdd5a	attested
C.Pet.Coc.Bc4	Petrov Cochrane, Bishop Check Line	renamed	Russian Game: Cochrane Gambit, Bishop Check Line	Petrov's Defense: Cochrane Gambit, Bishop Check Line	2024-06-12	Niklas Fiekas	b088bdd5a	Russian game -> Petrov's defense (closes #176)	https://github.com/lichess-org/chess-openings/commit/b088bdd5a	attested
C.Pet.Coc.Kin	Petrov Cochrane, King Walk	renamed	Russian Game: Cochrane Gambit, Center Variation	Petrov's Defense: Cochrane Gambit, Center Variation	2024-06-12	Niklas Fiekas	b088bdd5a	Russian game -> Petrov's defense (closes #176)	https://github.com/lichess-org/chess-openings/commit/b088bdd5a	attested
C.Pet.Mod	Petrov, Modern Attack	renamed	Russian Game: Modern Attack	Petrov's Defense: Modern Attack	2024-06-12	Niklas Fiekas	b088bdd5a	Russian game -> Petrov's defense (closes #176)	https://github.com/lichess-org/chess-openings/commit/b088bdd5a	attested
C.Pet.Mod.Nxe4.Bd3	Petrov Modern Nxe4, Bd3	renamed	Russian Game: Modern Attack, Center Variation	Petrov's Defense: Modern Attack, Center Variation	2024-06-12	Niklas Fiekas	b088bdd5a	Russian game -> Petrov's defense (closes #176)	https://github.com/lichess-org/chess-openings/commit/b088bdd5a	attested
C.Pet.Mod.Nxe4.Bd3.Nc6	Petrov Modern Bd3, Murrey	renamed	Russian Game: Modern Attack, Murrey Variation	Petrov's Defense: Modern Attack, Murrey Variation	2024-06-12	Niklas Fiekas	b088bdd5a	Russian game -> Petrov's defense (closes #176)	https://github.com/lichess-org/chess-openings/commit/b088bdd5a	attested
C.Pet.Mod.Stn.Bb5	Petrov Modern, Tal Gambit	renamed	Russian Game: Modern Attack, Tal Gambit	Petrov's Defense: Modern Attack, Tal Gambit	2024-06-12	Niklas Fiekas	b088bdd5a	Russian game -> Petrov's defense (closes #176)	https://github.com/lichess-org/chess-openings/commit/b088bdd5a	attested
C.Pet.Mod.Stn.Qe2	Petrov Modern Steinitz, Qe2	renamed	Russian Game: Modern Attack, Steinitz Variation	Petrov's Defense: Modern Attack, Steinitz Variation	2024-06-12	Niklas Fiekas	b088bdd5a	Russian game -> Petrov's defense (closes #176)	https://github.com/lichess-org/chess-openings/commit/b088bdd5a	attested
C.Pet.Mod.Stn.Qxd4	Petrov Modern, Center Attack	renamed	Russian Game: Modern Attack, Center Attack	Petrov's Defense: Modern Attack, Center Attack	2024-06-12	Niklas Fiekas	b088bdd5a	Russian game -> Petrov's defense (closes #176)	https://github.com/lichess-org/chess-openings/commit/b088bdd5a	attested
C.Pet.Mod.d5	Petrov Modern, Symmetrical Variation	renamed	Russian Game: Modern Attack, Symmetrical Variation	Petrov's Defense: Modern Attack, Symmetrical Variation	2024-06-12	Niklas Fiekas	b088bdd5a	Russian game -> Petrov's defense (closes #176)	https://github.com/lichess-org/chess-openings/commit/b088bdd5a	attested
C.Pet.Mod.exd4	Petrov Modern, exd4	renamed	Russian Game: Modern Attack	Petrov's Defense: Modern Attack	2024-06-12	Niklas Fiekas	b088bdd5a	Russian game -> Petrov's defense (closes #176)	https://github.com/lichess-org/chess-openings/commit/b088bdd5a	attested
C.Pet.Nxe5	Petrov Defence, Nxe5	renamed	Russian Game	Petrov's Defense	2024-06-12	Niklas Fiekas	b088bdd5a	Russian game -> Petrov's defense (closes #176)	https://github.com/lichess-org/chess-openings/commit/b088bdd5a	attested
C.Pet.Nxe5.Nxe4	Petrov Defence, Damiano Variation	renamed	Russian Game: Damiano Variation	Petrov's Defense: Damiano Variation	2024-06-12	Niklas Fiekas	b088bdd5a	Russian game -> Petrov's defense (closes #176)	https://github.com/lichess-org/chess-openings/commit/b088bdd5a	attested
C.Pet.Nxe5.Nxe4.Qe2	Petrov Damiano, Kholmov Gambit	renamed	Russian Game: Damiano Variation, Kholmov Gambit	Petrov's Defense: Damiano Variation, Kholmov Gambit	2024-06-12	Niklas Fiekas	b088bdd5a	Russian game -> Petrov's defense (closes #176)	https://github.com/lichess-org/chess-openings/commit/b088bdd5a	attested
C.Pet.Nxe5.d6	Petrov Defence, 3...d6	renamed	Russian Game	Petrov's Defense	2024-06-12	Niklas Fiekas	b088bdd5a	Russian game -> Petrov's defense (closes #176)	https://github.com/lichess-org/chess-openings/commit/b088bdd5a	attested
C.Pet.Nxe5.d6.Nc4	Petrov Defence, Paulsen Attack	renamed	Russian Game: Paulsen Attack	Petrov's Defense: Paulsen Attack	2024-06-12	Niklas Fiekas	b088bdd5a	Russian game -> Petrov's defense (closes #176)	https://github.com/lichess-org/chess-openings/commit/b088bdd5a	attested
C.Pet.Nxe5.d6.Nd3	Petrov Defence, Karklins-Martinovsky	renamed	Russian Game: Karklins-Martinovsky Variation	Petrov's Defense: Karklins-Martinovsky Variation	2024-06-12	Niklas Fiekas	b088bdd5a	Russian game -> Petrov's defense (closes #176)	https://github.com/lichess-org/chess-openings/commit/b088bdd5a	attested
C.Pet.Nxe5.d6.Nf3	Petrov Defence, Nf3 Retreat	renamed	Russian Game	Petrov's Defense	2024-06-12	Niklas Fiekas	b088bdd5a	Russian game -> Petrov's defense (closes #176)	https://github.com/lichess-org/chess-openings/commit/b088bdd5a	attested
C.Pet.Nxe5.d6.Nf3.Nxe4	Petrov Defence, Main Capture	renamed	Russian Game	Petrov's Defense	2024-06-12	Niklas Fiekas	b088bdd5a	Russian game -> Petrov's defense (closes #176)	https://github.com/lichess-org/chess-openings/commit/b088bdd5a	attested
C.Pet.Nxe5.d6.Nf3.Nxe4.Bd3	Petrov Defence, Millennium Attack	renamed	Russian Game: Millennium Attack	Petrov's Defense: Millennium Attack	2024-06-12	Niklas Fiekas	b088bdd5a	Russian game -> Petrov's defense (closes #176)	https://github.com/lichess-org/chess-openings/commit/b088bdd5a	attested
C.Pet.Nxe5.d6.Nf3.Nxe4.Nc3	Petrov Defence, Nimzowitsch Attack	renamed	Russian Game: Nimzowitsch Attack	Petrov's Defense: Nimzowitsch Attack	2024-06-12	Niklas Fiekas	b088bdd5a	Russian game -> Petrov's defense (closes #176)	https://github.com/lichess-org/chess-openings/commit/b088bdd5a	attested
C.Pet.Nxe5.d6.Nf3.Nxe4.Nf6	Petrov Classical, Closed Variation	renamed	Russian Game: Classical Attack, Closed Variation	Petrov's Defense: Classical Attack, Closed Variation	2024-06-12	Niklas Fiekas	b088bdd5a	Russian game -> Petrov's defense (closes #176)	https://github.com/lichess-org/chess-openings/commit/b088bdd5a	attested
C.Pet.Nxe5.d6.Nf3.Nxe4.Qe2	Petrov Defence, Cozio Attack	renamed	Russian Game: Cozio Attack	Petrov's Defense: Cozio Attack	2024-06-12	Niklas Fiekas	b088bdd5a	Russian game -> Petrov's defense (closes #176)	https://github.com/lichess-org/chess-openings/commit/b088bdd5a	attested
C.Pet.Nxe5.d6.Nf3.Nxe4.c4	Petrov Defence, Kaufmann Attack	renamed	Russian Game: Kaufmann Attack	Petrov's Defense: Kaufmann Attack	2024-06-12	Niklas Fiekas	b088bdd5a	Russian game -> Petrov's defense (closes #176)	https://github.com/lichess-org/chess-openings/commit/b088bdd5a	attested
C.Pet.Nxe5.d6.Nf3.Nxe4.d3	Petrov Defence, French Attack	renamed	Russian Game: French Attack	Petrov's Defense: French Attack	2024-06-12	Niklas Fiekas	b088bdd5a	Russian game -> Petrov's defense (closes #176)	https://github.com/lichess-org/chess-openings/commit/b088bdd5a	attested
C.Pet.Nxe5.d6.Nf3.Nxe4.d4	Petrov Defence, Classical Attack	renamed	Russian Game: Classical Attack	Petrov's Defense: Classical Attack	2024-06-12	Niklas Fiekas	b088bdd5a	Russian game -> Petrov's defense (closes #176)	https://github.com/lichess-org/chess-openings/commit/b088bdd5a	attested
C.Pet.Qe2	Petrov Defence, Moody Gambit	renamed	Russian Game: Moody Gambit	Petrov's Defense: Moody Gambit	2024-06-12	Niklas Fiekas	b088bdd5a	Russian game -> Petrov's defense (closes #176)	https://github.com/lichess-org/chess-openings/commit/b088bdd5a	attested
C.Pet.Stf	Petrov, Stafford Gambit	renamed	Russian Game: Stafford Gambit	Petrov's Defense: Stafford Gambit	2024-06-12	Niklas Fiekas	b088bdd5a	Russian game -> Petrov's defense (closes #176)	https://github.com/lichess-org/chess-openings/commit/b088bdd5a	attested
C.Pet.Stf.MLn	Petrov Stafford Gambit, Main Line	renamed	Russian Game: Stafford Gambit	Petrov's Defense: Stafford Gambit	2024-06-12	Niklas Fiekas	b088bdd5a	Russian game -> Petrov's defense (closes #176)	https://github.com/lichess-org/chess-openings/commit/b088bdd5a	attested
C.Pet.Thr	Petrov, Three Knights Game	renamed	Russian Game: Three Knights Game	Petrov's Defense: Three Knights Game	2024-06-12	Niklas Fiekas	b088bdd5a	Russian game -> Petrov's defense (closes #176)	https://github.com/lichess-org/chess-openings/commit/b088bdd5a	attested
A.Egl.Cha	Englund Gambit, Charlick Line	renamed	Englund Gambit Complex: Hartlaub-Charlick Gambit	Englund Gambit: Hartlaub-Charlick Gambit	2024-07-04	Fynn Starke	dee47c38f	Fix https://github.com/lichess-org/lila/issues/15592	https://github.com/lichess-org/chess-openings/commit/dee47c38f	attested
A.Egl.Dec	Englund Gambit, Declined	renamed	Englund Gambit Complex Declined	Englund Gambit Declined	2024-07-04	Fynn Starke	dee47c38f	Fix https://github.com/lichess-org/lila/issues/15592	https://github.com/lichess-org/chess-openings/commit/dee47c38f	attested
A.Egl.Dec.Die	Englund Gambit Declined, Diemer Counterattack	renamed	Englund Gambit Complex Declined: Diemer Counterattack	Englund Gambit Declined: Diemer Counterattack	2024-07-04	Fynn Starke	dee47c38f	Fix https://github.com/lichess-org/lila/issues/15592	https://github.com/lichess-org/chess-openings/commit/dee47c38f	attested
A.Egl.Har	Englund Gambit, Hartlaub-Charlick Line	renamed	Englund Gambit Complex: Englund Gambit	Englund Gambit: Main Line	2024-07-04	Fynn Starke	dee47c38f	Fix https://github.com/lichess-org/lila/issues/15592	https://github.com/lichess-org/chess-openings/commit/dee47c38f	attested
A.Egl.Har.Sto	Englund Hartlaub-Charlick, Stockholm Variation	renamed	Englund Gambit Complex: Stockholm Variation	Englund Gambit: Stockholm Variation	2024-07-04	Fynn Starke	dee47c38f	Fix https://github.com/lichess-org/lila/issues/15592	https://github.com/lichess-org/chess-openings/commit/dee47c38f	attested
A.Egl.dxe5.Nc6.Nf3.Bc5	Englund Gambit Nf3, Felbecker Gambit	renamed	Englund Gambit Complex: Felbecker Gambit	Englund Gambit: Felbecker Gambit	2024-07-04	Fynn Starke	dee47c38f	Fix https://github.com/lichess-org/lila/issues/15592	https://github.com/lichess-org/chess-openings/commit/dee47c38f	attested
A.Egl.dxe5.Nc6.Nf3.Nge7	Englund Gambit Nf3, Zilbermints Gambit	renamed	Englund Gambit Complex: Zilbermints Gambit	Englund Gambit: Zilbermints Gambit	2024-07-04	Fynn Starke	dee47c38f	Fix https://github.com/lichess-org/lila/issues/15592	https://github.com/lichess-org/chess-openings/commit/dee47c38f	attested
A.Egl.dxe5.Nc6.Nf3.f6	Englund Gambit Nf3, Soller Deferred	renamed	Englund Gambit Complex: Soller Gambit Deferred	Englund Gambit: Soller Gambit Deferred	2024-07-04	Fynn Starke	dee47c38f	Fix https://github.com/lichess-org/lila/issues/15592	https://github.com/lichess-org/chess-openings/commit/dee47c38f	attested
A.Egl.dxe5.Qh4	Englund Gambit, Mosquito Gambit	renamed	Englund Gambit Complex: Mosquito Gambit	Englund Gambit: Mosquito Gambit	2024-07-04	Fynn Starke	dee47c38f	Fix https://github.com/lichess-org/lila/issues/15592	https://github.com/lichess-org/chess-openings/commit/dee47c38f	attested
A.Egl.dxe5.f6	Englund Gambit, Soller Gambit	renamed	Englund Gambit Complex: Soller Gambit	Englund Gambit: Soller Gambit	2024-07-04	Fynn Starke	dee47c38f	Fix https://github.com/lichess-org/lila/issues/15592	https://github.com/lichess-org/chess-openings/commit/dee47c38f	attested
A.Mie.Ven	Mieses Opening, Venezolana Variation	renamed	Venezolana Opening	Mieses Opening: Venezolana Variation	2024-07-10	Malorra	0fab4b216	Venezolana Opening -> Venezolana Variation	https://github.com/lichess-org/chess-openings/commit/0fab4b216	attested
A.War.e5.h4	Ware Opening, Crab Variation	renamed	Crab Opening	Ware Opening: Crab Variation	2024-07-10	Malorra	c98ed1c3c	Crab Opening -> Crab Variation	https://github.com/lichess-org/chess-openings/commit/c98ed1c3c	attested
B.Sic.SmM.Acc.Chi	Smith-Morra Accepted Nc6, Chicago Defence	renamed	Sicilian Defense: Smith-Morra Gambit, Chicago Defense	Sicilian Defense: Smith-Morra Gambit Accepted, Chicago Defense	2024-12-08	Malorra	f10d19ae2	Chicago and Danish Variation are both part of the Smith-Morra Gambit Accepted.	https://github.com/lichess-org/chess-openings/commit/f10d19ae2	attested
B.Sic.SmM.Acc.Nf3	Smith-Morra Accepted, Danish Variation	renamed	Sicilian Defense: Smith-Morra Gambit, Danish Variation	Sicilian Defense: Smith-Morra Gambit Accepted, Danish Variation	2024-12-08	Malorra	f10d19ae2	Chicago and Danish Variation are both part of the Smith-Morra Gambit Accepted.	https://github.com/lichess-org/chess-openings/commit/f10d19ae2	attested
C.KGm.Acc.Vil	King's Gambit Accepted, Villemson Gambit	renamed	King's Gambit Accepted: Polerio Gambit	King's Gambit Accepted: Villemson Gambit	2024-12-12	seccohazy	3bd8ac4be	Update c.tsv	https://github.com/lichess-org/chess-openings/commit/3bd8ac4be	attested
E.Nim.Rub	Nimzo, Rubinstein	renamed	Nimzo-Indian Defense: Normal Line	Nimzo-Indian Defense: Rubinstein System	2025-01-09	seccohazy	53d8c0ab6	Corrections and additions in the Nimzo-Indian	https://github.com/lichess-org/chess-openings/commit/53d8c0ab6	attested
E.Nim.Rub.Cls	Nimzo Rubinstein, Classical Line	renamed	Nimzo-Indian Defense: Normal Variation, Bishop Attack, Classical Defense	Nimzo-Indian Defense: Normal Variation, Classical Defense	2025-01-09	seccohazy	53d8c0ab6	Corrections and additions in the Nimzo-Indian	https://github.com/lichess-org/chess-openings/commit/53d8c0ab6	attested
E.Nim.Rub.Flo	Nimzo Rubinstein, Flohr Variation	renamed	Nimzo-Indian Defense: Normal Variation, Bronstein (Byrne) Variation	Nimzo-Indian Defense: St. Petersburg Variation, Fischer Variation	2025-01-09	seccohazy	53d8c0ab6	Corrections and additions in the Nimzo-Indian	https://github.com/lichess-org/chess-openings/commit/53d8c0ab6	attested
E.Nim.Rub.Hub.MLn	Nimzo Rubinstein Hübner, Main Line	renamed	Nimzo-Indian Defense: Hübner Variation, Main Line	Nimzo-Indian Defense: Rubinstein System, Hübner Variation	2025-01-09	seccohazy	53d8c0ab6	Corrections and additions in the Nimzo-Indian	https://github.com/lichess-org/chess-openings/commit/53d8c0ab6	attested
E.Nim.Rub.Res	Nimzo Rubinstein, Reshevsky Variation	renamed	Nimzo-Indian Defense: Normal Variation, Bishop Attack	Nimzo-Indian Defense: Normal Variation	2025-01-09	seccohazy	53d8c0ab6	Corrections and additions in the Nimzo-Indian	https://github.com/lichess-org/chess-openings/commit/53d8c0ab6	attested
E.Nim.Rub.Tai	Nimzo Rubinstein, Taimanov Variation	renamed	Nimzo-Indian Defense: Normal Variation, Taimanov Variation	Nimzo-Indian Defense: Rubinstein System, Taimanov Variation	2025-01-09	seccohazy	53d8c0ab6	Corrections and additions in the Nimzo-Indian	https://github.com/lichess-org/chess-openings/commit/53d8c0ab6	attested
E.Nim.Rub.c5	Nimzo Rubinstein, c5	renamed	Nimzo-Indian Defense: Hübner Variation	Nimzo-Indian Defense: Rubinstein System	2025-01-09	seccohazy	53d8c0ab6	Corrections and additions in the Nimzo-Indian	https://github.com/lichess-org/chess-openings/commit/53d8c0ab6	attested
E.Nim.Rub.c5.Ne2	Nimzo Rubinstein c5, Ne2	renamed	Nimzo-Indian Defense: Hübner Variation, Rubinstein Variation	Nimzo-Indian Defense: Rubinstein System, Rubinstein Variation	2025-01-09	seccohazy	53d8c0ab6	Corrections and additions in the Nimzo-Indian	https://github.com/lichess-org/chess-openings/commit/53d8c0ab6	attested
E.Nim.Rub.c5.Ne2.a3	Nimzo Rubinstein Ne2, Main Line	renamed	Nimzo-Indian Defense: Hübner Variation, Rubinstein Variation, Main Line	Nimzo-Indian Defense: Rubinstein System, Rubinstein Variation, Main Line	2025-01-09	seccohazy	53d8c0ab6	Corrections and additions in the Nimzo-Indian	https://github.com/lichess-org/chess-openings/commit/53d8c0ab6	attested
E.Nim.Rub.c5.Ne2.c5	Nimzo Rubinstein Ne2, Sherbakov	renamed	Nimzo-Indian Defense: Hübner Variation, Rubinstein Variation, Sherbakov Attack	Nimzo-Indian Defense: Rubinstein System, Rubinstein Variation, Sherbakov Attack	2025-01-09	seccohazy	53d8c0ab6	Corrections and additions in the Nimzo-Indian	https://github.com/lichess-org/chess-openings/commit/53d8c0ab6	attested
B.Sic.Ros.Brt	Sicilian Rossolimo, Brooklyn Retreat	renamed	Sicilian Defense: Rossolimo Variation, Brooklyn Retreat Defense	Sicilian Defense: Nyezhmetdinov-Rossolimo Attack, Brooklyn Retreat Defense	2025-02-03	Xaver Hellauer	778046ab8	Consistency in the Nyezhmetdinov-Rossolimo Attack	https://github.com/lichess-org/chess-openings/commit/778046ab8	attested
B.OwM.Gua	Owen Modern, Guatemala Defence	renamed	Guatemala Defense	Owen Defense: Guatemala Defense	2025-02-08	Malorra	9b0f844bd	Guatemala Defense is part of Owen Defense	https://github.com/lichess-org/chess-openings/commit/9b0f844bd	attested
A.QPO.Nf6.f3.d5.g4	Queen's Pawn Nf6 f3, Gedult Attack	renamed	Indian Defense: Gedult Attack, Gedult Attack	Indian Defense: Gedult Attack	2025-05-15	Leonard	3e83f62a1	deduplicate Gedult Attack, Gedult Attack	https://github.com/lichess-org/chess-openings/commit/3e83f62a1	attested
B.Fre.Tar.Gui.Thb	French Tarrasch Guimard, Thunderbunny	renamed	French Defense: Guimard Variation, Thunderbunny Variation	French Defense: Tarrasch Variation, Guimard Defense, Thunderbunny Variation	2025-05-26	seccohazy	1609d2827	French Defense updates.tsv	https://github.com/lichess-org/chess-openings/commit/1609d2827	attested
B.Sic.Tay.Nc3	Sicilian Taimanov, 5.Nc3	renamed	Sicilian Defense: Taimanov Variation, Normal Variation	Sicilian Defense: Taimanov Variation	2025-08-09	jdart1	af6d2c8f3	B45 fix	https://github.com/lichess-org/chess-openings/commit/af6d2c8f3	attested
B.Sic.Tay.Nc3.Nf6.Ndb5.Bb4	Taimanov Four Knights, American Attack	renamed	Sicilian Defense: Taimanov Variation, American Attack	Sicilian Defense: Four Knights Variation, American Attack	2025-08-09	jdart1	af6d2c8f3	B45 fix	https://github.com/lichess-org/chess-openings/commit/af6d2c8f3	attested
C.Ita.Giu.c3.Nf6.d3.d6	Italian Giuoco Piano c3 Nf6 d3, d6	renamed	Italian Game: Classical Variation, Giuoco Pianissimo, with d6	Italian Game: Classical Variation, Giuoco Pianissimo	2025-10-16	jdart1	adbd2f5e4	Add some C54 lines.	https://github.com/lichess-org/chess-openings/commit/adbd2f5e4	attested
C.RyL.Ber.d3.Bc5.Be3	Ruy López Berlin Anti-Berlin, Kaufmann Variation	renamed	Ruy Lopez: Berlin Defense, Kaufmann Variation	Ruy Lopez: Berlin Defense, Anti-Berlin Variation, Kaufmann Variation	2025-12-13	Chess4757	33ce9d8ef	Added a C18, C54, and some C65 lines	https://github.com/lichess-org/chess-openings/commit/33ce9d8ef	attested
C.RyL.Ber.d3.Ne7	Ruy López Berlin Anti-Berlin, Mortimer Variation	renamed	Ruy Lopez: Berlin Defense, Mortimer Variation	Ruy Lopez: Berlin Defense, Anti-Berlin Variation, Mortimer Variation	2025-12-13	Chess4757	33ce9d8ef	Added a C18, C54, and some C65 lines	https://github.com/lichess-org/chess-openings/commit/33ce9d8ef	attested
C.RyL.Ber.d3.Ne7.Nxe5.c6	Ruy López Berlin Anti-Berlin, Mortimer Trap	renamed	Ruy Lopez: Berlin Defense, Mortimer Trap	Ruy Lopez: Berlin Defense, Anti-Berlin Variation, Mortimer Trap	2025-12-13	Chess4757	33ce9d8ef	Added a C18, C54, and some C65 lines	https://github.com/lichess-org/chess-openings/commit/33ce9d8ef	attested
C.RyL.Ber.d3.d6.Bxc6	Ruy López Berlin Anti-Berlin, Anderssen Variation	renamed	Ruy Lopez: Berlin Defense, Anderssen Variation	Ruy Lopez: Berlin Defense, Anti-Berlin Variation, Anderssen Variation	2025-12-13	Chess4757	33ce9d8ef	Added a C18, C54, and some C65 lines	https://github.com/lichess-org/chess-openings/commit/33ce9d8ef	attested
C.RyL.Ber.d3.d6.c4	Ruy López Berlin Anti-Berlin, Duras Variation	renamed	Ruy Lopez: Berlin Defense, Duras Variation	Ruy Lopez: Berlin Defense, Anti-Berlin Variation, Duras Variation	2025-12-13	Chess4757	33ce9d8ef	Added a C18, C54, and some C65 lines	https://github.com/lichess-org/chess-openings/commit/33ce9d8ef	attested
B.Sic.Cze	Sicilian, Czerniak Attack	renamed	Sicilian Defense: Snyder Variation	Sicilian Defense: Westerinen Attack	2026-01-20	LesCyclopes	1195846de	Snyder Variation -> Westerinen Attack/Cowboy Attack/Czerniak Attack	https://github.com/lichess-org/chess-openings/commit/1195846de	attested
B.Sic.Cze.QFn	Sicilian Czerniak, Queen Fianchetto	renamed	Sicilian Defense: Snyder Variation, Queen Fianchetto Variation	Sicilian Defense: Westerinen Attack, Queen Fianchetto Variation	2026-01-20	LesCyclopes	1195846de	Snyder Variation -> Westerinen Attack/Cowboy Attack/Czerniak Attack	https://github.com/lichess-org/chess-openings/commit/1195846de	attested
B.Sic.Dra.Be3.Nc6	Dragon Be3, Hungarian Dragon	renamed	Sicilian Defense: Dragon Variation, Wing Attack	Sicilian Defense: Dragon Variation, Hungarian Variation	2026-01-20	LesCyclopes	016c58590	Changed "Wing Attack" to "Hungarian Variation"	https://github.com/lichess-org/chess-openings/commit/016c58590	attested
B.Sic.Dra.Be3.Nc6	Dragon Be3, Hungarian Dragon	renamed	Sicilian Defense: Dragon Variation, Hungarian Variation	Sicilian Defense: Dragon Variation, Yugoslav Attack, Hungarian Dragon	2026-01-20	LesCyclopes	bd0ecc06e	Changed Hungarian Variation -> Hungarian Dragon, and reclassified the line as a variation of the Yugoslav Attack	https://github.com/lichess-org/chess-openings/commit/bd0ecc06e	attested
B.Sic.HAc.d4	Hyper-Accelerated Dragon, d4	renamed	Sicilian Defense: Hyperaccelerated Fianchetto	Sicilian Defense: Hyperaccelerated Dragon	2026-01-25	LesCyclopes	7882ef02d	Hyperaccelerated Fianchetto -> Hyperaccelerated Dragon	https://github.com/lichess-org/chess-openings/commit/7882ef02d	attested
B.Sic.Cze	Sicilian, Czerniak Attack	renamed	Sicilian Defense: Westerinen Attack	Sicilian Defense: Czerniak Attack	2026-01-28	LesCyclopes	8a1ec0d89	Westerinen Attack -> Czerniak Attack	https://github.com/lichess-org/chess-openings/commit/8a1ec0d89	attested
B.Sic.Cze.QFn	Sicilian Czerniak, Queen Fianchetto	renamed	Sicilian Defense: Westerinen Attack, Queen Fianchetto Variation	Sicilian Defense: Czerniak Attack, Queen Fianchetto Variation	2026-01-28	LesCyclopes	8a1ec0d89	Westerinen Attack -> Czerniak Attack	https://github.com/lichess-org/chess-openings/commit/8a1ec0d89	attested
D.Sem.Bg5.Mos.Hst	Semi-Slav Moscow, Hastings Variation	renamed	Queen's Gambit Declined: Hastings Variation	Semi-Slav Defense: Hastings Variation	2026-01-29	Chess4757	7cf0dc008	Added D36, D53, D41, and D43 lines	https://github.com/lichess-org/chess-openings/commit/7cf0dc008	attested
E.KID.Sml.Cst.Bg5.c5.Bf4	KID Sämisch Steiner, h6	renamed	King's Indian Defense: Sämisch Variation, with Bg5	King's Indian Defense: Steiner Attack	2026-03-27	Chess4757	08225316f	Added missing eco of E88 and E57	https://github.com/lichess-org/chess-openings/commit/08225316f	attested
E.KID.Sml.Cst.Bg5.c5.Bxh6	KID Sämisch Steiner, Bxh6	renamed	King's Indian Defense: Sämisch Variation, with Bg5	King's Indian Defense: Steiner Attack	2026-03-27	Chess4757	08225316f	Added missing eco of E88 and E57	https://github.com/lichess-org/chess-openings/commit/08225316f	attested
E.KID.Sml.Cst.Bg5.c5.Nxd5	KID Sämisch Steiner, Nxd5	renamed	King's Indian Defense: Sämisch Variation, with Bg5	King's Indian Defense: Steiner Attack	2026-03-27	Chess4757	08225316f	Added missing eco of E88 and E57	https://github.com/lichess-org/chess-openings/commit/08225316f	attested
E.KID.Sml.Cst.Be3.c5.Bxc5	KID Sämisch Be3, Gambit Accepted	renamed	King's Indian Defense: Sämisch Variation, Sämisch Gambit, Sämisch Gambit Accepted	King's Indian Defense: Sämisch Variation, Sämisch Gambit Accepted	2026-04-03	Chess4757	7807bd213	E81 change	https://github.com/lichess-org/chess-openings/commit/7807bd213	attested
B.Sic.Naj.Rg1	Sicilian Najdorf, Freak Attack	renamed	Sicilian Defense: Najdorf Variation, Freak Attack	Sicilian Defense: Najdorf Variation, Petronić Attack	2026-04-13	Chathulanka Gamage	12a10c2ed	fix: rename freak attack to petronić attack	https://github.com/lichess-org/chess-openings/commit/12a10c2ed	attested
C.RyL.Mor.NeA	Ruy López Morphy, Neo-Arkhangelsk	renamed	Ruy Lopez: Morphy Defense, Neo-Arkhangelsk Variation	Ruy Lopez: Morphy Defense, Møller Variation	2026-04-16	Panthee	e6dc10a7f	Update c.tsv	https://github.com/lichess-org/chess-openings/commit/e6dc10a7f	attested
B.Sic.Dra.Yug.Bd7	Sicilian Dragon Yugoslav Attack, Bd7	renamed	Sicilian Defense: Dragon Variation, Yugoslav Attack	Sicilian Defense: Dragon Variation, Yugoslav Attack, Main Line	2026-05-02	Chess4757	b39fe56bb	B77 fixes	https://github.com/lichess-org/chess-openings/commit/b39fe56bb	attested
C.Pet.Stf.MLn	Petrov Stafford Gambit, Main Line	renamed	Petrov's Defense: Stafford Gambit	Petrov's Defense: Stafford Gambit Accepted	2026-05-29	Ayush Sinha	b25619a4e	Rename Stafford Gambit continuations after acceptance	https://github.com/lichess-org/chess-openings/commit/b25619a4e	attested
C.Pet.Stf.MLn.d3.Bc5	Petrov Stafford d3 Line, Bc5	renamed	Petrov's Defense: Stafford Gambit	Petrov's Defense: Stafford Gambit Accepted	2026-05-29	Ayush Sinha	b25619a4e	Rename Stafford Gambit continuations after acceptance	https://github.com/lichess-org/chess-openings/commit/b25619a4e	attested
E.Bud	Budapest Defence	renamed	Indian Defense: Budapest Defense	Indian Defense: Budapest Gambit	2026-06-08	Mega-Noob-1337	0b6ab9f89	Rename Budapest Defense to Budapest Gambit + polishing	https://github.com/lichess-org/chess-openings/commit/0b6ab9f89	attested
E.Bud.Adl	Budapest, Adler Variation	renamed	Indian Defense: Budapest Defense, Adler Variation	Indian Defense: Budapest Gambit Accepted, Main Line, Adler Variation	2026-06-08	Mega-Noob-1337	0b6ab9f89	Rename Budapest Defense to Budapest Gambit + polishing	https://github.com/lichess-org/chess-openings/commit/0b6ab9f89	attested
E.Bud.Alk	Budapest, Alekhine Variation	renamed	Indian Defense: Budapest Defense, Alekhine Variation	Indian Defense: Budapest Gambit Accepted, Main Line, Alekhine Variation	2026-06-08	Mega-Noob-1337	0b6ab9f89	Rename Budapest Defense to Budapest Gambit + polishing	https://github.com/lichess-org/chess-openings/commit/0b6ab9f89	attested
E.Bud.Alk.d6	Budapest Alekhine, Tartakower Defence	renamed	Indian Defense: Budapest Defense, Alekhine Variation, Tartakower Defense	Indian Defense: Budapest Gambit Accepted, Main Line, Alekhine Variation, Tartakower Defense	2026-06-08	Mega-Noob-1337	0b6ab9f89	Rename Budapest Defense to Budapest Gambit + polishing	https://github.com/lichess-org/chess-openings/commit/0b6ab9f89	attested
E.Bud.Faj	Budapest, Fajarowicz Variation	renamed	Indian Defense: Budapest Defense, Fajarowicz Variation	Indian Defense: Budapest Gambit Accepted, Fajarowicz Defense	2026-06-08	Mega-Noob-1337	0b6ab9f89	Rename Budapest Defense to Budapest Gambit + polishing	https://github.com/lichess-org/chess-openings/commit/0b6ab9f89	attested
E.Bud.Faj.Qc2	Budapest Fajarowicz, Qc2 Line	renamed	Indian Defense: Budapest Defense, Fajarowicz-Steiner Variation	Indian Defense: Budapest Gambit Accepted, Fajarowicz Defense, Steiner Variation	2026-06-08	Mega-Noob-1337	0b6ab9f89	Rename Budapest Defense to Budapest Gambit + polishing	https://github.com/lichess-org/chess-openings/commit/0b6ab9f89	attested
E.Bud.Ng4	Budapest Defence, Ng4 Line	renamed	Indian Defense: Budapest Defense	Indian Defense: Budapest Gambit Accepted, Main Line	2026-06-08	Mega-Noob-1337	0b6ab9f89	Rename Budapest Defense to Budapest Gambit + polishing	https://github.com/lichess-org/chess-openings/commit/0b6ab9f89	attested
E.Bud.Rub	Budapest, Rubinstein Variation	renamed	Indian Defense: Budapest Defense, Rubinstein Variation	Indian Defense: Budapest Gambit Accepted, Main Line, Rubinstein Variation	2026-06-08	Mega-Noob-1337	0b6ab9f89	Rename Budapest Defense to Budapest Gambit + polishing	https://github.com/lichess-org/chess-openings/commit/0b6ab9f89	attested
B.Mod.Std.Nc3.C5S.Pte	Eastern Pterodactyl, Pterodactyl	renamed	Pterodactyl Defense: Eastern, Pterodactyl	Pterodactyl Defense: Eastern, Rhamphorhynchus	2026-06-12	Fynn Starke	2823b857a	Fix Pterodactyl Defense lines	https://github.com/lichess-org/chess-openings/commit/2823b857a	attested
E.Ind.Cat.d5.Bg2	Indian Catalan Setup, Bg2	renamed	Catalan Opening: Closed	Catalan Opening: Open Defense	2026-06-14	Chess4757	bc250b457	Added E01 Tarrasch defense line	https://github.com/lichess-org/chess-openings/commit/bc250b457	attested
A.Ret.d6.d4.g6	Zukertort Pirc Invitation, Robatsch Defence	renamed	Robatsch Defense	Robatsch Defense: Rossolimo Variation	2026-06-20	Chess4757	262bfb403	New A41 line	https://github.com/lichess-org/chess-openings/commit/262bfb403	attested
