ocn1	ocn_class	eco_codes	family_head	rationale_ref
E.Ben	E	A57|A58|A59|A60|A61|A62|A63|A64|A65|A66|A67|A68|A69|A70|A71|A72|A73|A74|A75|A76|A77|A78|A79	E.Ben	indians-e
E.Ben.Mod	E	A60|A61|A62|A63|A64|A65|A66|A67|A68|A69|A70|A71|A72|A73|A74|A75|A76|A77|A78|A79	E.Ben	indians-e
E.Ben.Bnk	E	A57|A58|A59	E.Ben	indians-e
E.Ben.Czk	E	A56	E.Ben	indians-e
A.Lon	A	D02	A.Lon	london-colle-a
B.Fre	B	C00|C01|C02|C03|C04|C05|C06|C07|C08|C09|C10|C11|C12|C13|C14|C15|C16|C17|C18|C19	B.Fre	french-b
B.Fre.Win	B	C15|C16|C17|C18|C19	B.Fre	french-b
B.Fre.Tar	B	C03|C04|C05|C06|C07|C08|C09	B.Fre	french-b
B.Fre.Adv	B	C02	B.Fre	french-b
B.Fre.Cls	B	C13|C14	B.Fre	french-b
B.Fre.Exc	B	C01	B.Fre	french-b
D.Cat	D	E00|E01|E02|E03|E04|E05|E06|E07|E08|E09	D.Cat	catalan-d
D.Cat.Ope	D	E04|E05	D.Cat	catalan-d
D.Cat.Cls	D	E06|E07|E08|E09	D.Cat	catalan-d
E.OldI	E	A53|A54|A55	E.OldI	indians-e
E.Gru	E	D70|D71|D72|D73|D74|D75|D76|D77|D78|D79|D80|D81|D82|D83|D84|D85|D86|D87|D88|D89|D90|D91|D92|D93|D94|D95|D96|D97|D98|D99	E.Gru	gruenfeld-e
E.Gru.Exc	E	D85|D86	E.Gru	gruenfeld-e
E.Gru.Rus	E	D96|D97|D98|D99	E.Gru	gruenfeld-e
E.Gru.Fch	E	D78|D79	E.Gru	gruenfeld-e
A.Col	A	D04|D05	A.Col	london-colle-a
B.Fre.Rub	B	C10	B.Fre	french-b
B.Fre.Bur	B	C11	B.Fre	french-b
B.Fre.Mac	B	C12	B.Fre	french-b
D.Cat.Fch	D	E06|E07	D.Cat	catalan-d
E.Gru.Sml	E	D80	E.Gru	gruenfeld-e
E.Gru.Brn	E	D80	E.Gru	gruenfeld-e
E.OldI.Ukr	E	A54	E.OldI	indians-e
B.Fre.Stn	B	C11	B.Fre	french-b
B.Fre.FKn	B	C10	B.Fre	french-b
D.Cat.Ope.Qa4	D	E03	D.Cat	catalan-d
D.Cat.Cls.Qc2	D	E08|E09	D.Cat	catalan-d
E.Gru.Exc.Cla	E	D85|D86	E.Gru	gruenfeld-e
E.Gru.Exc.Sev	E	D85	E.Gru	gruenfeld-e
E.Ben.Old	E	A43|A44	E.Ben	indians-e
E.Ben.Mod.Fch	E	A61|A62|A63|A64	E.Ben	indians-e
E.Ben.Mod.Fou	E	A68|A69	E.Ben	indians-e
E.Ben.Mod.Cls	E	A70|A71|A72|A73|A74|A75|A76|A77|A78|A79	E.Ben	indians-e
D.Cat.Ope.Qa4.Ale	D	E03	D.Cat	catalan-d
D.Cat.Cls.Bot	D	E07	D.Cat	catalan-d
D.Cat.Cls.Rab	D	E09	D.Cat	catalan-d
E.Gru.Thr	E	D70|D71	E.Gru	gruenfeld-e
E.Gru.Hng	E	D80	E.Gru	gruenfeld-e
E.Gru.Exc.Sps	E	D87	E.Gru	gruenfeld-e
B.Fre.Adv.Mil	B	C02	B.Fre	french-b
B.Fre.Win.Psn	B	C18	B.Fre	french-b
B.Fre.Tar.Ope	B	C07|C08	B.Fre	french-b
B.Fre.Tar.Cls	B	C03|C04|C05|C06	B.Fre	french-b
E.Gru.Neo	E	D70|D71|D72|D73|D74|D75|D76|D77|D78|D79	E.Gru	gruenfeld-e
E.Ben.Bnk.Acc	E	A57|A58	E.Ben	indians-e
E.Ben.Bnk.Dec	E	A57	E.Ben	indians-e
E.Gru.Brn.Nad	E	D80	E.Gru	gruenfeld-e
D.Cat.Ope.Yug	D	E04	D.Cat	catalan-d
D.Cat.Ope.Bb4	D	E04	D.Cat	catalan-d
D.Cat.Cls.Kor	D	E08	D.Cat	catalan-d
E.OldI.Cls	E	A54	E.OldI	indians-e
E.OldI.Jan	E	A53	E.OldI	indians-e
E.Gru.Rus.Prz	E	D97	E.Gru	gruenfeld-e
E.Gru.Rus.Szs	E	D97	E.Gru	gruenfeld-e
E.Gru.Exc.SeV	E	D87	E.Gru	gruenfeld-e
E.Gru.Exc.Mod	E	D85	E.Gru	gruenfeld-e
E.Gru.Fch.Pac	E	D78	E.Gru	gruenfeld-e
E.Gru.Fch.Euw	E	D78	E.Gru	gruenfeld-e
B.Fre.Win.Arm	B	C18	B.Fre	french-b
B.Fre.Tar.Gui	B	C03	B.Fre	french-b
B.Fre.Adv.Nim	B	C02	B.Fre	french-b
E.Gru.Neo.Exc	E	D76	E.Gru	gruenfeld-e
A.Lon.Psn	A	D02	A.Lon	london-colle-a
B.Fre.Exc.Mon	B	C01	B.Fre	french-b
E.OldI.Fch	E	A53	E.OldI	indians-e
E.Ben.Old.Adv	E	A43	E.Ben	indians-e
E.Ben.Old.Sch	E	A43	E.Ben	indians-e
E.Ben.Old.Sna	E	A43	E.Ben	indians-e
E.Ben.Old.Zil	E	A43	E.Ben	indians-e
E.Ben.Mod.Snk	E	A60	E.Ben	indians-e
E.Ben.Mod.Tai	E	A67	E.Ben	indians-e
D.Cat.Cls.Qc2.Btr	D	E08	D.Cat	catalan-d
D.Cat.Ope.Bb4.Mod	D	E04	D.Cat	catalan-d
E.OldI.Cls.Cze	E	A54	E.OldI	indians-e
E.Ind	E	A50	E.Ind	indians-e
E.Ind.Tgo	E	A50	E.Ind	indians-e
E.Ind.Tgo.Nf3	E	A50	E.Ind	indians-e
E.Ind.QID	E	A50	E.Ind	indians-e
E.Bud	E	A51|A52	E.Bud	budapest-e
E.Bud.Faj	E	A51	E.Bud	budapest-e
E.Bud.Faj.Bns	E	A51	E.Bud	budapest-e
E.Bud.Faj.Ste	E	A51	E.Bud	budapest-e
E.Bud.Adl	E	A52	E.Bud	budapest-e
E.Bud.Rub	E	A52	E.Bud	budapest-e
E.Bud.Alk	E	A52	E.Bud	budapest-e
A.Col.Kol	A	D04	A.Col	london-colle-a
A.Col.Zuk	A	D05	A.Col	london-colle-a
A.Col.Phn	A	D05	A.Col	london-colle-a
A.Lon.Cls	A	D02	A.Lon	london-colle-a
A.Lon.Msn	A	D02	A.Lon	london-colle-a
E.Ben.Mod.Cls.MLn	E	A70|A71	E.Ben	indians-e
E.Ben.Mod.Cls.Nd2	E	A72	E.Ben	indians-e
E.Ben.Mod.Cls.Bg5	E	A73	E.Ben	indians-e
E.Ben.Mod.Cls.Rb1	E	A74	E.Ben	indians-e
E.Ben.Mod.Cls.h3	E	A75	E.Ben	indians-e
E.Ben.Mod.Fch.MLn	E	A62	E.Ben	indians-e
E.Ben.Mod.Fch.Nd2	E	A63	E.Ben	indians-e
E.Ben.Mod.Fch.Bf4	E	A64	E.Ben	indians-e
E.Ben.Mod.Fou.MLn	E	A68	E.Ben	indians-e
A.Ver.Cls	A	D01	A.Ver	london-colle-a
A.Ver.Ric	A	D01	A.Ver	london-colle-a
B.Fre.Tar.Cls.MLn	B	C05	B.Fre	french-b
B.Fre.Tar.Cls.Be7	B	C06	B.Fre	french-b
B.Fre.Tar.Cls.c5	B	C04	B.Fre	french-b
B.Fre.Tar.Cls.Kor	B	C06	B.Fre	french-b
E.Gru.Rus.Hng	E	D97	E.Gru	gruenfeld-e
E.Gru.Rus.Leo	E	D98	E.Gru	gruenfeld-e
E.Gru.Fch.MLn	E	D79	E.Gru	gruenfeld-e
E.Gru.Neo.Kem	E	D75	E.Gru	gruenfeld-e
A.Owe.Fch	A	B00	A.Owe	misc
A.Ver.Hub	A	D01	A.Ver	london-colle-a
E.Ind.Tgo.MLn	E	A50	E.Ind	indians-e
E.Gru.Brn.MLn	E	D80	E.Gru	gruenfeld-e
A.Lon.Cls.MLn	A	D02	A.Lon	london-colle-a
A.Col.Kol.MLn	A	D04	A.Col	london-colle-a
B.Fre.Win.Psn.MLn	B	C18	B.Fre	french-b
D.Cat.Ope.Yug.MLn	D	E04	D.Cat	catalan-d
E.Bud.Adl.MLn	E	A52	E.Bud	budapest-e
E.Bud.Rub.MLn	E	A52	E.Bud	budapest-e
E.OldI.Cls.MLn	E	A54	E.OldI	indians-e
E.OldI.Fch.MLn	E	A54	E.OldI	indians-e
E.Blf.Dec.MLn	E	A57	E.Blf	indians-e
E.Blf.Spl.MLn	E	A57	E.Blf	indians-e
D.Cat.Cls.Kor.MLn	D	E08	D.Cat	catalan-d
E.Bud.Adl.MLn.e3	E	A52	E.Bud	budapest-e
E.OldI.Cls.MLn.Re1	E	A54	E.OldI	indians-e
E.Blf.Dec.MLn.e3	E	A57	E.Blf	indians-e
E.Gru.Brn.MLn.Be2	E	D80	E.Gru	gruenfeld-e
E.Ind.Tgo.MLn.Nc3	E	A50	E.Ind	indians-e
A.Owe.Fch.MLn	A	B00	A.Owe	misc
D.Cat.Ope.Qa4.MLn	D	E03	D.Cat	catalan-d
E.Gru.Exc.Cla.MLn	E	D85	E.Gru	gruenfeld-e
E.Gru.Rus.Hng.Be2	E	D97	E.Gru	gruenfeld-e
A.Owe.Fch.MLn.Ne2	A	B00	A.Owe	misc
D.Cat.Ope.Qa4.MLn.c5	D	E03	D.Cat	catalan-d
E.Gru.Exc.Cla.MLn.O-O	E	D85	E.Gru	gruenfeld-e
E.Gru.Rus.Hng.Be2.Nc6	E	D97	E.Gru	gruenfeld-e
A.Owe.Fch.MLn.Ne2.a6.Bd3	A	B00	A.Owe	misc
D.Cat.Ope.Qa4.MLn.c5.dxc5	D	E03	D.Cat	catalan-d
E.Gru.Exc.Cla.MLn.O-O.Qc2	E	D85	E.Gru	gruenfeld-e
E.Gru.Rus.Hng.Be2.Nc6.h3	E	D97	E.Gru	gruenfeld-e
A.Owe.Fch.MLn.Ne2.a6	A	B00	A.Owe	misc
D.Cat.Ope.Qa4.MLn.c5.O-O	D	E03	D.Cat	catalan-d
E.Gru.Exc.Cla.MLn.O-O.e5	E	D85	E.Gru	gruenfeld-e
E.Gru.Rus.Hng.Be2.Nc6.O-O	E	D97	E.Gru	gruenfeld-e
E.Ben.Mod.Cls.MLn.Re1	E	A70|A71	E.Ben	indians-e
E.Ben.Mod.Cls.MLn.h3	E	A70|A71	E.Ben	indians-e
E.Ben.Mod.Fch.MLn.O-O	E	A62	E.Ben	indians-e
E.Ben.Mod.Fch.MLn.h3	E	A62	E.Ben	indians-e
E.Ben.Mod.Fou.MLn.Be3	E	A68	E.Ben	indians-e
E.Ben.Mod.Fou.MLn.Bd3	E	A68	E.Ben	indians-e
B.Fre.Tar.Cls.MLn.Ngf3	B	C05	B.Fre	french-b
B.Fre.Win.Psn.MLn.Nf3	B	C18	B.Fre	french-b
D.Cat.Ope.Yug.MLn.Qxc4	D	E04	D.Cat	catalan-d
E.Bud.Adl.MLn.e3.Be2	E	A52	E.Bud	budapest-e
E.Ben.Mod.Cls.MLn.Re1.Nbd7	E	A70|A71	E.Ben	indians-e
E.Ben.Mod.Cls.MLn.h3.Re8	E	A70|A71	E.Ben	indians-e
E.Ben.Mod.Fch.MLn.O-O.Nbd7	E	A62	E.Ben	indians-e
E.Ben.Mod.Fch.MLn.h3.Re8	E	A62	E.Ben	indians-e
E.Ben.Mod.Fou.MLn.Be3.Re8	E	A68	E.Ben	indians-e
E.Ben.Mod.Fou.MLn.Bd3.Na6	E	A68	E.Ben	indians-e
B.Fre.Tar.Cls.MLn.Ngf3.c5	B	C05	B.Fre	french-b
B.Fre.Win.Psn.MLn.Nf3.Nbc6	B	C18	B.Fre	french-b
D.Cat.Ope.Yug.MLn.Qxc4.b5	D	E04	D.Cat	catalan-d
E.Bud.Adl.MLn.e3.Be2.Re8	E	A52	E.Bud	budapest-e
D.Cat.Ope.Qa4.Ale.Be7	D	E03	D.Cat	catalan-d
D.Cat.Cls.Qc2.Btr.Bb7	D	E08	D.Cat	catalan-d
D.Cat.Ope.Bb4.Mod.O-O	D	E04	D.Cat	catalan-d
E.Ben.Mod.Cls.Nd2.Re8	E	A72	E.Ben	indians-e
E.Ben.Mod.Cls.Bg5.h6	E	A73	E.Ben	indians-e
E.Ben.Mod.Cls.Rb1.a6	E	A74	E.Ben	indians-e
E.Ben.Mod.Cls.h3.Na6	E	A75	E.Ben	indians-e
E.Ben.Mod.Fch.Nd2.Re8	E	A63	E.Ben	indians-e
E.Ben.Mod.Fch.Bf4.Re8	E	A64	E.Ben	indians-e
B.Fre.Tar.Cls.Be7.Ngf3	B	C06	B.Fre	french-b
B.Fre.Tar.Cls.c5.c3	B	C04	B.Fre	french-b
B.Fre.Tar.Cls.Kor.O-O	B	C06	B.Fre	french-b
D.Cat.Cls.Kor.MLn.Bf4	D	E08	D.Cat	catalan-d
E.OldI.Cls.MLn.Re1.Be3	E	A54	E.OldI	indians-e
E.Blf.Dec.MLn.e3.Be2	E	A57	E.Blf	indians-e
E.Gru.Brn.MLn.Be2.Nc6	E	D80	E.Gru	gruenfeld-e
E.Ind.Tgo.MLn.Nc3.exd4	E	A50	E.Ind	indians-e
D.Cat.Ope.Qa4.Ale.Be7.Bg2	D	E03	D.Cat	catalan-d
E.Gru.Exc.Sev.MLn	E	D85	E.Gru	gruenfeld-e
D.Cat.Cls.Bot.MLn	D	E07	D.Cat	catalan-d
D.Cat.Cls.Rab.MLn	D	E09	D.Cat	catalan-d
E.Gru.Exc.Sps.MLn	E	D87	E.Gru	gruenfeld-e
B.Fre.Adv.Mil.MLn	B	C02	B.Fre	french-b
B.Fre.Tar.Ope.MLn	B	C07|C08	B.Fre	french-b
E.Ben.Bnk.Acc.MLn	E	A57|A58	E.Ben	indians-e
E.Ben.Bnk.Dec.MLn	E	A57	E.Ben	indians-e
E.Gru.Brn.Nad.MLn	E	D80	E.Gru	gruenfeld-e
E.Bud.Faj.MLn	E	A51	E.Bud	budapest-e
E.Bud.Faj.MLn.e3	E	A51	E.Bud	budapest-e
E.Bud.Faj.MLn.e3.Be2	E	A51	E.Bud	budapest-e
E.Bud.Faj.MLn.e3.Be2.O-O	E	A51	E.Bud	budapest-e
E.Bud.Faj.Bns.MLn	E	A51	E.Bud	budapest-e
E.Bud.Faj.Ste.MLn	E	A51	E.Bud	budapest-e
E.Bud.Rub.MLn.e3	E	A52	E.Bud	budapest-e
E.Bud.Rub.MLn.e3.Be2	E	A52	E.Bud	budapest-e
E.Bud.Alk.MLn	E	A52	E.Bud	budapest-e
E.Bud.Alk.MLn.Nf3	E	A52	E.Bud	budapest-e
E.Gru.Thr.MLn	E	D70|D71	E.Gru	gruenfeld-e
E.Gru.Thr.MLn.Qb3	E	D70|D71	E.Gru	gruenfeld-e
E.Gru.Neo.MLn	E	D72|D73	E.Gru	gruenfeld-e
E.Gru.Neo.MLn.cxd5	E	D73	E.Gru	gruenfeld-e
E.Gru.Neo.MLn.cxd5.Nxd5	E	D73	E.Gru	gruenfeld-e
E.Gru.Rus.Prz.MLn	E	D97	E.Gru	gruenfeld-e
E.Gru.Rus.Szs.MLn	E	D97	E.Gru	gruenfeld-e
E.Gru.Fch.Pac.MLn	E	D78	E.Gru	gruenfeld-e
E.Gru.Fch.Euw.MLn	E	D78	E.Gru	gruenfeld-e
E.Gru.Exc.Mod.MLn	E	D85	E.Gru	gruenfeld-e
E.Ben.Czk.MLn	E	A56	E.Ben	indians-e
E.Ben.Czk.MLn.Be7	E	A56	E.Ben	indians-e
E.Gru.Sml.MLn	E	D80	E.Gru	gruenfeld-e
E.Gru.Sml.MLn.c5	E	D80	E.Gru	gruenfeld-e
E.OldI.Ukr.MLn	E	A54	E.OldI	indians-e
E.OldI.Jan.MLn	E	A53	E.OldI	indians-e
B.Fre.Adv.NwG	B	C02	B.Fre	french-b
B.Fre.Cls.MLn	B	C13|C14	B.Fre	french-b
B.Fre.Stn.MLn	B	C11	B.Fre	french-b
B.Fre.Mac.MLn	B	C12	B.Fre	french-b
B.Fre.Exc.Uhl	B	C01	B.Fre	french-b
B.Fre.Exc.Bg4	B	C01	B.Fre	french-b
B.Fre.Exc.Nc6	B	C01	B.Fre	french-b
B.Fre.Rub.MLn	B	C10	B.Fre	french-b
B.Fre.Mac.exd5	B	C12	B.Fre	french-b
B.Fre.Cls.MLn.ACh	B	C14	B.Fre	french-b
B.Fre.RPa	B	C00	B.Fre	french-b
B.Fre.Kor	B	C00	B.Fre	french-b
B.Fre.Rub.MLn.Nf6	B	C10	B.Fre	french-b
B.Fre.Rub.MLn.Bd3	B	C10	B.Fre	french-b
B.Fre.Mac.MLn.Bd3	B	C12	B.Fre	french-b
B.Fre.Mac.MLn.Bh4	B	C12	B.Fre	french-b
E.OldI.Ukr.MLn.Be7	E	A54	E.OldI	indians-e
E.OldI.Jan.MLn.e3	E	A53	E.OldI	indians-e
E.Gru.Hng.MLn	E	D80	E.Gru	gruenfeld-e
E.Gru.Sml.MLn.c5.dxc5	E	D80	E.Gru	gruenfeld-e
E.Gru.Thr.MLn.Qb3.Nxc3	E	D70|D71	E.Gru	gruenfeld-e
E.Gru.Neo.MLn.cxd5.Nxd5.e4	E	D73	E.Gru	gruenfeld-e
E.Gru.Exc.Mod.MLn.Be2	E	D85	E.Gru	gruenfeld-e
E.Ben.Czk.MLn.Be7.Nf3	E	A56	E.Ben	indians-e
E.Ben.Bnk.Acc.MLn.Bxa6	E	A57|A58	E.Ben	indians-e
E.Ben.Bnk.Dec.MLn.Bxe7	E	A57	E.Ben	indians-e
A.Lon.Msn.MLn	A	D02	A.Lon	london-colle-a
A.Lon.Msn.MLn.Nbd2	A	D02	A.Lon	london-colle-a
A.Lon.Psn.Qxb2	A	D02	A.Lon	london-colle-a
A.Lon.Psn.Qxb2.Nb5	A	D02	A.Lon	london-colle-a
A.Col.Zuk.MLn	A	D05	A.Col	london-colle-a
A.Col.Zuk.MLn.Be7	A	D05	A.Col	london-colle-a
A.Col.Phn.MLn	A	D05	A.Col	london-colle-a
A.Ver.Cls.MLn	A	D01	A.Ver	london-colle-a
A.Ver.Cls.MLn.Be7	A	D01	A.Ver	london-colle-a
B.Fre.Cls.MLn.e5	B	C11	B.Fre	french-b
B.Fre.Cls.MLn.e5.Nfd7	B	C11	B.Fre	french-b
B.Fre.Stn.MLn.f4	B	C11	B.Fre	french-b
B.Fre.Stn.MLn.f4.c5	B	C11	B.Fre	french-b
B.Fre.Win.Psn.Kd1	B	C18	B.Fre	french-b
B.Fre.Win.Psn.Kd1.dxc3	B	C18	B.Fre	french-b
B.Fre.Tar.Ope.exd5	B	C07	B.Fre	french-b
B.Fre.Tar.Ope.exd5.exd5	B	C07	B.Fre	french-b
D.Cat.Ope.Qa4.Bd7	D	E04	D.Cat	catalan-d
D.Cat.Cls.Qc2.c6	D	E08	D.Cat	catalan-d
D.Cat.Cls.Qc2.c6.Rd1	D	E08	D.Cat	catalan-d
A.Lon.Cls.MLn.c4	A	D02	A.Lon	london-colle-a
A.Lon.Cls.MLn.c4.g3	A	D02	A.Lon	london-colle-a
A.Lon.Msn.MLn.Nbd2.c4	A	D02	A.Lon	london-colle-a
A.Lon.Psn.Qxb2.Nb5.c4	A	D02	A.Lon	london-colle-a
A.Lon.Cls.MLn.c4.g3.g6	A	D02	A.Lon	london-colle-a
A.Col.Kol.MLn.c4	A	D04	A.Col	london-colle-a
A.Col.Phn.MLn.c4	A	D05	A.Col	london-colle-a
A.Col.Kol.MLn.c4.g6	A	D04	A.Col	london-colle-a
A.Col.Phn.MLn.c4.g6	A	D05	A.Col	london-colle-a
A.Ver.Hub.c5	A	D01	A.Ver	london-colle-a
A.Ver.Ric.Nf3	A	D01	A.Ver	london-colle-a
A.Ver.Hub.c5.g3	A	D01	A.Ver	london-colle-a
B.Rat.Bal	B	A82	B.Rat	misc
E.Ind.g5	E	A50	E.Ind	indians-e
E.Ind.b5	E	A50	E.Ind	indians-e
E.Ind.c6	E	A50	E.Ind	indians-e
E.Ind.e6.Nf3.d5.Bg5	E	D30	E.Ind	indians-e
B.Fre.Nrm	B	C00	B.Fre	french-b
B.Fre.Nrm.d5	B	C00|C01|C02|C03|C10	B.Fre	french-b
B.Fre.Nrm.d5.Be3	B	C00	B.Fre	french-b
B.Fre.Nrm.d5.Nf3	B	C00	B.Fre	french-b
B.Fre.Nrm.d5.Nf3.dxe4	B	C00	B.Fre	french-b
B.Fre.Nrm.d5.c4	B	C00	B.Fre	french-b
B.Fre.Nrm.d5.c4.dxe4	B	C00	B.Fre	french-b
B.Fre.Nrm.d5.Qe2	B	C00	B.Fre	french-b
B.Fre.Nrm.d5.Qe2.e5	B	C00	B.Fre	french-b
B.Fre.Nrm.d5.Nh3	B	C00	B.Fre	french-b
B.Fre.Nrm.d5.Bd3	B	C00	B.Fre	french-b
B.Fre.Nrm.b5	B	C00	B.Fre	french-b
B.Fre.Nrm.f5	B	C00	B.Fre	french-b
B.Fre.Nrm.f5.exf5	B	C00	B.Fre	french-b
B.Fre.Nrm.c5	B	C00	B.Fre	french-b
B.Fre.Nrm.c5.d5	B	A43	B.Fre	french-b
B.Fre.Nrm.Nf6	B	C00	B.Fre	french-b
B.Fre.Nrm.a6	B	C00	B.Fre	french-b
B.Fre.Nrm.a6.c4	B	C00	B.Fre	french-b
B.Fre.Nrm.a6.c4.b5	B	C00	B.Fre	french-b
B.Fre.Nrm.a6.Nf3	B	C00	B.Fre	french-b
B.Fre.b4	B	C00	B.Fre	french-b
B.Fre.b4.Bxb4	B	C00	B.Fre	french-b
B.Fre.Bb5	B	C00	B.Fre	french-b
B.Fre.Qe2	B	C00	B.Fre	french-b
B.Fre.b3	B	C00	B.Fre	french-b
B.Fre.d3	B	C00	B.Fre	french-b
B.Fre.d3.f5	B	C00	B.Fre	french-b
B.Fre.Nf3	B	C00	B.Fre	french-b
B.Fre.Nf3.f5	B	C00	B.Fre	french-b
B.Fre.Nf3.d5	B	C00	B.Fre	french-b
B.Fre.Nf3.d5.Nc3	B	C00	B.Fre	french-b
B.Fre.f4	B	C00	B.Fre	french-b
B.Fre.f4.d5	B	C00	B.Fre	french-b
B.Fre.c4	B	C00	B.Fre	french-b
B.Fre.c4.d5	B	C00	B.Fre	french-b
B.Fre.Nc3	B	C00	B.Fre	french-b
B.Fre.Nc3.d5	B	C00	B.Fre	french-b
B.Fre.g3	B	C00	B.Fre	french-b
B.Fre.e5	B	C00	B.Fre	french-b
B.Fre.Nrm.d5.Nc3	B	C10	B.Fre	french-b
B.Fre.Nrm.d5.Nc3.Nc6	B	C10	B.Fre	french-b
B.Fre.Nrm.d5.Nc3.c5	B	C10	B.Fre	french-b
B.Fre.Nrm.d5.Nc3.a6	B	C11|C14	B.Fre	french-b
B.Fre.Win.Ale	B	C15	B.Fre	french-b
B.Fre.Win.Ale.Wlf	B	C15	B.Fre	french-b
B.Fre.Win.Ale.Acc	B	C15	B.Fre	french-b
B.Fre.Win.Ale.Kan	B	C15	B.Fre	french-b
B.Fre.Win.Ale.Ala	B	C15	B.Fre	french-b
B.Fre.Win.DEx	B	C15	B.Fre	french-b
B.Fre.Win.DEx.Cnl	B	C15	B.Fre	french-b
B.Fre.Win.Fsl	B	C15	B.Fre	french-b
B.Fre.Win.Fsl.Kun	B	C15	B.Fre	french-b
B.Fre.Win.Fsl.MLn	B	C15	B.Fre	french-b
B.Fre.Win.Fsl.Sch	B	C15	B.Fre	french-b
B.Fre.Win.Knd	B	C15	B.Fre	french-b
B.Fre.Win.WRg	B	C15	B.Fre	french-b
B.Fre.Win.Adv	B	C16|C17|C18|C19	B.Fre	french-b
B.Fre.Win.Adv.Qd7	B	C16	B.Fre	french-b
B.Fre.Win.Adv.c5	B	C17|C18|C19	B.Fre	french-b
B.Fre.Win.Adv.Msc	B	C17	B.Fre	french-b
B.Fre.Win.Adv.Bgl	B	C17	B.Fre	french-b
B.Fre.Win.Adv.Bgl.Ice	B	C17	B.Fre	french-b
B.Fre.Win.Adv.a3	B	C17|C18|C19	B.Fre	french-b
B.Fre.Win.Adv.MWl	B	C17	B.Fre	french-b
B.Fre.Win.Adv.MWl.Nf3	B	C17	B.Fre	french-b
B.Fre.Win.Adv.MLn	B	C18|C19	B.Fre	french-b
B.Fre.Win.Adv.MLn.Ne7	B	C18|C19	B.Fre	french-b
B.Fre.Win.Adv.MLn.Ne7.Bd3	B	C18|C19	B.Fre	french-b
B.Fre.Win.Adv.MLn.Ne7.h4	B	C18	B.Fre	french-b
B.Fre.Win.Adv.MLn.Ne7.Nf3	B	C19	B.Fre	french-b
B.Fre.Win.Adv.MLn.Qc7	B	C18	B.Fre	french-b
B.Fre.Win.Adv.MLn.Qa5	B	C18	B.Fre	french-b
B.Fre.Win.Adv.Smy	B	C19	B.Fre	french-b
B.Fre.Win.Adv.Pos	B	C19	B.Fre	french-b
B.Fre.Win.Adv.Pos.Qa5	B	C19	B.Fre	french-b
B.Fre.Win.Adv.Pos.Qa5.Bd2	B	C19	B.Fre	french-b
B.Fre.Win.Adv.Pos.Qa5.Qd2	B	C19	B.Fre	french-b
B.Sca.Ten	B	A06	B.Sca	misc
B.Sca.Ten.Brg	B	A06	B.Sca	misc
E.Gru.Nf3	E	D90	E.Gru	gruenfeld-e
E.Gru.Bg5	E	D80	E.Gru	gruenfeld-e
E.Gru.Bg5.Ne4	E	D80	E.Gru	gruenfeld-e
E.Gru.Qb3	E	D81	E.Gru	gruenfeld-e
E.Gru.g4	E	D80	E.Gru	gruenfeld-e
E.Gru.h4	E	D80	E.Gru	gruenfeld-e
E.Gru.cxd5	E	D85	E.Gru	gruenfeld-e
E.Gru.cxd5.Nxd5	E	D85	E.Gru	gruenfeld-e
E.Gru.cxd5.Nxd5.Na4	E	D85	E.Gru	gruenfeld-e
E.Gru.Thr.Qa4	E	D90	E.Gru	gruenfeld-e
E.Gru.Thr.Bg5	E	D91	E.Gru	gruenfeld-e
E.Gru.Thr.Bf4	E	D92	E.Gru	gruenfeld-e
E.Gru.Thr.e3	E	D94|D95	E.Gru	gruenfeld-e
E.Gru.Thr.e3.O-O	E	D94|D95	E.Gru	gruenfeld-e
E.Gru.Thr.e3.O-O.Bd3	E	D94	E.Gru	gruenfeld-e
E.Gru.Thr.e3.O-O.Qb3	E	D95	E.Gru	gruenfeld-e
E.Gru.Thr.e3.O-O.b4	E	D94	E.Gru	gruenfeld-e
E.Gru.Exc.SeV.Nf3	E	D85	E.Gru	gruenfeld-e
E.Gru.Exc.SeV.Bc4	E	D86|D87|D88|D89	E.Gru	gruenfeld-e
E.Gru.Exc.SeV.Bc4.O-O	E	D86	E.Gru	gruenfeld-e
E.Gru.Exc.SeV.Bc4.c5	E	D87|D88|D89	E.Gru	gruenfeld-e
E.Gru.Exc.SeV.Bc4.c5.Ne2	E	D87|D88|D89	E.Gru	gruenfeld-e
E.Gru.Rus.Hng.e4	E	D97	E.Gru	gruenfeld-e
E.Gru.Rus.Hng.e4.a6	E	D97	E.Gru	gruenfeld-e
E.Gru.Rus.Hng.e4.b6	E	D97	E.Gru	gruenfeld-e
E.Gru.Rus.Hng.e4.Bg4	E	D98|D99	E.Gru	gruenfeld-e
E.KID.Sml.Cst.Nge2.c5	E	A65	E.KID	indians-e
E.Ind.e6.Nf3.c5	E	A61|A70|A71	E.Ind	indians-e
E.Ind.e6.Nf3.c5.d5	E	A61|A70|A71	E.Ind	indians-e
E.Ind.e6.Nf3.c5.d5.exd5	E	A61|A70|A71	E.Ind	indians-e
E.Ben.d5	E	A56|A60|A65	E.Ben	indians-e
E.Ben.d5.d6	E	A56	E.Ben	indians-e
E.Ben.d5.e6	E	A60|A65	E.Ben	indians-e
E.Ben.d5.e6.Nc3	E	A65	E.Ben	indians-e
E.Ben.d5.e6.Nc3.exd5	E	A65	E.Ben	indians-e
E.Ben.d5.e6.Nc3.exd5.cxd5	E	A65	E.Ben	indians-e
E.Ben.d5.Ne4	E	A56	E.Ben	indians-e
E.Ben.dxc5	E	A56	E.Ben	indians-e
E.Ben.dxc5.e6	E	A56	E.Ben	indians-e
E.Ben.Old.Adv.Nf6	E	A43	E.Ben	indians-e
E.Ben.Old.Adv.Nf6.Nf3	E	A43	E.Ben	indians-e
E.Ben.Old.Adv.Nf6.Nc3	E	A43	E.Ben	indians-e
E.Ben.Old.Adv.f5	E	A43	E.Ben	indians-e
E.Ben.Old.Adv.f5.e4	E	A43	E.Ben	indians-e
E.Ben.Old.Adv.e5	E	A44	E.Ben	indians-e
E.Ben.Old.Adv.e5.e4	E	A44	E.Ben	indians-e
E.Ben.Bnk.e4	E	A57	E.Ben	indians-e
E.Ben.Bnk.Nf3	E	A57	E.Ben	indians-e
E.Ben.Bnk.f3	E	A57	E.Ben	indians-e
E.Ben.Bnk.Nd2	E	A57	E.Ben	indians-e
E.Ben.Bnk.a4	E	A57	E.Ben	indians-e
E.Ben.Bnk.g4	E	A57	E.Ben	indians-e
E.Ben.Bnk.Acc.f3	E	A57	E.Ben	indians-e
E.Ben.Bnk.Acc.e3	E	A57	E.Ben	indians-e
E.Ben.Bnk.Acc.b6	E	A57	E.Ben	indians-e
E.Ben.Bnk.Acc.Nc3	E	A57	E.Ben	indians-e
E.Ben.Bnk.Acc.Nc3.axb5	E	A57	E.Ben	indians-e
A.QPO.Nf6.Nf3.e6.e3.b6	A	E14	A.QPO	london-colle-a
B.Fre.Adv.c5	B	C02	B.Fre	french-b
B.Fre.Adv.c5.c3	B	C02	B.Fre	french-b
B.Fre.Adv.c5.c3.Nc6	B	C02	B.Fre	french-b
B.Fre.Adv.c5.c3.Nc6.Nf3	B	C02	B.Fre	french-b
B.Fre.Adv.c5.c3.Qb6	B	C02	B.Fre	french-b
B.Fre.Adv.c5.Nf3	B	C02	B.Fre	french-b
B.Fre.Adv.c5.Nf3.cxd4	B	C02	B.Fre	french-b
B.Fre.Adv.c5.b4	B	C02	B.Fre	french-b
B.Fre.Adv.c5.dxc5	B	C02	B.Fre	french-b
B.Fre.Adv.Bd7	B	C02	B.Fre	french-b
A.Hor.Fch.MLn.Bg5	A	D50|D51|D53|D54	A.Hor	london-colle-a
A.Hor.Fch.MLn.Bg5.c5	A	D50	A.Hor	london-colle-a
A.Hor.Fch.MLn.Bg5.c5.cxd5	A	D50	A.Hor	london-colle-a
A.Hor.Fch.MLn.Bg5.Nbd7	A	D51	A.Hor	london-colle-a
A.Hor.Fch.MLn.Bg5.Nbd7.e3	A	D51	A.Hor	london-colle-a
A.Hor.Fch.MLn.Bg5.Be7	A	D53|D54	A.Hor	london-colle-a
A.Hor.Fch.MLn.Bg5.Be7.Nf3	A	D53	A.Hor	london-colle-a
A.Hor.Fch.MLn.Bg5.Be7.Bxf6	A	D53	A.Hor	london-colle-a
A.Hor.Fch.MLn.Bf4	A	D35	A.Hor	london-colle-a
A.Hor.Fch.MLn.cxd5	A	D35	A.Hor	london-colle-a
A.Kan.MLn.e3.c5	A	E29|E41|E42	A.Kan	misc
A.Kan.MLn.e3.c5.Bd3	A	E29	A.Kan	misc
A.Kan.MLn.e3.c5.Bd3.Nc6	A	E29	A.Kan	misc
A.Kan.MLn.e3.c5.Ne2	A	E42	A.Kan	misc
A.Kan.MLn.e3.O-O	A	E28|E46|E50|E51	A.Kan	misc
A.Kan.MLn.e3.O-O.a3	A	E28|E51	A.Kan	misc
A.Kan.MLn.e3.O-O.Nf3	A	E50|E51	A.Kan	misc
A.Kan.MLn.e3.O-O.Nf3.d5	A	E51	A.Kan	misc
A.Kan.MLn.e3.O-O.Ne2	A	E46	A.Kan	misc
A.Kan.MLn.e3.Ne4	A	E43	A.Kan	misc
A.Kan.MLn.e3.Ne4.Qc2	A	E43	A.Kan	misc
B.Fre.Mac.MLn.exf6	B	C12	B.Fre	french-b
B.Fre.Mac.MLn.exf6.hxg5	B	C12	B.Fre	french-b
B.Fre.Mac.MLn.exf6.hxg5.fxg7	B	C12	B.Fre	french-b
B.Fre.Mac.MLn.Bc1	B	C12	B.Fre	french-b
B.Fre.Mac.MLn.Bd2	B	C12	B.Fre	french-b
B.Fre.Mac.MLn.Bd2.Bxc3	B	C12	B.Fre	french-b
B.Fre.Mac.MLn.Bd2.Nfd7	B	C12	B.Fre	french-b
B.Fre.Mac.MLn.Be3	B	C12	B.Fre	french-b
A.QPO.g6.Nf3.Bg7.Nc3	A	D00	A.QPO	london-colle-a
A.QPO.g6.Nf3.Bg7.Nc3.d5	A	D00	A.QPO	london-colle-a
A.QPO.g6.Nf3.Bg7.Bf4	A	D02	A.QPO	london-colle-a
A.QPO.g6.Nf3.Bg7.Bf4.c5	A	D02	A.QPO	london-colle-a
E.Ben.Old.dxc5	E	A43	E.Ben	indians-e
E.Ben.Old.dxc5.Na6	E	A43	E.Ben	indians-e
E.Ben.Old.dxc5.b6	E	A43	E.Ben	indians-e
E.Ben.Old.c4	E	A43	E.Ben	indians-e
E.Ben.Old.c4.cxd4	E	A43	E.Ben	indians-e
E.Ben.Old.c4.cxd4.e3	E	A43	E.Ben	indians-e
B.Fre.Cls.exd5	B	C01|C11	B.Fre	french-b
B.Fre.Cls.exd5.exd5	B	C01|C11	B.Fre	french-b
B.Fre.Cls.exd5.exd5.Bg5	B	C01	B.Fre	french-b
B.Fre.Cls.Bd3	B	C11	B.Fre	french-b
B.Fre.Cls.Be3	B	C11	B.Fre	french-b
B.Fre.Tar.Cls.MLn.Bd3	B	C05|C06	B.Fre	french-b
B.Fre.Tar.Cls.MLn.Bd3.c5	B	C05|C06	B.Fre	french-b
B.Fre.Tar.Cls.MLn.f4	B	C05	B.Fre	french-b
E.Ben.Mod.Cls.MLn.a6	E	A74|A75	E.Ben	indians-e
E.Ben.Mod.Cls.MLn.a6.a4	E	A74|A75	E.Ben	indians-e
E.Ben.Mod.Cls.MLn.Re8	E	A76|A77|A78|A79	E.Ben	indians-e
B.Fre.Cls.MLn.e5.Nfd7.Bxe7	B	C14	B.Fre	french-b
B.Fre.Cls.MLn.e5.Nfd7.Qg4	B	C14	B.Fre	french-b
B.Fre.Cls.MLn.e5.Nfd7.Qd2	B	C14	B.Fre	french-b
B.Fre.Cls.MLn.e5.Nfd7.f4	B	C14	B.Fre	french-b
B.Fre.Cls.MLn.e5.Nfd7.Bd3	B	C14	B.Fre	french-b
A.Hor.Fch.Nf3	A	D30	A.Hor	london-colle-a
A.Hor.Fch.Nf3.c5	A	D30	A.Hor	london-colle-a
A.Hor.Fch.Nf3.c5.cxd5	A	D30	A.Hor	london-colle-a
A.Hor.Fch.Nc3	A	D31	A.Hor	london-colle-a
A.Hor.Fch.Nc3.c6	A	D31	A.Hor	london-colle-a
E.Ben.Bnk.Acc.MLn.g6	E	A58|A59	E.Ben	indians-e
E.Ben.Bnk.Acc.MLn.g6.Nc3	E	A58|A59	E.Ben	indians-e
E.Ben.Bnk.Acc.MLn.Bxa6.Nc3	E	A58|A59	E.Ben	indians-e
B.Fre.Cls.MLn.ACh.Bxg5	B	C13	B.Fre	french-b
B.Fre.Cls.MLn.ACh.Bxg5.hxg5	B	C13	B.Fre	french-b
B.Fre.Cls.MLn.ACh.c5	B	C13	B.Fre	french-b
B.Fre.Cls.MLn.ACh.a6	B	C13	B.Fre	french-b
B.Fre.Cls.MLn.ACh.O-O	B	C13	B.Fre	french-b
B.Fre.Cls.MLn.ACh.f6	B	C13	B.Fre	french-b
D.Cat.Cls.Qc2.c6.Nbd2	D	E09	D.Cat	catalan-d
D.Cat.Cls.Qc2.c6.Bf4	D	E08|E09	D.Cat	catalan-d
D.Cat.Cls.Qc2.c6.Bf4.b6	D	E08|E09	D.Cat	catalan-d
A.OID.Mod.MLn.Nf6.Bg5	A	E70	A.OID	misc
A.OID.Mod.MLn.Nf6.Nge2	A	E70	A.OID	misc
A.OID.Mod.MLn.Nf6.g3	A	E72	A.OID	misc
A.OID.Mod.MLn.Nf6.Be2	A	E73	A.OID	misc
A.Mod.Avk.MLn.Be2.Na6	A	E91	A.Mod	misc
A.Mod.Avk.MLn.Be2.e5	A	E92|E94	A.Mod	misc
A.Mod.Avk.MLn.Be2.e5.O-O	A	E94	A.Mod	misc
E.Ben.Old.Adv.Nf6.Nf3.c4	E	A43	E.Ben	indians-e
E.OldI.Jan.Fch	E	A53	E.OldI	indians-e
E.OldI.Jan.Grn	E	A53	E.OldI	indians-e
E.OldI.Jan.f3	E	A53	E.OldI	indians-e
E.Ben.Mod.KPL	E	A65	E.Ben	indians-e
E.Ben.Mod.KPL.Be3	E	A65	E.Ben	indians-e
E.Ben.Mod.KPL.Bg5	E	A65	E.Ben	indians-e
E.Ben.Mod.KPL.Nge2	E	A65	E.Ben	indians-e
E.Gru.Exc.Cla.Rb1	E	D85	E.Gru	gruenfeld-e
E.Gru.Exc.Cla.h3	E	D85	E.Gru	gruenfeld-e
E.Gru.Exc.Cla.Rb1.O-O	E	D85	E.Gru	gruenfeld-e
E.Gru.Exc.Cla.Rb1.O-O.Be2	E	D85	E.Gru	gruenfeld-e
E.Gru.Exc.Cla.Pwn	E	D85	E.Gru	gruenfeld-e
E.Ben.Nf3	E	A31|A56	E.Ben	indians-e
E.Ben.e3	E	A56	E.Ben	indians-e
E.Ben.e3.g6	E	A56	E.Ben	indians-e
E.Ben.e3.g6.Nc3	E	A56	E.Ben	indians-e
E.Ben.e3.g6.Nc3.Bg7	E	A56	E.Ben	indians-e
E.Ben.e3.g6.Nc3.Bg7.Nf3	E	A56	E.Ben	indians-e
E.Bud.Ng4	E	A52	E.Bud	budapest-e
E.Bud.Alk.Nxe5	E	A52	E.Bud	budapest-e
E.Bud.Alk.Nxe5.f4	E	A52	E.Bud	budapest-e
E.Bud.Alk.Nxe5.f4.Nec6	E	A52	E.Bud	budapest-e
E.Bud.Alk.d6	E	A52	E.Bud	budapest-e
E.Bud.Faj.Qc2	E	A51	E.Bud	budapest-e
E.Bud.Rub.Nc6	E	A52	E.Bud	budapest-e
E.Bud.Rub.Nc6.Nf3	E	A52	E.Bud	budapest-e
E.Bud.Adl.Nc6	E	A52	E.Bud	budapest-e
E.OldI.Ukr.e3	E	A54	E.OldI	indians-e
E.OldI.Ukr.e3.Nbd7	E	A54	E.OldI	indians-e
E.OldI.Ukr.e3.Nbd7.Bd3	E	A54	E.OldI	indians-e
E.OldI.Ukr.Nf3	E	A54	E.OldI	indians-e
E.Ind.WIn.f3.d5	E	D70	E.Ind	indians-e
E.Ind.WIn.f3.c5.d5	E	A65	E.Ind	indians-e
E.Ind.WIn.f3.c5.d5.d6	E	A65	E.Ind	indians-e
E.Ind.WIn.KPL	E	A65	E.Ind	indians-e
E.Ind.WIn.Nf3.d5	E	D70	E.Ind	indians-e
E.Gru.Hng.Rc1	E	D83	E.Gru	gruenfeld-e
E.Gru.Hng.Rc1.c5	E	D83	E.Gru	gruenfeld-e
E.Gru.Hng.Rc1.c5.dxc5	E	D83	E.Gru	gruenfeld-e
E.Gru.Hng.Rc1.c5.dxc5.Be6	E	D83	E.Gru	gruenfeld-e
E.Gru.Brn.Res	E	D83	E.Gru	gruenfeld-e
E.Gru.Sml.c5	E	D80	E.Gru	gruenfeld-e
E.Gru.Sml.c5.cxd5	E	D80	E.Gru	gruenfeld-e
E.Gru.Sml.c5.cxd5.Nxd5	E	D80	E.Gru	gruenfeld-e
E.Gru.Sml.c5.cxd5.Nxd5.Na4	E	D80	E.Gru	gruenfeld-e
E.Ben.Old.Adv.d6	E	A43	E.Ben	indians-e
E.Ind.Tgo.d5	E	A50	E.Ind	indians-e
E.Ind.Tgo.d5.Ne5	E	A50	E.Ind	indians-e
E.Ind.Tgo.d5.Ne5.f4	E	A50	E.Ind	indians-e
B.Fre.Tar.Hab	B	C03	B.Fre	french-b
B.Fre.Tar.Mod	B	C03	B.Fre	french-b
B.Fre.Tar.Mor	B	C03	B.Fre	french-b
B.Fre.Tar.Gui.Thb	B	C03	B.Fre	french-b
B.Fre.Tar.Gui.MLn	B	C04	B.Fre	french-b
B.Fre.Tar.Ope.EuK	B	C07	B.Fre	french-b
B.Fre.Tar.Ope.Suc	B	C07	B.Fre	french-b
B.Fre.Bur.Be7	B	C13	B.Fre	french-b
B.Fre.Bur.MLn	B	C11	B.Fre	french-b
B.Fre.Bur.Mrz	B	C11	B.Fre	french-b
B.Fre.Win.Arm.b4	B	C17	B.Fre	french-b
B.Fre.Win.Psn.Ein	B	C18	B.Fre	french-b
B.Fre.Win.Psn.Qxg7	B	C18	B.Fre	french-b
B.Fre.Win.Psn.Qxg7.Nbc6	B	C18	B.Fre	french-b
B.Fre.Win.Psn.O-O	B	C18	B.Fre	french-b
B.Fre.Cls.MLn.Bxf6	B	C13	B.Fre	french-b
B.Fre.Cls.MLn.Bxf6.Qg4	B	C13	B.Fre	french-b
E.Ben.Bnk.Acc.MLn.g6.f4	E	A58	E.Ben	indians-e
E.Ben.Bnk.Acc.MLn.g6.g3	E	A58	E.Ben	indians-e
E.Ben.Bnk.Acc.MLn.g6.Kxf1	E	A59	E.Ben	indians-e
E.Ben.Bnk.Acc.MLn.g6.Kg2	E	A59	E.Ben	indians-e
E.Ben.Bnk.Acc.MLn.g6.Ne2	E	A59	E.Ben	indians-e
E.Ben.Bnk.Acc.MLn.Bxa6.f4	E	A58	E.Ben	indians-e
E.KID.Sml.Cst.Bg5.c5.exd5	E	A65	E.KID	indians-e
E.Ind.e6.Nf3.c5.d5.g6	E	A61	E.Ind	indians-e
E.Ind.e6.Nf3.c5.d5.g3	E	A61	E.Ind	indians-e
E.Ind.e6.Nf3.c5.d5.Nd2	E	A61	E.Ind	indians-e
E.Ind.e6.Nf3.c5.d5.Bg5	E	A61	E.Ind	indians-e
E.Ind.e6.Nf3.c5.d5.e4	E	A70	E.Ind	indians-e
E.Ind.e6.Nf3.c5.d5.h3	E	A70	E.Ind	indians-e
E.Ind.e6.Nf3.d5.Bg5.h6	E	D30	E.Ind	indians-e
E.Ind.e6.Nf3.d5.Bg5.c6	E	D30	E.Ind	indians-e
E.Ind.e6.Nf3.d5.Bg5.Bb4	E	D30	E.Ind	indians-e
E.Ind.e6.Nf3.d5.e3.exd5	E	D35	E.Ind	indians-e
E.Gru.Exc.SeV.Bc4.Lrs	E	D86	E.Gru	gruenfeld-e
E.Gru.Exc.SeV.Bc4.Sim	E	D86	E.Gru	gruenfeld-e
E.Gru.Exc.SeV.Bc4.Lsr	E	D86	E.Gru	gruenfeld-e
E.Gru.Exc.SeV.Bc4.Lb6	E	D86	E.Gru	gruenfeld-e
E.Gru.Rus.Hng.e4.O-O-O	E	D98	E.Gru	gruenfeld-e
E.Gru.Rus.Hng.e4.c5	E	D99	E.Gru	gruenfeld-e
E.Ben.Mod.Cls.MLn.Re8.Tal	E	A77	E.Ben	indians-e
E.Ben.Mod.Cls.MLn.Re8.Na6	E	A78	E.Ben	indians-e
E.Ben.Mod.Cls.MLn.Re8.f3L	E	A79	E.Ben	indians-e
E.Gru.Neo.MLn.cxd5.O-O	E	D74	E.Gru	gruenfeld-e
E.Gru.Neo.MLn.cxd5.dxc5	E	D75	E.Gru	gruenfeld-e
E.Gru.Neo.MLn.cxd5.Nb6	E	D76	E.Gru	gruenfeld-e
E.Ind.WIn.Nf3.Bg7.g3.d5	E	D78	E.Ind	indians-e
E.Ind.WIn.Nf3.Bg7.g3.cxd5	E	D79	E.Ind	indians-e
A.Hor.Fch.MLn.Nf3.Nbd	A	D37	A.Hor	london-colle-a
A.Hor.Fch.MLn.Nf3.Nbd.Bf4	A	D35	A.Hor	london-colle-a
A.Hor.Fch.MLn.Nf3.Nbd.Bg5	A	D37	A.Hor	london-colle-a
A.Hor.Fch.MLn.Bg5.Be7.Ne4	A	D53	A.Hor	london-colle-a
A.Hor.Fch.MLn.Bg5.Be7.Neo	A	D54	A.Hor	london-colle-a
A.EID.Fch.NGr	A	D77	A.EID	london-colle-a
A.EID.Fch.NGr.dxc4	A	D77	A.EID	london-colle-a
A.EID.Fch.NGr.Nc6	A	D77	A.EID	london-colle-a
A.Kan.MLn.e3.c5.Ne2.cxd4	A	E42	A.Kan	misc
A.Col.Bd6.O-O.O-O	A	D05	A.Col	london-colle-a
A.Col.Bd6.O-O.O-O.b3	A	D05	A.Col	london-colle-a
A.Col.Bd6.O-O.O-O.b3.Nbd7	A	D05	A.Col	london-colle-a
A.Lon.Job.e6	A	D01	A.Lon	london-colle-a
A.Lon.Job.g6	A	D01	A.Lon	london-colle-a
D.Cat.O01	D	E04	D.Cat	catalan-d
D.Cat.Fch.Ope	D	E05	D.Cat	catalan-d
D.Cat.Fch.Clo	D	E06	D.Cat	catalan-d
D.Cat.Cls.Qc2.Btr.C01	D	E08	D.Cat	catalan-d
D.Cat.Fch.C01	D	E08	D.Cat	catalan-d
D.Cat.Cls.Qc2.Btr.Spa	D	E08	D.Cat	catalan-d
D.Cat.Fch.Mai	D	E09	D.Cat	catalan-d
B.Sic.McD.Maf	B	C30	B.Sic	misc
B.Fre.Rub.Nxe4	B	C10	B.Fre	french-b
B.Fre.Rub.Ell	B	C10	B.Fre	french-b
B.Fre.Rub.Mar	B	C10	B.Fre	french-b
B.Fre.Mac.Adv	B	C12	B.Fre	french-b
B.Fre.Mac.MLn.Bd2.Bxc3.Kf8	B	C12	B.Fre	french-b
B.Fre.Mac.MLn.Bd2.Bxc3.g6	B	C12	B.Fre	french-b
B.Fre.Tar.Ope.exd5.Qxd5	B	C07	B.Fre	french-b
B.Fre.Tar.Ope.exd5.Nf6	B	C07	B.Fre	french-b
B.Fre.Tar.Ope.exd5.Qxd5.Qd6	B	C07	B.Fre	french-b
B.Fre.Tar.Ope.exd5.Qxd5.Qd8	B	C07	B.Fre	french-b
B.Fre.Tar.Ope.exd5.exd5.c4	B	C08	B.Fre	french-b
B.Fre.Tar.Ope.exd5.exd5.Nc6	B	C09	B.Fre	french-b
B.Fre.Cls.MLn.e5.Nfd7.Nb5	B	C14	B.Fre	french-b
B.Fre.Cls.MLn.e5.Nfd7.c4	B	C14	B.Fre	french-b
B.Fre.Adv.c5.c3.Nc6.Bd7	B	C02	B.Fre	french-b
B.Fre.Adv.c5.c3.Nc6.Qb6	B	C02	B.Fre	french-b
B.Fre.Adv.c5.c3.Nc6.Nh6	B	C02	B.Fre	french-b
B.Fre.Adv.c5.c3.Nc6.Be3	B	C02	B.Fre	french-b
B.Fre.Adv.c5.Nf3.cxd4.Bd3	B	C02	B.Fre	french-b
B.Fre.Tar.Cls.MLn.Bd3.b6	B	C05	B.Fre	french-b
B.Fre.Tar.Cls.MLn.Bd3.Nc6	B	C05	B.Fre	french-b
B.Fre.Tar.Cls.MLn.Bd3.MLn	B	C06	B.Fre	french-b
B.Fre.Tar.Cls.MLn.Bd3.Len	B	C06	B.Fre	french-b
B.Fre.Stn.MLn.f4.c5.Nc6	B	C11	B.Fre	french-b
B.Fre.Stn.MLn.f4.c5.Qg4	B	C11	B.Fre	french-b
B.Fre.Stn.MLn.f4.c5.f6	B	C11	B.Fre	french-b
B.Fre.Stn.MLn.f4.c5.Be3	B	C11	B.Fre	french-b
B.Fre.Cls.exd5.exd5.Bg5.Nc6	B	C01	B.Fre	french-b
B.Fre.Win.Adv.MLn.Ne7.Qc7	B	C18	B.Fre	french-b
B.Fre.Win.Adv.MLn.Ne7.Nbc6	B	C19	B.Fre	french-b
B.Fre.Win.Adv.Pos.Qa5.c4	B	C19	B.Fre	french-b
B.Fre.Win.Psn.MLn.Ne2	B	C18	B.Fre	french-b
B.Fre.Adv.Mil.MLn.O-O	B	C02	B.Fre	french-b
B.Fre.Adv.Mil.MLn.Bd7	B	C02	B.Fre	french-b
B.Fre.Adv.Mil.MLn.Sor	B	C02	B.Fre	french-b
B.Fre.Cls.MLn.e5.Ng8	B	C13	B.Fre	french-b
B.Fre.Cls.MLn.e5.Ne4	B	C13	B.Fre	french-b
B.Fre.Cls.MLn.e5.Ng8.Be3	B	C13	B.Fre	french-b
B.Fre.Win.Psn.MLn.Bd3	B	C18	B.Fre	french-b
B.Fre.Win.Adv.MLn.Nc6	B	C19	B.Fre	french-b
B.Fre.Win.Adv.MLn.Nc6.Qa5	B	C19	B.Fre	french-b
D.Cat.Cls.Qc2.Bf4	D	E08	D.Cat	catalan-d
D.Cat.Cls.Qc2.Bf4.Bb7	D	E08	D.Cat	catalan-d
D.Cat.Cls.Qc2.Bf4.MLn	D	E09	D.Cat	catalan-d
D.Cat.Cls.Qc2.Bf4.Ret	D	E11	D.Cat	catalan-d
D.Cat.Cls.Qc2.Bf4.Ba6	D	E11	D.Cat	catalan-d
D.Cat.Cls.Qc2.Trd	D	E09	D.Cat	catalan-d
D.Cat.Cls.Qc2.Sok	D	E09	D.Cat	catalan-d
E.Ben.Old.Adv.Nf6.Nf3.b5	E	A43	E.Ben	indians-e
E.Ben.Bnk.Acc.Nc3.axb5.Nb5	E	A57	E.Ben	indians-e
E.Ben.Bnk.Acc.Nc3.axb5.Bc4	E	A57	E.Ben	indians-e
E.Ben.Bnk.Acc.MLn.Bxa6.g3	E	A58	E.Ben	indians-e
E.Ben.Bnk.Acc.MLn.Bxa6.Nd2	E	A58	E.Ben	indians-e
E.Ben.Bnk.Acc.MLn.Bxa6.e4	E	A59	E.Ben	indians-e
E.Ben.Mod.Fou.Mik	E	A66	E.Ben	indians-e
E.Ben.Mod.Fou.MLn.Re8	E	A69	E.Ben	indians-e
E.Ben.Mod.Cls.Trd	E	A70	E.Ben	indians-e
E.Ben.Mod.Cls.MLn.a6.Bg4	E	A75	E.Ben	indians-e
E.Gru.Pac	E	D95	E.Gru	gruenfeld-e
E.Gru.Bg5.Ne4.Lun	E	D80	E.Gru	gruenfeld-e
E.Gru.Thr.e3.O-O.Bd2	E	D94	E.Gru	gruenfeld-e
E.Gru.Thr.e3.O-O.Qb3.e6	E	D95	E.Gru	gruenfeld-e
E.Gru.Exc.SeV.Bc4.c5.Bxf7	E	D87	E.Gru	gruenfeld-e
E.Gru.Exc.SeV.Bc4.c5.cxd4	E	D88	E.Gru	gruenfeld-e
E.Gru.Exc.SeV.Bc4.c5.Be6	E	D89	E.Gru	gruenfeld-e
E.Gru.Exc.SeV.Bc4.c5.d5	E	D89	E.Gru	gruenfeld-e
B.Fre.Nrm.d5.Nc3.a6.Nfd7	B	C11	B.Fre	french-b
B.Fre.Nrm.d5.Nc3.a6.a3	B	C11	B.Fre	french-b
B.Fre.Nrm.d5.Nc3.a6.Ne2	B	C11	B.Fre	french-b
B.Fre.Nrm.d5.Nc3.a6.Bg5	B	C14	B.Fre	french-b
B.Fre.Cls.MLn.e5.Qxe7	B	C14	B.Fre	french-b
B.Fre.Cls.MLn.e5.Qxe7.Qg4	B	C14	B.Fre	french-b
B.Fre.Cls.MLn.e5.Qxe7.Qd2	B	C14	B.Fre	french-b
B.Fre.Cls.MLn.e5.Qxe7.f4	B	C14	B.Fre	french-b
B.Fre.Cls.MLn.e5.Qxe7.Bd3	B	C14	B.Fre	french-b
B.Fre.Win.Adv.MLn.Nf3	B	C19	B.Fre	french-b
B.Fre.Win.Adv.MLn.Nf3.Qc7	B	C19	B.Fre	french-b
B.Fre.Win.Adv.MLn.Nf3.h4	B	C19	B.Fre	french-b
B.Fre.Nrm.d5.exd5	B	C01	B.Fre	french-b
B.Fre.Mac.Exc	B	C12	B.Fre	french-b
B.Mod.Std.Ctr.e5	B	A41	B.Mod	misc
B.Mod.Std.Ctr.d6	B	A42	B.Mod	misc
B.Mod.Std.Ctr.d6.Be3	B	A42	B.Mod	misc
B.Mod.Std.Ctr.d6.Be3.f3	B	A42	B.Mod	misc
B.Mod.Pte.Nc3	B	A42	B.Mod	misc
B.Mod.Pte.Nc3.d6	B	A42	B.Mod	misc
A.Ret.Ang.MLn.Nf6.Nc3.Bb2	A	D45	A.Ret	misc
A.Col.Bd6.O-O.O-O.b3.Bb2	A	D05	A.Col	london-colle-a
A.Col.Bd6.O-O.O-O.b3.c6	A	D05	A.Col	london-colle-a
A.Col.Bd6.O-O.O-O.b3.Nbd2	A	D05	A.Col	london-colle-a
A.Hor.Fch.MLn.Bg5.Be7.Qc2	A	D37	A.Hor	london-colle-a
A.Hor.Fch.MLn.Bg5.Be7.h6	A	D53	A.Hor	london-colle-a
A.Hor.Fch.MLn.Bg5.Nbd7.c6	A	D51	A.Hor	london-colle-a
A.Hor.Fch.MLn.Bg5.Nbd7.Bb4	A	D51	A.Hor	london-colle-a
A.Hor.Fch.MLn.Bg5.Nbd7.a3	A	D51	A.Hor	london-colle-a
E.Ben.Old.Adv.Nf6.Nc3.Qa5	E	A43	E.Ben	indians-e
E.Ben.Old.Adv.e5.e4.d6	E	A44	E.Ben	indians-e
E.Ben.Czk.MLn.g6	E	A56	E.Ben	indians-e
E.Ben.Mod.Fch.MLn.O-O.Re8	E	A64	E.Ben	indians-e
E.KID.Sml.Cst.Nge2.c5.cxd5	E	A65	E.KID	indians-e
E.Gru.Hng.MLn.Bxc7	E	D84	E.Gru	gruenfeld-e
E.Gru.Rus.Hng.e4.Na6	E	D97	E.Gru	gruenfeld-e
E.Gru.Rus.Hng.e4.Bg4.Qb3	E	D99	E.Gru	gruenfeld-e
E.Ben.Mod.Cls.O-O	E	A72	E.Ben	indians-e
E.Ind.e6.Nf3.c5.Bg5	E	A71	E.Ind	indians-e
E.Ben.Bnk.Acc.Nc3.axb5.e4	E	A57	E.Ben	indians-e
E.Ben.Bnk.Acc.Nc3.axb5.a4	E	A57	E.Ben	indians-e
E.Ben.Bnk.Acc.MLn.Bxa6.Nf3	E	A58	E.Ben	indians-e
E.Ben.Mod.Cls.MLn.a6.Nd2	E	A74|A75	E.Ben	indians-e
E.Ben.Mod.Cls.MLn.a6.Bg5	E	A74|A75	E.Ben	indians-e
E.Ben.Mod.Fou.MLn.h3	E	A68|A69	E.Ben	indians-e
E.Ben.Mod.Fou.MLn.e5	E	A68|A69	E.Ben	indians-e
E.Gru.Exc.SeV.Bc4.c5.Nc6	E	D87|D88	E.Gru	gruenfeld-e
B.Fre.Adv.Mil.MLn.O-O.Bd7	B	C02	B.Fre	french-b
B.Fre.Adv.NwG.cxd4	B	C02	B.Fre	french-b
B.Fre.Adv.NwG.cxd4.Nf3	B	C02	B.Fre	french-b
B.Fre.Stn.MLn.Nce2	B	C11	B.Fre	french-b
B.Fre.Stn.MLn.Qg4	B	C11	B.Fre	french-b
B.Fre.Win.Adv.Smy.Qc7	B	C19	B.Fre	french-b
A.Ret.Ang.MLn.Nf6.Nc3.Be2	A	D45	A.Ret	misc
A.Ret.Ang.MLn.Nf6.Nc3.Bd3	A	D46	A.Ret	misc
A.Eng.Agi.Nf3.d5.Nbd2	A	E14	A.Eng	misc
A.QPO.Nf6.Nc3.d5.e4	A	D00	A.QPO	london-colle-a
A.PQI.e3.Bb7.Bb2	A	E14	A.PQI	misc
A.Hor.Fch.Nc3.c6.g4	A	D31	A.Hor	london-colle-a
A.Hor.Fch.MLn.Bg5.c5.Qb6	A	D50	A.Hor	london-colle-a
E.Gru.Neo.Del	E	D75	E.Gru	gruenfeld-e
A.Hor.Fch.MLn.Nf3.Be7.b3	A	E14	A.Hor	london-colle-a
A.QPO.Nf6.Nf3.e6.e3.c5	A	D05	A.QPO	london-colle-a
A.QPO.Nf6.Nf3.e6.e3.Be7	A	E14	A.QPO	london-colle-a
A.Kan.MLn.e3.c5.Bd3.O-O	A	E29	A.Kan	misc
A.Kan.MLn.e3.c5.Bd3.Ne8	A	E29	A.Kan	misc
A.KIA.Car.g6	A	B10	A.KIA	misc
A.KIA.Fre.Nc6	A	C00	A.KIA	misc
B.Fre.Rub.MLn.Nf6.Nxf6	B	C10	B.Fre	french-b
B.Fre.Rub.MLn.Nf6.Nxf6.Nxf6	B	C10	B.Fre	french-b
A.Hor.Fch.Nf3.c5.cxd5.Bg5	A	D30	A.Hor	london-colle-a
A.Kan.MLn.e3.O-O.a3.bxc3	A	E28	A.Kan	misc
