ocn1	canonical_name	asked_as	moves_san	person	prev_tier	companion_index	role	rival	verdict	quote
A.Ama	Amar Opening	Amar Opening	1.Nh3	Charles Amar	oxford-companion	1324	unclear	none	entry	Amar Opening, 1 324, usually known as the PARIS OPENING.
A.Bar	Barnes Opening	Barnes Opening	1.f3	Thomas Wilson Barnes	oxford-companion	1282	unclear	none	entry	Barnes Opening, 1 282, an opening move of little merit, so named because of its parallel with the BARNES DEFENCE ( 1 247).
B.Sic.Cls.Bol	Sicilian Classical, Boleslavsky Variation	Boleslavsky Variation	1.e4 c5 2.Nf3 d6 3.d4 cxd4 4.Nxd4 Nf6 5.Nc3 Nc6 6.Be2 e5	Isaac Boleslavsky	oxford-companion	473	popularised	Paulsen	entry	Boleslavsky Variation, 473, in the SICILIAN DEFENCE. Black makes a HOLE at d5 and a BACKWARD PAWN at d6, but he establishes a wedge in the centre and free play for his pieces; if he is able to move his d-pawn safely from d6 to d5 he will probably obtain an advantage in the centre. The move had been played by PAULSEN in the 1880s (against GUNSBERG at Frankfurt 1887, and TARRASCH at Breslau 1889), and a similar line had been played by LASKER, always sceptical of dogma, in 1910. By the 1930s most masters would have regarded 6 . . . e5 as anti-positional but in the early 1940s, when BOLESLAVSKY re
A.Clm	Clemenz Opening	Clemenz Opening	1.h3	Hermann Clemenz	oxford-companion	1323	unclear	none	entry	Clemenz Opening, 1 323, named after the Estonian player Hermann Clemenz ( 1 846-1 908).
B.CaK.Cls.Ng3.Bg6.Nh3	Caro-Kann Classical, Flohr Variation	Flohr Variation	1.e4 c6 2.d4 d5 3.Nc3 dxe4 4.Nxe4 Bf5 5.Ng3 Bg6 6.Nh3	Salo Flohr	oxford-companion	574	popularised	Opocensky	entry	Flohr Variation, 33 and 44 in the ENGLISH OPENING, the first recommended by ALEKHINE in 1 926 as a refutation of 2 NB, the second introduced by NIMZOWITSCH and taken up successfully by FLOHR in 1 933; 72 in the QUEEN'S GAMBIT ACCEPTED, played by Flohr against RESHEVSKY at Nottingham 1 936 ('seems to rehabilitate the entire line of defence' -Alekhine): 376 and 379 in the GRUNFELD DEFENCE; 466 in the SICILIAN DEFENCE, played by Flohr several times at Nottingham and Moscow in 1 936; 574 in the CARO- KANN DEFENrE, an idea of OPOCENSKY's played twice by Flohr at Moscow 1935: 1 27 1 in the ALEKHINE 
C.KPO.Kgt.MLn.g3	King's Knight Opening Main Line, g3	Konstantinopolsky Opening	1.e4 e5 2.Nf3 Nc6 3.g3	Alexander Konstantinopolsky	oxford-companion	1013	originated	none	entry	Konstantinopolsky Opening, 1 0 1 3, introduced to master play in the game Konstantinopolsky-Ragozin, team championship, Moscow 1 956.
C.Ita.Evn.Acc.Stn.d4.b5	Evans Accepted Steinitz d4, b5	Leonhardt Variation	1.e4 e5 2.Nf3 Nc6 3.Bc4 Bc5 4.b4 Bxb4 5.c3 Ba5 6.d4 b5	Paul Saladin Leonhardt	oxford-companion				no-entry	
C.Ita.Two.Max	Italian Two Knights, Max Lange Attack	Max Lange Attack	1.e4 e5 2.Nf3 Nc6 3.Bc4 Nf6 4.d4 exd4 5.0-0 Bc5 6.e5	Max Lange	oxford-companion				no-entry	
A.Mie	Mieses Opening	Mieses Opening	1.d3	Jacques Mieses	oxford-companion	47	unclear	none	entry	Mieses Opening, 47, played by BODEN in the 1 850s and by MIESES in his match against TEICHMANN, 1 9 1 0; in Spain it is called the Valencia Opening.
B.OwM	Owen's Modern (...b6 vs e4)	Owen's Defense	1.e4 b6	John Owen	oxford-companion	443	popularised	none	entry	Owen Defence, 443, the QUEEN'S FIANCHETTO DEFENCE, which OWEN played frequently in the 1 9th century. He often defended any opening by 1 . . .  b6 or 1 . . .  g6 and as often began a game by 1 b3 or 1 g3 .
A.Ret.d5.c4	Réti Opening, 2.c4	Réti Opening	1.Nf3 d5 2.c4	Richard Réti	oxford-companion	1286	popularised	Wolf	entry	Reti Opening, 1 286. also called the Landstrasse Gambit. It may transpose, for example, to the CATALAN OPENING. If instead White maintains a SMALL CENTRE, fianchettoes both bishops, and castles on the king's-side, the play is a Reti System. White endeavours to control the central squares directly or indirectly with pieces, withholding the advance of centre pawns to the fourth rank until Black's intentions are known. Meanwhile White remains poised to attack any enemy pawn centre that might be set up. The opening was first played in a game A. E. Wolf-Teich, in the Landstrasse Schachbund, 1 923, 
C.KGm.Acc.Nf3.Scl	King's Gambit Accepted, Schallopp Defence	Schallopp Defense	1.e4 e5 2.f4 exf4 3.Nf3 Nf6	Emil Schallopp	oxford-companion	1126	popularised	Shumov	entry	Schallopp Defence, 1 1 26 in the KING'S GAMBIT Accepted, played Thorold- Schallopp, Hereford 1 885, but popular with the Russian player llya Stepanovich Shumov ( 1 8 1 9-8 1 )  much earlier. For example, a game Jaenisch Shumov, in this line, was in the Illustrated London News, 20 April 1 857.
C.RyL.Shl	Ruy López, Schliemann Defence	Schliemann–Jaenisch Gambit	1.e4 e5 2.Nf3 Nc6 3.Bb5 f5	Carl Jaenisch	oxford-companion				no-entry	
A.Pol	Polish Opening	Sokolsky Opening	1.b4	Alexey Sokolsky	oxford-companion	6	popularised	none	entry	Sokolsky Opening, 6, the ORANG UTAN OPENING. The Soviet player Alexei Pavlovich Sokolsky ( 1 908-69) made it the subject of a monograph, Debyut 1 b2-b4 ( 1 963). He wrote a general openings manual, Slwkhmatny debyut ( 1 960), where he advocated many novelties.
C.KGm.Dec.Cls.fxe5	King's Gambit Declined Classical, Soldatenkov	Soldatenkov Variation	1.e4 e5 2.f4 Bc5 3.Nf3 d6 4.fxe5	Vasily Soldatenkov	oxford-companion	1077	originated	Lopez	entry	Soldatenkov Variation, 1 077 in the KING'S GAMBIT Declined, a line given by LOPEZ in 1 56 1  but not taken seriously until played at Carlsbad 1 907 by MARSHALL. The idea came from Vasily V. Soldatenkov, a Russian military attache of the Tsarist times.
B.Sic.Tay.Nb5	Sicilian Taimanov, Szén Variation	Szén Variation	1.e4 c5 2.Nf3 e6 3.d4 cxd4 4.Nxd4 Nc6 5.Nb5	József Szén	oxford-companion				no-entry	
C.KGm.Acc.Vil	King's Gambit Accepted, Villemson Gambit	Villemson Gambit	1.e4 e5 2.f4 exf4 3.d4	Martin Villemson	oxford-companion	1113	popularised	Steinitz, Krause, Polerio, Rosentreter	entry	Villemson Gambit, 1 1 1 3 in the KING'S GAMBIT Accepted, sometimes called the Steinitz Gambit (perhaps because of its resemblance to 6 1 4, but STEINITZ did play it in a consultation game in 1 880), or the Krause, Polerio, or Rosentreter Gambit. Martin Villemson ( 1 897- 1 933) of Parnu, Estonia, editor of the chess magazine Eesti Maleilm, played it in the first International Correspondence Tournament of the Deutsche Schachzeitung. He was a strong correspondence player and may well have inspired KERES to try that activity, in which they overlapped.
A.War	Ware Opening	Ware Opening	1.a4	Preston Ware	oxford-companion	3	unclear	none	entry	Ware Opening, 3, also known as the Meadow Hay Opening. Preston Ware ( 1 82 1 -90) of the USA had an independent attitude to openings. He also liked the STONE- WARE DEFENCE and the STONEWALL Attack.
C.RyL.Cls.c3.O-O.h3.Bb7	Ruy López Closed h3, Bb7	Zaitsev Variation	1.e4 e5 2.Nf3 Nc6 3.Bb5 a6 4.Ba4 Nf6 5.0-0 Be7 6.Re1 b5 7.Bb3 d6 8.c3 0-0 9.h3 Bb7	Igor Zaitsev	oxford-companion	772	recommended	none	entry	Zaitsev Variation, 543 in the SICILIAN DEFENCE; 772 in the SPANISH OPENING, recommended in 1 973 and 1 968 respectively by the Soviet player Igor Arkadyevich Zaitsev ( 1 938 - ). Sometimes used for the LENZERHEIDE VARIATION, 747.
