ocn1	canonical_name	wikipedia_name	place	relation	moves_san	moves_uci	source_tier	evidence_grade	already_attributed	citation
B.Nim.ScD.exd5.Nb4	Nimzowitsch Scandinavian, Aachen Gambit	Aachen Gambit of the Nimzowitsch Defense	Aachen	named-after-place	1.e4 Nc6 2.d4 d5 3.exd5 Nb4	e2e4 b8c6 d2d4 d7d5 e4d5 c6b4	none	traditional		no source cited in Wikipedia's list of chess openings named after people; recorded as traditional usage only
A.Van.d5.e4.dxe4.Bc4	Van Geet Opening, Hector Gambit	Aasum Gambit of the Dunst Opening	Aasum	alias-candidate	1.Nc3 d5 2.e4 dxe4 3.Bc4	b1c3 d7d5 e2e4 d5e4 f1c4	none	traditional		no source cited in Wikipedia's list of chess openings named after people; recorded as traditional usage only
C.KGm.Acc.Nf3.Mod	King's Gambit Accepted, Modern Defence	Abbazia Defense of the King's Gambit	Abbazia	alias-candidate	1.e4 e5 2.f4 exf4 3.Nf3 d5	e2e4 e7e5 f2f4 e5f4 g1f3 d7d5	web	attested		<ref>[http://www.chess.com/chessopedia/view/abbazia-defense Abbazia Defense]{{Webarchive |url=https://web.archive.org/web/20141018151356/http://www.chess.com/chessopedia/view/abbazia-defense |date=2014-10-18 }} from chess.com. The name 'Abbazia' comes from the Abbazia 1912 tournament in which the va -- cited by Wikipedia, 'List of chess openings named after people'; not independently checked
C.KGm.Nc6.Nf3.f5	King's Gambit Declined, Miles Defence	Adelaide Countergambit of the King's Gambit	Adelaide	alias-candidate	1.e4 e5 2.f4 Nc6 3.Nf3 f5	e2e4 e7e5 f2f4 b8c6 g1f3 f7f5	none	traditional		no source cited in Wikipedia's list of chess openings named after people; recorded as traditional usage only
A.Eng.Agi	English Opening, Agincourt Defence	Agincourt Defense of the English Opening	Agincourt	named-after-place	1.c4 e6	c2c4 e7e6	none	traditional		no source cited in Wikipedia's list of chess openings named after people; recorded as traditional usage only
D.QPG.c4	Queen's Gambit, c4	Aleppo Gambit, synonym of the Queen's Gambit	Aleppo	alias-candidate	1.d4 d5 2.c4	d2d4 d7d5 c2c4	none	traditional		no source cited in Wikipedia's list of chess openings named after people; recorded as traditional usage only
D.QPG.Ama	Amazon Attack	Amazon Attack of the Queen's Pawn Opening	Amazon	named-after-place	1.d4 d5 2.Qd3	d2d4 d7d5 d1d3	none	traditional		no source cited in Wikipedia's list of chess openings named after people; recorded as traditional usage only
A.Hol.Sta.fxe4.Nd2	Dutch Staunton Accepted, American Attack	American Attack of the Dutch Defense, variation of the Staunton Gambit	American	named-after-place	1.d4 f5 2.e4 fxe4 3.Nd2	d2d4 f7f5 e2e4 f5e4 b1d2	none	traditional		no source cited in Wikipedia's list of chess openings named after people; recorded as traditional usage only
B.Sic.Tay.Nc3.Nf6.Ndb5.Bb4	Taimanov Four Knights, American Attack	American Attack of the Sicilian Defense, Taimanov Variation	American	named-after-place	1.e4 c5 2.Nf3 e6 3. d4 cxd4 4. Nxd4 Nc6 5. Nc3 Nf6 6. Ndb5 Bb4 7. Nd6+	e2e4 c7c5 g1f3 e7e6 d2d4 c5d4 f3d4 b8c6 b1c3 g8f6 d4b5 f8b4 b5d6	none	traditional		no source cited in Wikipedia's list of chess openings named after people; recorded as traditional usage only
B.Sic.Naj.f4	Sicilian Najdorf, Amsterdam Variation	Amsterdam Variation of the Sicilian Defense, Najdorf Variation	Amsterdam	named-after-place	1.e4 c5 2.Nf3 d6 3.d4 cxd4 4.Nxd4 Nf6 5.Nc3 a6 6.f4	e2e4 c7c5 g1f3 d7d6 d2d4 c5d4 f3d4 g8f6 b1c3 a7a6 f2f4	none	traditional		no source cited in Wikipedia's list of chess openings named after people; recorded as traditional usage only
A.Ret.f6	Zukertort Opening, Arctic Defence	Arctic Defense of the Zukertort Opening	Arctic	named-after-place	1.Nf3 f6	g1f3 f7f6	none	traditional		no source cited in Wikipedia's list of chess openings named after people; recorded as traditional usage only
C.RyL.Mor.Ark	Ruy López Morphy, Arkhangelsk	Arkhangelsk Defense (or Archangel Defense) of the Ruy Lopez	Arkhangelsk	named-after-place	1.e4 e5 2.Nf3 Nc6 3.Bb5 a6 4.Ba4 Nf6 5.0-0 b5 6.Bb3 Bb7	e2e4 e7e5 g1f3 b8c6 f1b5 a7a6 b5a4 g8f6 e1g1 b7b5 a4b3 c8b7	none	traditional		no source cited in Wikipedia's list of chess openings named after people; recorded as traditional usage only
B.Fre.Win.Arm.b4	French Winawer Armenian, b4 Line	Armenian Variation of the French Defense	Armenian	named-after-place	1.e4 e6 2.d4 d5 3.Nc3 Bb4 4.e5 c5 5.a3 Ba5 6. b4 cxd4	e2e4 e7e6 d2d4 d7d5 b1c3 f8b4 e4e5 c7c5 a2a3 b4a5 b2b4 c5d4	none	traditional		no source cited in Wikipedia's list of chess openings named after people; recorded as traditional usage only
A.Aus	Australian Defence	Australian Defense	Australian	named-after-place	1.d4 Na6	d2d4 b8a6	none	traditional		no source cited in Wikipedia's list of chess openings named after people; recorded as traditional usage only
C.KGm.Acc.Nf3.KKn.Bc4.Aus	King's Gambit Accepted, Australian Gambit	Australian Gambit of the King's Gambit	Australian	named-after-place	1.e4 e5 2.f4 exf4 3.Nf3 g5 4.Bc4 g4 5.h4	e2e4 e7e5 f2f4 e5f4 g1f3 g7g5 f1c4 g5g4 h2h4	none	traditional		no source cited in Wikipedia's list of chess openings named after people; recorded as traditional usage only
B.Pir.Aus	Pirc, Austrian Attack	Austrian Attack in the Pirc Defense	Austrian Pirc	alias-candidate	1.e4 d6 2.d4 Nf6 3.Nc3 g6 4.f4	e2e4 d7d6 d2d4 g8f6 b1c3 g7g6 f2f4	none	traditional		no source cited in Wikipedia's list of chess openings named after people; recorded as traditional usage only
D.QPG.c4.c5	Queen's Gambit, Austrian Defence	Austrian Defense of the Queen's Gambit Declined	Austrian	named-after-place	1.d4 d5 2.c4 c5	d2d4 d7d5 c2c4 c7c5	none	traditional		no source cited in Wikipedia's list of chess openings named after people; recorded as traditional usage only
D.QGD.Bal	QGD, Baltic Defence	Baltic Defense of the Queen's Gambit Declined	Baltic	named-after-place	1.d4 d5 2.c4 Bf5	d2d4 d7d5 c2c4 c8f5	none	traditional		no source cited in Wikipedia's list of chess openings named after people; recorded as traditional usage only
A.Pol.Bal	Polish Opening, Baltic Defence	Baltic Defense of the Polish Opening	Baltic	named-after-place	1.b4 d5 2.Bb2 Bf5	b2b4 d7d5 c1b2 c8f5	none	traditional		no source cited in Wikipedia's list of chess openings named after people; recorded as traditional usage only
A.Van	Van Geet Opening	Baltic Opening (or Dunst Opening)	Baltic	alias-candidate	1.Nc3	b1c3	none	traditional		no source cited in Wikipedia's list of chess openings named after people; recorded as traditional usage only
C.RyL.Mor.Ba4.Nf6.O-O.Bas	Ruy López, Closed, Basque Gambit	Basque Gambit of the Ruy Lopez	Basque	named-after-place	1.e4 e5 2.Nf3 Nc6 3.Bb5 a6 4.Ba4 Nf6 5.0-0 Be7 6.d4 exd4 7.e5 Ne4 8.c3	e2e4 e7e5 g1f3 b8c6 f1b5 a7a6 b5a4 g8f6 e1g1 f8e7 d2d4 e5d4 e4e5 f6e4 c2c3	none	traditional		no source cited in Wikipedia's list of chess openings named after people; recorded as traditional usage only
C.KPO.c4.d5	King's Pawn Game, Bavarian Gambit	Bavarian Gambit	Bavarian	named-after-place	1.e4 e5 2.c4 d5	e2e4 e7e5 c2c4 d7d5	none	traditional		no source cited in Wikipedia's list of chess openings named after people; recorded as traditional usage only
C.RyL.Mor.Ba4.Nf6.Bxc6	Ruy López Morphy Nf6, Bayreuth	Bayreuth Variation of the Ruy Lopez	Bayreuth	named-after-place	1.e4 e5 2.Nf3 Nc6 3.Bb5 a6 4.Ba4 Nf6 5.Bxc6	e2e4 e7e5 g1f3 b8c6 f1b5 a7a6 b5a4 g8f6 a4c6	none	traditional		no source cited in Wikipedia's list of chess openings named after people; recorded as traditional usage only
C.Fou.Sco.Bel	Four Knights Scotch, Belgrade Gambit	Belgrade Gambit of the Four Knights	Belgrade	named-after-place	1.e4 e5 2.Nf3 Nc6 3.Nc3 Nf6 4.d4 exd4 5.Nd5	e2e4 e7e5 g1f3 b8c6 b1c3 g8f6 d2d4 e5d4 c3d5	none	traditional		no source cited in Wikipedia's list of chess openings named after people; recorded as traditional usage only
C.RyL.Ber	Ruy López, Berlin Defence	Berlin Defense of the Ruy Lopez	Berlin	named-after-place	1.e4 e5 2.Nf3 Nc6 3.Bb5 Nf6	e2e4 e7e5 g1f3 b8c6 f1b5 g8f6	none	traditional		no source cited in Wikipedia's list of chess openings named after people; recorded as traditional usage only
C.RyL.Ber.O-O.Bc5	Ruy López Berlin Castled, Classical Bishop	Beverwijk Variation of the Ruy Lopez, Berlin Defense	Beverwijk	alias-candidate	1.e4 e5 2.Nf3 Nc6 3.Bb5 Nf6 4.0-0 Bc5	e2e4 e7e5 g1f3 b8c6 f1b5 g8f6 e1g1 f8c5	none	traditional		no source cited in Wikipedia's list of chess openings named after people; recorded as traditional usage only
B.StG	St. George Defence	Birmingham Defense (more commonly as the St. George Defense):	Birmingham	alias-candidate	1.e4 a6	e2e4 a7a6	none	traditional		no source cited in Wikipedia's list of chess openings named after people; recorded as traditional usage only
A.Pol.Bhm	Polish Opening, Birmingham Gambit	Birmingham Gambit of the Polish Opening	Birmingham	named-after-place	1.b4 c5	b2b4 c7c5	none	traditional		no source cited in Wikipedia's list of chess openings named after people; recorded as traditional usage only
C.KPO.Kgt.Qe7	King's Knight Opening, Gunderam Defence	Brazilian Defense	Brazilian	alias-candidate	1.e4 e5 2.Nf3 Qe7	e2e4 e7e5 g1f3 d8e7	none	traditional		no source cited in Wikipedia's list of chess openings named after people; recorded as traditional usage only
A.Eng.Rev.Nc3.Nf6.g3	English Reversed Sicilian Two Knights, g3	Bremen Variation of the English Opening	Bremen	alias-candidate	1.c4 e5 2.Nc3 Nf6 3.g3	c2c4 e7e5 b1c3 g8f6 g2g3	none	traditional		no source cited in Wikipedia's list of chess openings named after people; recorded as traditional usage only
C.RyL.Mor.Opn.MLn.Brs	Ruy López, Open, Breslau Variation	Breslau Variation of the Ruy Lopez	Breslau	named-after-place	1.e4 e5 2.Nf3 Nc6 3.Bb5 a6 4.Ba4 Nf6 5.0-0 Nxe4 6.d4 b5 7.Bb3 d5 8.dxe5 Be6 9.c3 Be7 10.Re1 0-0 11.Nd4 Nxe5	e2e4 e7e5 g1f3 b8c6 f1b5 a7a6 b5a4 g8f6 e1g1 f6e4 d2d4 b7b5 a4b3 d7d5 d4e5 c8e6 c2c3 f8e7 f1e1 e8g8 f3d4 c6e5	none	traditional		no source cited in Wikipedia's list of chess openings named after people; recorded as traditional usage only
B.Ale.Brk	Alekhine Defence, Brooklyn Variation	Brooklyn Defense of the Alekhine's Defense	Brooklyn	named-after-place	1.e4 Nf6 2.e5 Ng8	e2e4 g8f6 e4e5 f6g8	none	traditional		no source cited in Wikipedia's list of chess openings named after people; recorded as traditional usage only
B.Sic.Nf3.f5	Sicilian 2.Nf3, f5	Brussels Gambit of the Sicilian Defense	Brussels	alias-candidate	1.e4 c5 2.Nf3 f5	e2e4 c7c5 g1f3 f7f5	none	traditional		no source cited in Wikipedia's list of chess openings named after people; recorded as traditional usage only
E.Bud	Budapest Defence	Budapest Gambit	Budapest	named-after-place	1.d4 Nf6 2.c4 e5	d2d4 g8f6 c2c4 e7e5	none	traditional		no source cited in Wikipedia's list of chess openings named after people; recorded as traditional usage only
C.RyL.Bul	Ruy López, Bulgarian Variation	Bulgarian Variation of the Ruy Lopez	Bulgarian	named-after-place	1.e4 e5 2.Nf3 Nc6 3.Bb5 a5	e2e4 e7e5 g1f3 b8c6 f1b5 a7a5	none	traditional		no source cited in Wikipedia's list of chess openings named after people; recorded as traditional usage only
C.Bsh.Cal	Bishop's Opening, Calabrese Countergambit	Calabrese Countergambit of the Bishop's Opening	Calabrese	named-after-place	1.e4 e5 2.Bc4 f5	e2e4 e7e5 f1c4 f7f5	none	traditional		no source cited in Wikipedia's list of chess openings named after people; recorded as traditional usage only
B.Ale.Fou.g5	Alekhine Four Pawns, Cambridge Gambit	Cambridge Gambit of the Alekhine's Defense	Cambridge	named-after-place	1.e4 Nf6 2.e5 Nd5 3.d4 d6 4.c4 Nb6 5.f4 g5	e2e4 g8f6 e4e5 f6d5 d2d4 d7d6 c2c4 d5b6 f2f4 g7g5	none	traditional		no source cited in Wikipedia's list of chess openings named after people; recorded as traditional usage only
A.QPO.Nf6.Nd2	Queen's Pawn Nf6, Nd2	Canadian Opening of the Indian Game	Canadian	alias-candidate	1.d4 Nf6 2.Nd2	d2d4 g8f6 b1d2	none	traditional		no source cited in Wikipedia's list of chess openings named after people; recorded as traditional usage only
D.Sla.Cze.Kra.Car	Slav Czech Krause, Carlsbad Variation	Carlsbad Variation of the Slav Defense	Carlsbad	named-after-place	1.d4 d5 2.c4 c6 3.Nf3 Nf6 4.Nc3 dxc4 5.a4 Bf5 6.Ne5 Nbd7 7.Nxc4 Qc7 8.g3 e5	d2d4 d7d5 c2c4 c7c6 g1f3 g8f6 b1c3 d5c4 a2a4 c8f5 f3e5 b8d7 e5c4 d8c7 g2g3 e7e5	none	traditional		no source cited in Wikipedia's list of chess openings named after people; recorded as traditional usage only
B.Sic.Win.cxb4.a3.bxa3	Sicilian Wing Gambit Accepted a3, bxa3	Carlsbad Variation of the Sicilian Defense, Wing Gambit	Carlsbad	alias-candidate	1.e4 c5 2.b4 cxb4 3.a3 bxa3	e2e4 c7c5 b2b4 c5b4 a2a3 b4a3	none	traditional		no source cited in Wikipedia's list of chess openings named after people; recorded as traditional usage only
E.Ind.Cat.d5.Bg2	Indian Catalan Setup, Bg2	Catalan Opening	Catalan	named-after-place	1.d4 Nf6 2.c4 e6 3.g3 d5 4.Bg2	d2d4 g8f6 c2c4 e7e6 g2g3 d7d5 f1g2	none	traditional		no source cited in Wikipedia's list of chess openings named after people; recorded as traditional usage only
B.Sic.Sve.MLn	Sveshnikov Ndb5 Bg5, Main Line	Chelyabinsk Variation of the Sicilian Defense	Chelyabinsk	alias-candidate	1.e4 c5 2.Nf3 Nc6 3.d4 cxd4 4.Nxd4 Nf6 5.Nc3 e5 6.Ndb5 d6 7.Bg5 a6 8.Na3 b5	e2e4 c7c5 g1f3 b8c6 d2d4 c5d4 f3d4 g8f6 b1c3 e7e5 d4b5 d7d6 c1g5 a7a6 b5a3 b7b5	none	traditional		no source cited in Wikipedia's list of chess openings named after people; recorded as traditional usage only
B.Pir.Be2.g4	Pirc Be2, Chinese Variation	Chinese Variation of the Pirc Defense	Chinese	named-after-place	1.e4 d6 2.d4 Nf6 3.Nc3 g6 4.Be2 Bg7 5.g4!?	e2e4 d7d6 d2d4 g8f6 b1c3 g7g6 f1e2 f8g7 g2g4	none	traditional		no source cited in Wikipedia's list of chess openings named after people; recorded as traditional usage only
B.Sic.Dra.Yug.Bd7.O-O-O.Rb8	Sicilian Dragon Yugoslav O-O-O, Rb8	Chinese Variation of the Sicilian Defense, Dragon Variation	Chinese	alias-candidate	1.e4 c5 2.Nf3 d6 3.d4 cxd4 4.Nxd4 Nf6 5.Nc3 g6 6.Be3 Bg7 7.f3 0-0 8.Qd2 Nc6 9.Bc4 Bd7 10.0-0-0 Rb8	e2e4 c7c5 g1f3 d7d6 d2d4 c5d4 f3d4 g8f6 b1c3 g7g6 c1e3 f8g7 f2f3 e8g8 d1d2 b8c6 f1c4 c8d7 e1c1 a8b8	none	traditional		no source cited in Wikipedia's list of chess openings named after people; recorded as traditional usage only
E.Ben.Old.Adv.f5	Old Benoni Advance, f5	Clarendon Court Variation of the Benoni Defense	Clarendon Court	alias-candidate	1.d4 c5 2.d5 f5	d2d4 c7c5 d4d5 f7f5	none	traditional		no source cited in Wikipedia's list of chess openings named after people; recorded as traditional usage only
D.QGD.Mar.cxd5.c6	QGD Marshall Defence, Tan Gambit	Cocquio Countergambit of the QGD	Cocquio	alias-candidate	1.d4 d5 2.c4 Nf6 3.cxd5 c6	d2d4 d7d5 c2c4 g8f6 c4d5 c7c6	none	traditional		no source cited in Wikipedia's list of chess openings named after people; recorded as traditional usage only
A.War.b6.d4.d5.Nc3.Nd7	Ware Cologne Gambit, Nd7	Cologne Gambit of the Ware Opening	Cologne	named-after-place	1.a4 b6 2.d4 d5 2.Nc3 Nd7	a2a4 b7b6 d2d4 d7d5 b1c3 b8d7	none	traditional		no source cited in Wikipedia's list of chess openings named after people; recorded as traditional usage only
B.Nim.Col	Nimzowitsch Defence, Colorado Countergambit	Colorado Gambit of the Nimzowitsch Defense	Colorado	named-after-place	1.e4 Nc6 2.Nf3 f5	e2e4 b8c6 g1f3 f7f5	none	traditional		no source cited in Wikipedia's list of chess openings named after people; recorded as traditional usage only
C.Cen.Dsh.Acc.MLn.Bb4	Danish Gambit Accepted Main Line, Copenhagen Defence	Copenhagen Defense of the Danish Gambit	Copenhagen	named-after-place	1.e4 e5 2.d4 exd4 3.c3 dxc3 4.Bc4 cxb2 5.Bxb2 Bb4+	e2e4 e7e5 d2d4 e5d4 c2c3 d4c3 f1c4 c3b2 c1b2 f8b4	none	traditional		no source cited in Wikipedia's list of chess openings named after people; recorded as traditional usage only
C.Ita.Giu.Mol.Cra	Italian, Giuoco Piano, Cracow Variation	Cracow Variation of the Italian Game	Cracow	named-after-place	1.e4 e5 2.Nf3 Nc6 3.Bc4 Bc5 4.c3 Nf6 5.d4 exd4 6.cxd4 Bb4+ 7.Kf1?!	e2e4 e7e5 g1f3 b8c6 f1c4 f8c5 c2c3 g8f6 d2d4 e5d4 c3d4 c5b4 e1f1	none	traditional		no source cited in Wikipedia's list of chess openings named after people; recorded as traditional usage only
D.Sla	Slav Defence	Czech Defense, the term used by Siegbert Tarrasch for the Slav Defense	Czech	alias-candidate	1.d4 d5 2.c4 c6	d2d4 d7d5 c2c4 c7c6	web	attested		<ref>Siegbert Tarrasch, ''The Game of Chess'', David McKay, 1938, p. 341.</ref> -- cited by Wikipedia, 'List of chess openings named after people'; not independently checked
B.Pir.Cze	Pirc, Czech Defence	Czech Defense (Pribyl System) of the Pirc Defense	Czech	named-after-place	1.e4 d6 2.d4 Nf6 3.Nc3 c6	e2e4 d7d6 d2d4 g8f6 b1c3 c7c6	none	traditional		no source cited in Wikipedia's list of chess openings named after people; recorded as traditional usage only
A.Pol.Cze	Polish Opening, Czech Defence	Czech Defense of the Polish opening	Czech	named-after-place	1.b4 e5 2.Bb2 d6	b2b4 e7e5 c1b2 d7d6	none	traditional		no source cited in Wikipedia's list of chess openings named after people; recorded as traditional usage only
A.QPO.Nf6.Nf3.c6	Queen's Pawn Indian Knights, c6	Czech-Indian Variation of the Indian Game	Czech-Indian	alias-candidate	1.d4 Nf6 2.Nf3 c6	d2d4 g8f6 g1f3 c7c6	none	traditional		no source cited in Wikipedia's list of chess openings named after people; recorded as traditional usage only
E.Ben.Czk	Czech Benoni	Czech Variation of the Benoni Defense	Czech	named-after-place	1.d4 Nf6 2.c4 c5 3.d5 e5	d2d4 g8f6 c2c4 c7c5 d4d5 e7e5	none	traditional		no source cited in Wikipedia's list of chess openings named after people; recorded as traditional usage only
C.Cen.Dsh	Danish Gambit	Danish Gambit	Danish	named-after-place	1.e4 e5 2.d4 exd4 3.c3	e2e4 e7e5 d2d4 e5d4 c2c3	none	traditional		no source cited in Wikipedia's list of chess openings named after people; recorded as traditional usage only
C.KPO.Kgt.MLn.c4	King's Knight Opening Main Line, c4	Dresden Opening	Dresden	alias-candidate	1.e4 e5 2.Nf3 Nc6 3.c4	e2e4 e7e5 g1f3 b8c6 c2c4	none	traditional		no source cited in Wikipedia's list of chess openings named after people; recorded as traditional usage only
D.Tar.HSc	Tarrasch, Hennig-Schara Gambit	Duisburg Gambit of the QGD	Duisburg	alias-candidate	1.d4 d5 2.c4 e6 3.Nc3 c5 4.cxd5 cxd4	d2d4 d7d5 c2c4 e7e6 b1c3 c7c5 c4d5 c5d4	none	traditional		no source cited in Wikipedia's list of chess openings named after people; recorded as traditional usage only
A.Van.c5.b4	Van Geet c5, Düsseldorf Gambit	Düsseldorf Gambit of the Van Geet Opening	Düsseldorf	named-after-place	1. Nc3 c5 2. b4	b1c3 c7c5 b2b4	none	traditional		no source cited in Wikipedia's list of chess openings named after people; recorded as traditional usage only
A.Hol	Dutch Defence	Dutch Defense	Dutch	named-after-place	1.d4 f5	d2d4 f7f5	none	traditional		no source cited in Wikipedia's list of chess openings named after people; recorded as traditional usage only
A.Ret.f5	Zukertort Opening, Dutch Variation	Dutch Variation of Reti Opening	Dutch	named-after-place	1. Nf3 f5	g1f3 f7f5	none	traditional		no source cited in Wikipedia's list of chess openings named after people; recorded as traditional usage only
A.Lar.f5	Larsen Attack, Dutch Variation	Dutch Variation of Nimzowitsch-Larsen Attack	Dutch	named-after-place	1. b3 f5	b2b3 f7f5	none	traditional		no source cited in Wikipedia's list of chess openings named after people; recorded as traditional usage only
A.EID	East Indian Defence	East Indian Defense	East Indian	named-after-place	1.d4 Nf6 2.Nf3 g6	d2d4 g8f6 g1f3 g7g6	none	traditional		no source cited in Wikipedia's list of chess openings named after people; recorded as traditional usage only
B.CaK.Dpn.Mdn.Edn	Modern Variation, Edinburgh Variation	Edinburgh Variation of the Caro–Kann Defense	Edinburgh	named-after-place	1.e4 c6 2.d4 d5 3.Nd2 Qb6	e2e4 c7c6 d2d4 d7d5 b1d2 d8b6	none	traditional		no source cited in Wikipedia's list of chess openings named after people; recorded as traditional usage only
A.Eng	English Opening	English Opening	English	named-after-place	1.c4	c2c4	none	traditional		no source cited in Wikipedia's list of chess openings named after people; recorded as traditional usage only
D.Tar.Rub.c4	Tarrasch Rubinstein, Swedish Variation	Folkestone Variation (or Swedish Variation) of the QGD	Folkestone	alias-candidate	1.d4 d5 2.c4 e6 3.Nc3 c5 4.cxd5 exd5 5.Nf3 Nc6 6.g3 c4	d2d4 d7d5 c2c4 e7e6 b1c3 c7c5 c4d5 e6d5 g1f3 b8c6 g2g3 c5c4	none	traditional		no source cited in Wikipedia's list of chess openings named after people; recorded as traditional usage only
B.Fre.Cls.MLn.e5.Ng8.Be3	French Classical Vistaneckis, Frankfurt Variation	Frankfurt Variation of the French Defense	Frankfurt	named-after-place	1.e4 e6 2.d4 d5 3.Nc3 Nf6 4.Bg5 Be7 5.e5 Ng8 6.Be3 b6	e2e4 e7e6 d2d4 d7d5 b1c3 g8f6 c1g5 f8e7 e4e5 f6g8 g5e3 b7b6	none	traditional		no source cited in Wikipedia's list of chess openings named after people; recorded as traditional usage only
B.Fre	French Defence	French Defense	French	named-after-place	1.e4 e6	e2e4 e7e6	none	traditional		no source cited in Wikipedia's list of chess openings named after people; recorded as traditional usage only
A.Gro	Grob Opening	Genoa Opening (known as the Grob Attack)	Genoa	alias-candidate	1.g4	g2g4	none	traditional	yes	no source cited in Wikipedia's list of chess openings named after people; recorded as traditional usage only
A.Ama.Par.Gen	Amar Paris Gambit, Gent Gambit	Gent Gambit of the Amar Opening (Paris)	Gent	named-after-place	1.Nh3 d5 2.g3 e5 3.f4 Bxh3 4.Bxh3 exf4 5.0-0 fxg3 6.hxg3	g1h3 d7d5 g2g3 e7e5 f2f4 c8h3 f1h3 e5f4 e1g1 f4g3 h2g3	none	traditional		no source cited in Wikipedia's list of chess openings named after people; recorded as traditional usage only
A.Pol.Cen.Bb2.Qd6	Polish Central, German Defence	German Defense of the Polish Opening (Orangutan or Sokolsky Opening)	German	named-after-place	1.b4 d5 2.Bb2 Qd6	b2b4 d7d5 c1b2 d8d6	none	traditional		no source cited in Wikipedia's list of chess openings named after people; recorded as traditional usage only
B.Sca.Mod.Mie.e5.Nf3	Scandinavian Anderssen, Goteborg	Goteborg (Gothenburg) System of the Scandinavian Defense	Goteborg	named-after-place	1.e4 d5 2.exd5 Qxd5 3.Nc3 Qa5 4.d4 e5 5.Nf3	e2e4 d7d5 e4d5 d8d5 b1c3 d5a5 d2d4 e7e5 g1f3	none	traditional		no source cited in Wikipedia's list of chess openings named after people; recorded as traditional usage only
B.Sic.Naj.Bg5.e6.f4.g5	Najdorf Traditional, Goteborg Variation	Gothenburg Variation of the Sicilian Defense, Najdorf Variation	Gothenburg	alias-candidate	1.e4 c5 2.Nf3 d6 3.d4 cxd4 4.Nxd4 Nf6 5.Nc3 a6 6.Bg5 e6 7.f4 Be7 8.Qf3 h6 9.Bh4 g5	e2e4 c7c5 g1f3 d7d6 d2d4 c5d4 f3d4 g8f6 b1c3 a7a6 c1g5 e7e6 f2f4 f8e7 d1f3 h7h6 g5h4 g7g5	none	traditional		no source cited in Wikipedia's list of chess openings named after people; recorded as traditional usage only
C.RyL.Mor.Ba4.b5.Bb3.Bc5	Ruy López Morphy, Graz Variation	Graz Variation of the Ruy Lopez	Graz	named-after-place	1. e4 e5 2. Nf3 Nc6 3. Bb5 a6 4. Ba4 b5 5. Bb3 Bc5	e2e4 e7e5 g1f3 b8c6 f1b5 a7a6 b5a4 b7b5 a4b3 f8c5	none	traditional		no source cited in Wikipedia's list of chess openings named after people; recorded as traditional usage only
A.Lar.d5.Ba3	Larsen Classical, Graz Attack	Graz Attack of the Nimzowitsch-Larsen Attack	Graz	named-after-place	1.b3 d5 2.Ba3	b2b3 d7d5 c1a3	none	traditional		no source cited in Wikipedia's list of chess openings named after people; recorded as traditional usage only
B.OwM	Owen's Modern (...b6 vs e4)	Greek Defense (or Owen's Defense)	Greek	alias-candidate	1.e4 b6	e2e4 b7b6	none	traditional		no source cited in Wikipedia's list of chess openings named after people; recorded as traditional usage only
B.OwM.Gua	Owen Modern, Guatemala Defence	Guatemalan Defense of the Greek Defense or Owen's Defense	Guatemalan	alias-candidate	1.e4 b6 2.d4 Ba6	e2e4 b7b6 d2d4 c8a6	none	traditional		no source cited in Wikipedia's list of chess openings named after people; recorded as traditional usage only
A.Eng.Rev.Nc3.Nc6.g3.Rb1	English Closed, Hungarian Attack	Hungarian Attack of the English Opening	Hungarian	named-after-place	1.c4 e5 2.Nc3 Nc6 3.g3 g6 4.Bg2 Bg7 5.Rb1	c2c4 e7e5 b1c3 b8c6 g2g3 g7g6 f1g2 f8g7 a1b1	none	traditional		no source cited in Wikipedia's list of chess openings named after people; recorded as traditional usage only
C.Ita.Be7	Italian Game, Hungarian Defence	Hungarian Defense	Hungarian	named-after-place	1.e4 e5 2.Nf3 Nc6 3.Bc4 Be7	e2e4 e7e5 g1f3 b8c6 f1c4 f8e7	none	traditional		no source cited in Wikipedia's list of chess openings named after people; recorded as traditional usage only
C.KGm.Acc.Bre	King's Gambit Accepted, Breyer Gambit	Hungarian Gambit (or Breyer Gambit) of the King's Gambit	Hungarian	alias-candidate	1.e4 e5 2.f4 exf4 3.Qf3	e2e4 e7e5 f2f4 e5f4 d1f3	none	traditional		no source cited in Wikipedia's list of chess openings named after people; recorded as traditional usage only
E.Ind.Cat.e5	Indian Catalan Setup, Hungarian Gambit	Hungarian Gambit of the Catalan Opening	Hungarian	named-after-place	1.d4 Nf6 2.c4 e6 3.g3 e5	d2d4 g8f6 c2c4 e7e6 g2g3 e6e5	none	traditional		no source cited in Wikipedia's list of chess openings named after people; recorded as traditional usage only
A.Hng	Hungarian Opening	Hungarian Opening (or Benko's Opening)	Hungarian	named-after-place	1.g3	g2g3	none	traditional		no source cited in Wikipedia's list of chess openings named after people; recorded as traditional usage only
B.Sic.Mod.d4.cxd4.Qxd4	Sicilian Modern, Chekhover Variation	Hungarian Variation of the Sicilian Defense	Hungarian	alias-candidate	1.e4 c5 2.Nf3 d6 3.d4 cxd4 4.Qxd4	e2e4 c7c5 g1f3 d7d6 d2d4 c5d4 d1d4	none	traditional		no source cited in Wikipedia's list of chess openings named after people; recorded as traditional usage only
B.Sca.Ice	Scandinavian, Icelandic Gambit	Icelandic Gambit of the Scandinavian Defense	Icelandic	named-after-place	1.e4 d5 2.exd5 Nf6 3.c4 e6	e2e4 d7d5 e4d5 g8f6 c2c4 e7e6	none	traditional		no source cited in Wikipedia's list of chess openings named after people; recorded as traditional usage only
C.KPO.Kgt.MLn.Be2	King's Knight Opening Main Line, Be2	Inverted Hungarian Opening	Inverted Hungarian	alias-candidate	1.e4 e5 2.Nf3 Nc6 3.Be2	e2e4 e7e5 g1f3 b8c6 f1e2	none	traditional		no source cited in Wikipedia's list of chess openings named after people; recorded as traditional usage only
C.KPO.Kgt.MLn.Nxe5	King's Knight Opening Main Line, Nxe5	Irish Gambit	Irish	alias-candidate	1.e4 e5 2.Nf3 Nc6 3.Nxe5	e2e4 e7e5 g1f3 b8c6 f3e5	none	traditional		no source cited in Wikipedia's list of chess openings named after people; recorded as traditional usage only
C.Cen.exd4.f4	Center Game exd4, f4	Israeli Gambit (or Halasz Gambit)	Israeli	alias-candidate	1.e4 e5 2.d4 exd4 3.f4	e2e4 e7e5 d2d4 e5d4 f2f4	none	traditional		no source cited in Wikipedia's list of chess openings named after people; recorded as traditional usage only
C.Ita.Giu.d4	Italian Giuoco Piano, Rosentreter Gambit	Italian Gambit	Italian	named-after-place	1.e4 e5 2.Nf3 Nc6 3.Bc4 Bc5 4.d4	e2e4 e7e5 g1f3 b8c6 f1c4 f8c5 d2d4	none	traditional		no source cited in Wikipedia's list of chess openings named after people; recorded as traditional usage only
C.Ita	Italian Game	Italian Game	Italian	named-after-place	1.e4 e5 2.Nf3 Nc6 3.Bc4 (Bc5)	e2e4 e7e5 g1f3 b8c6 f1c4	none	traditional		no source cited in Wikipedia's list of chess openings named after people; recorded as traditional usage only
A.Eng.Rev.e3.Nf6.f4.Nf3	English Reversed Sicilian Kahiko-Hula, Nf3	Kahiko-Hula Gambit of the English Opening	Kahiko-Hula	named-after-place	1.c4 e5 2.e3 Nf6 3.f4 exf4 4.Nf3	c2c4 e7e5 e2e3 g8f6 f2f4 e5f4 g1f3	none	traditional		no source cited in Wikipedia's list of chess openings named after people; recorded as traditional usage only
E.KID.Cls.Oth.Na6	KID Classical Orthodox, Kazakh Variation	Kazakh Variation of the King's Indian	Kazakh	named-after-place	1.d4 Nf6 2.c4 g6 3.Nc3 Bg7 4.e4 d6 5.Nf3 0-0 6.Be2	Na6	d2d4 g8f6 c2c4 g7g6 b1c3 f8g7 e2e4 d7d6 g1f3 e8g8 f1e2 b8a6	none	traditional		no source cited in Wikipedia's list of chess openings named after people; recorded as traditional usage only
E.Gru.Neo	Neo-Grünfeld Defence	Kemeri Variation of the King's Indian Defense	Kemeri	alias-candidate	1.d4 Nf6 2.c4 g6 3.g3 d5	d2d4 g8f6 c2c4 g7g6 g2g3 d7d5	none	traditional		no source cited in Wikipedia's list of chess openings named after people; recorded as traditional usage only
B.Sca.Nf6.Mar.Kie	Scandinavian Marshall, Kiel Variation	Kiel Variation of the Scandinavian Defense	Kiel	named-after-place	1.e4 d5 2.exd5 Nf6 3.d4 Nxd5 4.c4 Nb4	e2e4 d7d5 e4d5 g8f6 d2d4 f6d5 c2c4 d5b4	none	traditional		no source cited in Wikipedia's list of chess openings named after people; recorded as traditional usage only
C.LtO	Latvian Gambit	Latvian Gambit	Latvian	named-after-place	1.e4 e5 2.Nf3 f5	e2e4 e7e5 g1f3 f7f5	none	traditional		no source cited in Wikipedia's list of chess openings named after people; recorded as traditional usage only
C.Fou.Hal	Four Knights, Halloween Gambit	Leipzig Gambit (or Müller-Schulze Gambit)	Leipzig	alias-candidate	1.e4 e5 2.Nf3 Nc6 3.Nc3 Nf6 4.Nxe5?!	e2e4 e7e5 g1f3 b8c6 b1c3 g8f6 f3e5	none	traditional		no source cited in Wikipedia's list of chess openings named after people; recorded as traditional usage only
D.Bgm.Cap.Nc3.e5	Blackmar-Diemer Gambit, Lemberger Countergambit	Lemberg Countergambit	Lemberg	named-after-place	1.d4 d5 2.e4 dxe4 3.Nc3 e5	d2d4 d7d5 e2e4 d5e4 b1c3 e7e5	none	traditional		no source cited in Wikipedia's list of chess openings named after people; recorded as traditional usage only
A.Hol.Fch.g6	Dutch Fianchetto, Leningrad Prefix	Leningrad Variation of the Dutch Defense	Leningrad	named-after-place	1.d4 f5 2.g3 g6	d2d4 f7f5 g2g3 g7g6	none	traditional		no source cited in Wikipedia's list of chess openings named after people; recorded as traditional usage only
A.OID.e5.dxe5.Nc6	Old Indian English Rat, Lisbon Gambit	Lisbon Gambit of the Queen's Pawn Opening, English Rat	Lisbon	named-after-place	1.d4 d6 2.c4 e5 3.dxe5 Nc6	d2d4 d7d6 c2c4 e7e5 d4e5 b8c6	none	traditional		no source cited in Wikipedia's list of chess openings named after people; recorded as traditional usage only
A.Mik.Ker	Mikėnas Defence, Kevitz-Trajkovic Line	Lithuanian Variation of the Mikėnas Defense	Lithuanian	alias-candidate	1.d4 Nc6 2.c4 e5 3.d5 Nce7	d2d4 b8c6 c2c4 e7e5 d4d5 c6e7	none	traditional		no source cited in Wikipedia's list of chess openings named after people; recorded as traditional usage only
D.Tar.Rub	Tarrasch, Rubinstein System	Lodz Variation of the Tarrasch Defense	Lodz	alias-candidate	1.d4 d5 2.c4 e6 3.Nc3 c5 4.cxd5 exd5 5.Nf3 Nc6 6.g3	d2d4 d7d5 c2c4 e7e6 b1c3 c7c5 c4d5 e6d5 g1f3 b8c6 g2g3	none	traditional		no source cited in Wikipedia's list of chess openings named after people; recorded as traditional usage only
A.Eng.Rev.Nc3.Nf6.f4	English Reversed Sicilian, Mazedonisch	Macedonian Variation of the English Opening	Macedonian	alias-candidate	1.c4 e5 2.Nc3 Nf6 3.f4	c2c4 e7e5 b1c3 g8f6 f2f4	none	traditional		no source cited in Wikipedia's list of chess openings named after people; recorded as traditional usage only
D.QGA.Man	QGA, Mannheim	Mannheim Variation of the QGA	Mannheim	named-after-place	1.d4 d5 2.c4 dxc4 3.Nf3 Nf6 4.Qa4+	d2d4 d7d5 c2c4 d5c4 g1f3 g8f6 d1a4	none	traditional		no source cited in Wikipedia's list of chess openings named after people; recorded as traditional usage only
B.Sic.Cls.Rch.e6.Bb5	Richter-Rauzer, Vitolins Variation	Margate Variation of the Sicilian Defense	Margate	alias-candidate	1.e4 c5 2.Nf3 d6 3.d4 cxd4 4.Nxd4 Nf6 5.Nc3 Nc6 6.Bg5 e6 7.Bb5	e2e4 c7c5 g1f3 d7d6 d2d4 c5d4 f3d4 g8f6 b1c3 b8c6 c1g5 e7e6 f1b5	none	traditional		no source cited in Wikipedia's list of chess openings named after people; recorded as traditional usage only
B.Sic.Win.cxb4.a3.d5.Bb2	Sicilian Wing Gambit, Marienbad Variation	Marienbad Variation of the Sicilian Defense, Wing Gambit	Marienbad	named-after-place	1.e4 c5 2.b4 cxb4 3.a3 d5 4.exd5 Qxd5 5.Bb2	e2e4 c7c5 b2b4 c5b4 a2a3 d7d5 e4d5 d8d5 c1b2	none	traditional		no source cited in Wikipedia's list of chess openings named after people; recorded as traditional usage only
B.CaK.Dpn.Mss	Caro-Kann, Massachusetts Defence	Massachusetts Defense of the Caro–Kann Defense	Massachusetts	named-after-place	1.e4 c6 2.d4 f5	e2e4 c7c6 d2d4 f7f5	none	traditional		no source cited in Wikipedia's list of chess openings named after people; recorded as traditional usage only
B.Fre.Nrm.Nf6	French Defence, Mediterranean Defence	Mediterranean Defense	Mediterranean	named-after-place	1.e4 e6 2.d4 Nf6	e2e4 e7e6 d2d4 g8f6	none	traditional		no source cited in Wikipedia's list of chess openings named after people; recorded as traditional usage only
D.Sem.e3.Nbd7.Bd3.dxc4.Bxc4	Semi-Slav Semi-Meran, Bxc4	Meran Variation of the Semi-Slav Defense	Meran	named-after-place	1.d4 d5 2.c4 c6 3.Nf3 Nf6 4.Nc3 e6 5.e3 Nbd7 6.Bd3 dxc4 7.Bxc4	d2d4 d7d5 c2c4 c7c6 g1f3 g8f6 b1c3 e7e6 e2e3 b8d7 f1d3 d5c4 d3c4	none	traditional		no source cited in Wikipedia's list of chess openings named after people; recorded as traditional usage only
E.Ind.Tgo	Indian Game, Black Knights' Tango	Mexican Defense	Mexican	alias-candidate	1.d4 Nf6 2.c4 Nc6	d2d4 g8f6 c2c4 b8c6	none	traditional		no source cited in Wikipedia's list of chess openings named after people; recorded as traditional usage only
B.Fre.Exc.Mon	French Exchange, Monte Carlo Variation	Monte Carlo Variation of the French Defense	Monte Carlo	named-after-place	1.e4 e6 2.d4 d5 3.exd5 exd5 4.c4	e2e4 e7e6 d2d4 d7d5 e4d5 e6d5 c2c4	none	traditional		no source cited in Wikipedia's list of chess openings named after people; recorded as traditional usage only
A.Mik.Mon	Mikėnas Defence, Montevideo	Montevideo Defense	Montevideo	named-after-place	1.d4 Nc6 2.d5 Nb8	d2d4 b8c6 d4d5 c6b8	none	traditional		no source cited in Wikipedia's list of chess openings named after people; recorded as traditional usage only
B.Sic.Mor	Sicilian Moscow	Moscow Variation of the Sicilian Defense	Moscow	named-after-place	1.e4 c5 2.Nf3 d6 3.Bb5+	e2e4 c7c5 g1f3 d7d6 f1b5	none	traditional		no source cited in Wikipedia's list of chess openings named after people; recorded as traditional usage only
E.Ben.Old.Adv.f5	Old Benoni Advance, f5	Mujannah Formation of the Old Benoni Defense	Mujannah Formation	alias-candidate	1. d4 c5 2. d5 f5	d2d4 c7c5 d4d5 f7f5	none	traditional		no source cited in Wikipedia's list of chess openings named after people; recorded as traditional usage only
A.Bir.Dut.c4	Bird Dutch, Sturm Gambit	Mujannah Opening (or Arabian Opening) of the Bird's Opening	Mujannah	alias-candidate	1.f4 d5 2.c4	f2f4 d7d5 c2c4	none	traditional		no source cited in Wikipedia's list of chess openings named after people; recorded as traditional usage only
C.Cen.Dsh	Danish Gambit	Nordic Gambit	Nordic	alias-candidate	1.e4 e5 2.d4 exd4 3.c3 (alternative name for the [[Danish Gambit]])	e2e4 e7e5 d2d4 e5d4 c2c3	none	traditional		no source cited in Wikipedia's list of chess openings named after people; recorded as traditional usage only
C.KGm.Qf6	King's Gambit Declined, Norwalde Variation	Nordwalde Variation of the King's Gambit Declined	Nordwalde	alias-candidate	1.e4 e5 2.f4 Qf6	e2e4 e7e5 f2f4 d8f6	none	traditional		no source cited in Wikipedia's list of chess openings named after people; recorded as traditional usage only
B.Mod.Dpn.Nf6.Nor	Norwegian Defence, Norwegian Gambit	Norwegian Gambit of the Modern Defense	Norwegian	named-after-place	1.e4 g6 2.d4 Nf6 3.e5 Nh5 4.Be2 d6	e2e4 g7g6 d2d4 g8f6 e4e5 f6h5 f1e2 d7d6	none	traditional		no source cited in Wikipedia's list of chess openings named after people; recorded as traditional usage only
B.Mod.Dpn.Nf6	Modern Defence, Norwegian Defence	Norwegian Defense of the Modern Defense	Norwegian	named-after-place	1.e4 g6 2.d4 Nf6	e2e4 g7g6 d2d4 g8f6	none	traditional		no source cited in Wikipedia's list of chess openings named after people; recorded as traditional usage only
C.RyL.Mor.Nor	Ruy López Morphy, Norwegian	Norwegian Defense of the Ruy Lopez	Norwegian	named-after-place	1.e4 e5 2.Nf3 Nc6 3.Bb5 a6 4.Ba4 b5 5.Bb3 Na5	e2e4 e7e5 g1f3 b8c6 f1b5 a7a6 b5a4 b7b5 a4b3 c6a5	none	traditional		no source cited in Wikipedia's list of chess openings named after people; recorded as traditional usage only
B.Sic.Dra.Be3.Bg7.Be2.Nb3	Dragon Be3 Classical, Nb3	Nottingham Variation of the Sicilian Defense, Dragon Variation	Nottingham	alias-candidate	1.e4 c5 2.Nf3 d6 3.d4 cxd4 4.Nxd4 Nf6 5.Nc3 g6 6.Be3 Bg7 7.Be2 Nc6 8.Nb3	e2e4 c7c5 g1f3 d7d6 d2d4 c5d4 f3d4 g8f6 b1c3 g7g6 c1e3 f8g7 f1e2 b8c6 d4b3	none	traditional		no source cited in Wikipedia's list of chess openings named after people; recorded as traditional usage only
B.Sic.Sve.Bxf6.Nd5.Bg7	Novosibirsk (10...Bg7)	Novosibirsk Variation of the Sicilian Defense	Novosibirsk	named-after-place	1.e4 c5 2.Nf3 Nc6 3.d4 cxd4 4.Nxd4 Nf6 5.Nc3 e5 6.Ndb5 d6 7.Bg5 a6 8.Na3 b5 9.Bxf6 gxf6 10.Nd5 Bg7	e2e4 c7c5 g1f3 b8c6 d2d4 c5d4 f3d4 g8f6 b1c3 e7e5 d4b5 d7d6 c1g5 a7a6 b5a3 b7b5 g5f6 g7f6 c3d5 f8g7	none	traditional		no source cited in Wikipedia's list of chess openings named after people; recorded as traditional usage only
C.RyL.Nbg	Ruy López, Nuernberg Variation	Nuremberg Variation of the Ruy Lopez	Nuremberg	alias-candidate	1.e4 e5 2.Nf3 Nc6 3.Bb5 f6	e2e4 e7e5 g1f3 b8c6 f1b5 f7f6	none	traditional		no source cited in Wikipedia's list of chess openings named after people; recorded as traditional usage only
C.Vie.d6	Vienna Game, Omaha Gambit	Omaha Gambit of the Vienna Game	Omaha	named-after-place	1.e4 e5 2.Nc3 d6 3.f4	e2e4 e7e5 b1c3 d7d6 f2f4	none	traditional		no source cited in Wikipedia's list of chess openings named after people; recorded as traditional usage only
C.Vie.Gbt.Fal.MLn.d3	Vienna Gambit Falkbeer, Modern	Oxford Variation of the Vienna Game	Oxford	alias-candidate	1.e4 e5 2.Nc3 Nf6 3.f4 d5 4.fxe5 Nxe4 5.d3	e2e4 e7e5 b1c3 g8f6 f2f4 d7d5 f4e5 f6e4 d2d3	none	traditional		no source cited in Wikipedia's list of chess openings named after people; recorded as traditional usage only
C.Fou.Sco.Bb4.d5.Nd4	Four Knights Scotch Oxford, Nd4	Oxford Gambit of the Four Knights Game	Oxford	named-after-place	1.e4 e5 2.Nf3 Nc6 3.Nc3 Nf6 4.d4 Bb4 5.d5 Nd4	e2e4 e7e5 g1f3 b8c6 b1c3 g8f6 d2d4 f8b4 d4d5 c6d4	none	traditional		no source cited in Wikipedia's list of chess openings named after people; recorded as traditional usage only
C.Ita.d6	Italian Game, Paris Defence	Paris Defense (or Semi-Italian Opening)	Paris	named-after-place	1.e4 e5 2.Nf3 Nc6 3.Bc4 d6	e2e4 e7e5 g1f3 b8c6 f1c4 d7d6	none	traditional		no source cited in Wikipedia's list of chess openings named after people; recorded as traditional usage only
A.Ama.Par	Amar Opening, Paris Gambit	Paris Gambit	Paris	named-after-place	1.Nh3 d5 2.g3 e5 3.f4 (intending 3...Bxh3 4.Bxh3 exf4 5.0-0)	g1h3 d7d5 g2g3 e7e5 f2f4	none	traditional		no source cited in Wikipedia's list of chess openings named after people; recorded as traditional usage only
A.Ama	Amar Opening	Paris Opening (or Amar Opening)	Paris	alias-candidate	1.Nh3	g1h3	none	traditional		no source cited in Wikipedia's list of chess openings named after people; recorded as traditional usage only
D.QGD.Mod.BKo	QGD Modern, Been-Koomen Variation	Peruvian Variation of the Queen's Gambit Declined	Peruvian	alias-candidate	1.d4 d5 2.c4 e6 3.Nc3 Nf6 4.Bg5 c5	d2d4 d7d5 c2c4 e7e6 b1c3 g8f6 c1g5 c7c5	none	traditional		no source cited in Wikipedia's list of chess openings named after people; recorded as traditional usage only
A.Pol	Polish Opening	Polish Opening (or Orangutan)	Polish	named-after-place	1.b4	b2b4	none	traditional		no source cited in Wikipedia's list of chess openings named after people; recorded as traditional usage only
A.Ret.Nf6.b4	Polish Opening, Zukertort System	Polish Attack	Polish	named-after-place	1.Nf3 Nf6 2.b4	g1f3 g8f6 b2b4	none	traditional		no source cited in Wikipedia's list of chess openings named after people; recorded as traditional usage only
A.And.Pol	Anderssen's Opening, Polish Gambit	Polish Gambit of the Anderssen Opening	Polish	named-after-place	1.a3 a5 2.b4	a2a3 a7a5 b2b4	none	traditional		no source cited in Wikipedia's list of chess openings named after people; recorded as traditional usage only
A.QPO.Nf6.Nf3.b5	Queen's Pawn Indian Knights, Polish Variation	Polish Variation of the Indian Game	Polish	named-after-place	1.d4 Nf6 2.Nf3 b5	d2d4 g8f6 g1f3 b7b5	none	traditional		no source cited in Wikipedia's list of chess openings named after people; recorded as traditional usage only
B.Sic.Old.b4	Old Sicilian, Portsmouth Gambit	Portsmouth Gambit of the Sicilian Defense	Portsmouth	named-after-place	1.e4 c5 2.Nf3 Nc6 3.b4	e2e4 c7c5 g1f3 b8c6 b2b4	none	traditional		no source cited in Wikipedia's list of chess openings named after people; recorded as traditional usage only
C.KPO.Prt	Portuguese Opening	Portuguese Opening	Portuguese	named-after-place	1.e4 e5 2.Bb5	e2e4 e7e5 f1b5	none	traditional		no source cited in Wikipedia's list of chess openings named after people; recorded as traditional usage only
C.KGm.Acc.Nf3.KKn.Bc4.Vns	King's Gambit Accepted, Salvio Gambit, Viennese Variation	Portuguese Variation of the King's Gambit	Portuguese	alias-candidate	1.e4 e5 2.f4 exf4 3.Nf3 g5 4.Bc4 g4 5.Ne5 Qh4+ 6.Kf1 Nc6	e2e4 e7e5 f2f4 e5f4 g1f3 g7g5 f1c4 g5g4 f3e5 d8h4 e1f1 b8c6	none	traditional		no source cited in Wikipedia's list of chess openings named after people; recorded as traditional usage only
D.Tar.Prg	Tarrasch, Prague Variation	Prague Variation of the Tarrasch Defense	Prague	named-after-place	1.d4 d5 2.c4 e6 3.Nc3 c5 4.cxd5 exd5 5.Nf3 Nc6 6.g3 Nf6	d2d4 d7d5 c2c4 e7e6 b1c3 c7c5 c4d5 e6d5 g1f3 b8c6 g2g3 g8f6	none	traditional		no source cited in Wikipedia's list of chess openings named after people; recorded as traditional usage only
C.Ita.Two	Italian, Two Knights	Prussian Game (or Two Knights Defense against the Italian Game)	Prussian	alias-candidate	1.e4 e5 2.Nf3 Nc6 3.Bc4 Nf6	e2e4 e7e5 g1f3 b8c6 f1c4 g8f6	none	traditional		no source cited in Wikipedia's list of chess openings named after people; recorded as traditional usage only
E.Ind.b5	Indian Defence, Pyrenees Gambit	Pyrenees Gambit	Pyrenees	named-after-place	1.d4 Nf6 2.c4 b5	d2d4 g8f6 c2c4 b7b5	none	traditional		no source cited in Wikipedia's list of chess openings named after people; recorded as traditional usage only
C.RyL.Mor.Opn.Rig	Ruy López Open, Riga	Riga Variation of the Ruy Lopez	Riga	named-after-place	1.e4 e5 2.Nf3 Nc6 3.Bb5 a6 4.Ba4 Nf6 5.0-0 Nxe4 6.d4 exd4	e2e4 e7e5 g1f3 b8c6 f1b5 a7a6 b5a4 g8f6 e1g1 f6e4 d2d4 e5d4	none	traditional		no source cited in Wikipedia's list of chess openings named after people; recorded as traditional usage only
C.RyL.Ber.Rio	Ruy López Berlin, Rio de Janeiro	Rio de Janeiro Variation of the Ruy Lopez	Rio de Janeiro	named-after-place	1.e4 e5 2.Nf3 Nc6 3.Bb5 Nf6 4.0-0 Nxe4 5.d4 Be7	e2e4 e7e5 g1f3 b8c6 f1b5 g8f6 e1g1 f6e4 d2d4 f8e7	none	traditional		no source cited in Wikipedia's list of chess openings named after people; recorded as traditional usage only
A.Van	Van Geet Opening	Romanian Opening (or Dunst Opening)	Romanian	alias-candidate	1.Nc3	b1c3	none	traditional		no source cited in Wikipedia's list of chess openings named after people; recorded as traditional usage only
B.Sic.Win.cxb4.a3.d5.Qe6	Sicilian Wing Gambit, Romanian Defence	Romanian Defense of the Wing Gambit	Romanian	named-after-place	1.e4 c5 2.b4 cxb4 3.a3 d5 4.exd5 Qxd5 5.Nf3 e5 6.Bb2 Nc6 7.c4 Qe6	e2e4 c7c5 b2b4 c5b4 a2a3 d7d5 e4d5 d8d5 g1f3 e7e5 c1b2 b8c6 c2c4 d5e6	none	traditional		no source cited in Wikipedia's list of chess openings named after people; recorded as traditional usage only
D.Sla.Qui.cxd5.cxd5.Qb3	Slav Quiet Exchange, Landau Prefix	Rotterdam Variation of the Slav Defense	Rotterdam	alias-candidate	1.d4 d5 2.c4 c6 3.Nf3 Nf6 4.e3 Bf5 5.cxd5 cxd5 6.Qb3	d2d4 d7d5 c2c4 c7c6 g1f3 g8f6 e2e3 c8f5 c4d5 c6d5 d1b3	none	traditional		no source cited in Wikipedia's list of chess openings named after people; recorded as traditional usage only
C.RyL.Mor.Ba4.Nf6.O-O.d6	Ruy López Morphy Castled, d6	Russian Defense of the Ruy Lopez	Russian	alias-candidate	1.e4 e5 2.Nf3 Nc6 3.Bb5 a6 4.Ba4 Nf6 5.0-0 d6	e2e4 e7e5 g1f3 b8c6 f1b5 a7a6 b5a4 g8f6 e1g1 d7d6	none	traditional		no source cited in Wikipedia's list of chess openings named after people; recorded as traditional usage only
C.Pet	Petrov Defence	Russian Game (or Petrov's Defense)	Russian	alias-candidate	1.e4 e5 2.Nf3 Nf6	e2e4 e7e5 g1f3 g8f6	none	traditional		no source cited in Wikipedia's list of chess openings named after people; recorded as traditional usage only
B.Sic.Ros.SFr	Sicilian Rossolimo, San Francisco Gambit	San Francisco Gambit of the Sicilian Defense	San Francisco	named-after-place	1.e4 c5 2.Nf3 Nc6 3.Bb5 Na5 4.b4	e2e4 c7c5 g1f3 b8c6 f1b5 c6a5 b2b4	none	traditional		no source cited in Wikipedia's list of chess openings named after people; recorded as traditional usage only
A.Sar	Saragossa Opening	Saragossa Opening	Saragossa	named-after-place	1.c3	c2c3	none	traditional		no source cited in Wikipedia's list of chess openings named after people; recorded as traditional usage only
B.Sca	Scandinavian Defence	Scandinavian Defense	Scandinavian	named-after-place	1.e4 d5	e2e4 d7d5	none	traditional		no source cited in Wikipedia's list of chess openings named after people; recorded as traditional usage only
B.Sic.Sch	Sicilian Scheveningen	Scheveningen Variation of the Sicilian Defense	Scheveningen	named-after-place	1.e4 c5 2.Nf3 d6 3.d4 cxd4 4.Nxd4 Nf6 5.Nc3 e6	e2e4 c7c5 g1f3 d7d6 d2d4 c5d4 f3d4 g8f6 b1c3 e7e6	none	traditional		no source cited in Wikipedia's list of chess openings named after people; recorded as traditional usage only
C.Fou.Sco	Four Knights, Scotch Variation	Scotch Four Knights Game	Scotch Four Knights	alias-candidate	1.e4 e5 2.Nf3 Nc6 3.Nc3 Nf6 4.d4	e2e4 e7e5 g1f3 b8c6 b1c3 g8f6 d2d4	none	traditional		no source cited in Wikipedia's list of chess openings named after people; recorded as traditional usage only
C.Sco.Gbt	Scotch, Scotch Gambit	Scotch Gambit	Scotch	named-after-place	1.e4 e5 2.Nf3 Nc6 3.d4 exd4 4.Bc4	e2e4 e7e5 g1f3 b8c6 d2d4 e5d4 f1c4	none	traditional		no source cited in Wikipedia's list of chess openings named after people; recorded as traditional usage only
C.Sco	Scotch Game	Scotch Game	Scotch	named-after-place	1.e4 e5 2.Nf3 Nc6 3.d4	e2e4 e7e5 g1f3 b8c6 d2d4	none	traditional		no source cited in Wikipedia's list of chess openings named after people; recorded as traditional usage only
E.Gru.Exc.SeV.Bc4.c5.Bxf7	Grünfeld Exchange Seville, Bxf7 Sacrifice	Seville Variation of the Grünfeld Defense	Seville	named-after-place	1.d4 Nf6 2.c4 g6 3.Nc3 d5 4.cxd5 Nxd5 5.e4 Nxc3 6.bxc3 Bg7 7.Bc4 c5 8.Ne2 Nc6 9.Be3 0-0 10.0-0 Bg4 11.f3 Na5 12.Bxf7+	d2d4 g8f6 c2c4 g7g6 b1c3 d7d5 c4d5 f6d5 e2e4 d5c3 b2c3 f8g7 f1c4 c7c5 g1e2 b8c6 c1e3 e8g8 e1g1 c8g4 f2f3 c6a5 c4f7	none	traditional		no source cited in Wikipedia's list of chess openings named after people; recorded as traditional usage only
B.Sic	Sicilian Defence	Sicilian Defense	Sicilian	named-after-place	1.e4 c5	e2e4 c7c5	none	traditional		no source cited in Wikipedia's list of chess openings named after people; recorded as traditional usage only
B.Sic.Win	Sicilian, Wing Gambit	Sicilian Gambit (or Sicilian Wing Gambit)	Sicilian	named-after-place	1.e4 c5 2.b4	e2e4 c7c5 b2b4	none	traditional		no source cited in Wikipedia's list of chess openings named after people; recorded as traditional usage only
D.Sla	Slav Defence	Slav Defense	Slav	named-after-place	1.d4 d5 2.c4 c6	d2d4 d7d5 c2c4 c7c6	none	traditional		no source cited in Wikipedia's list of chess openings named after people; recorded as traditional usage only
C.RyL	Ruy López	Spanish Game (or Ruy Lopez)	Spanish	alias-candidate	1.e4 e5 2.Nf3 Nc6 3.Bb5	e2e4 e7e5 g1f3 b8c6 f1b5	none	traditional		no source cited in Wikipedia's list of chess openings named after people; recorded as traditional usage only
A.Egl.Har.Sto	Englund Hartlaub-Charlick, Stockholm Variation	Stockholm Variation of the Englund Gambit	Stockholm	named-after-place	1.d4 e5 2.dxe5 Nc6 3.Nf3 Qe7 4.Qd5	d2d4 e7e5 d4e5 b8c6 g1f3 d8e7 d1d5	none	traditional		no source cited in Wikipedia's list of chess openings named after people; recorded as traditional usage only
E.Gru.Thr.Bg5	Grünfeld Three Knights, Bg5	Stockholm Variation of the Grünfeld Defense	Stockholm	alias-candidate	1.d4 Nf6 2.c4 g6 3.Nc3 d5 4.Nf3 Bg7 5.Bg5	d2d4 g8f6 c2c4 g7g6 b1c3 d7d5 g1f3 f8g7 c1g5	none	traditional		no source cited in Wikipedia's list of chess openings named after people; recorded as traditional usage only
E.Nim.Rub.StP	Nimzo Rubinstein, St. Petersburg	St. Petersburg Variation of the Nimzo-Indian Defense	St. Petersburg	named-after-place	1.d4 Nf6 2.c4 e6 3.Nc3 Bb4 4.e3 b6	d2d4 g8f6 c2c4 e7e6 b1c3 f8b4 e2e3 b7b6	none	traditional		no source cited in Wikipedia's list of chess openings named after people; recorded as traditional usage only
C.RyL.Mor.Opn.MLn.StP	Ruy López, Open, St. Petersburg Variation	St. Petersburg Variation of the Ruy Lopez	St. Petersburg	named-after-place	1.e4 e5 2.Nf3 Nc6 3.Bb5 a6 4.Ba4 Nf6 5.0-0 Nxe4 6.d4 b5 7.Bb3 d5 8.dxe5 Be6 9.c3 Bc5 10.Nbd2	e2e4 e7e5 g1f3 b8c6 f1b5 a7a6 b5a4 g8f6 e1g1 f6e4 d2d4 b7b5 a4b3 d7d5 d4e5 c8e6 c2c3 f8c5 b1d2	none	traditional		no source cited in Wikipedia's list of chess openings named after people; recorded as traditional usage only
D.Tar.Rub.c4	Tarrasch Rubinstein, Swedish Variation	Swedish Variation of the QGD, Tarrasch Defense	Swedish	named-after-place	1.d4 d5 2.c4 e6 3.Nc3 c5 4.cxd5 exd5 5.Nf3 Nc6 6.g3 c4	d2d4 d7d5 c2c4 e7e6 b1c3 c7c5 c4d5 e6d5 g1f3 b8c6 g2g3 c5c4	none	traditional		no source cited in Wikipedia's list of chess openings named after people; recorded as traditional usage only
A.Bir.f5.e4	Bird Opening, Wagner-Zwitersch Gambit	Swiss Gambit of the Bird's Opening	Swiss	alias-candidate	1.f4 f5 2.e4	f2f4 f7f5 e2e4	none	traditional		no source cited in Wikipedia's list of chess openings named after people; recorded as traditional usage only
B.Fre.Cls.Bd3	French Classical, Swiss Variation	Swiss Variation of the French Defense	Swiss	named-after-place	1.e4 e6 2.d4 d5 3.Nc3 Nf6 4.Bd3	e2e4 e7e6 d2d4 d7d5 b1c3 g8f6 f1d3	none	traditional		no source cited in Wikipedia's list of chess openings named after people; recorded as traditional usage only
C.KGm.Acc.Nf3.Scl.Tas	King's Gambit Accepted Schallopp, Tashkent Attack	Tashkent Attack of the King's Gambit	Tashkent	named-after-place	1.e4 e5 2.f4 exf4 3.Nf3 Nf6 4.e5 Nh5 5.g4	e2e4 e7e5 f2f4 e5f4 g1f3 g8f6 e4e5 f6h5 g2g4	none	traditional		no source cited in Wikipedia's list of chess openings named after people; recorded as traditional usage only
A.Pol.Nh6	Polish Opening, Karniewski Variation	Tuebingen Variation of the Polish Opening	Tuebingen	alias-candidate	1.b4 Nh6	b2b4 g8h6	none	traditional		no source cited in Wikipedia's list of chess openings named after people; recorded as traditional usage only
A.Van.Tub	Van Geet Opening, Tübingen Gambit	Tuebingen Gambit of the Dunst Opening	Tuebingen	alias-candidate	1.Nc3 Nf6 2.g4	b1c3 g8f6 g2g4	none	traditional		no source cited in Wikipedia's list of chess openings named after people; recorded as traditional usage only
C.Ele	Elephant Gambit	Turkish Gambit (or the Elephant Gambit)	Turkish	alias-candidate	1.e4 e5 2.Nf3 d5	e2e4 e7e5 g1f3 d7d5	none	traditional		no source cited in Wikipedia's list of chess openings named after people; recorded as traditional usage only
E.OldI.Ukr	Old Indian, Ukrainian	Ukrainian Variation of the Old Indian Defense	Ukrainian	named-after-place	1.d4 Nf6 2.c4 d6 3.Nc3 e5	d2d4 g8f6 c2c4 d7d6 b1c3 e7e5	none	traditional		no source cited in Wikipedia's list of chess openings named after people; recorded as traditional usage only
A.Mie.ReR.Val	Mieses Reversed Rat, Valencia Opening	Valencia Opening (or Mieses Opening)	Valencia	named-after-place	1.d3 e5 2.Nd2	d2d3 e7e5 b1d2	none	traditional		no source cited in Wikipedia's list of chess openings named after people; recorded as traditional usage only
A.Mie.Ven	Mieses Opening, Venezolana Variation	Venezolana Variation of the Mieses Opening	Venezolana	named-after-place	1.d3 c5 2.Nc3 Nc6 3.g3	d2d3 c7c5 b1c3 b8c6 g2g3	none	traditional		no source cited in Wikipedia's list of chess openings named after people; recorded as traditional usage only
A.Hor.Fch.MLn.Bg5.c5.Qb6	Horwitz French Pseudo-Tarrasch, Canal Qb6 Line	Venice Variation of the Queen's Gambit Declined	Venice	alias-candidate	1.d4 d5 2.c4 e6 3.Nc3 Nf6 4.Bg5 c5 5.cxd5 Qb6	d2d4 d7d5 c2c4 e7e6 b1c3 g8f6 c1g5 c7c5 c4d5 d8b6	none	traditional		no source cited in Wikipedia's list of chess openings named after people; recorded as traditional usage only
C.Vie	Vienna Game	Vienna Game	Vienna	named-after-place	1.e4 e5 2.Nc3	e2e4 e7e5 b1c3	none	traditional		no source cited in Wikipedia's list of chess openings named after people; recorded as traditional usage only
C.Vie.Nc6.f4	Vienna Gambit, Max Lange Defence	Vienna Gambit	Vienna	named-after-place	1.e4 e5 2.Nc3 Nc6 3.f4	e2e4 e7e5 b1c3 b8c6 f2f4	none	traditional		no source cited in Wikipedia's list of chess openings named after people; recorded as traditional usage only
B.Sic.Clo.Nc6.g4	Closed Sicilian, Grob Attack	Vinohrady Variation of the Sicilian Defense	Vinohrady	alias-candidate	1.e4 c5 2.Nc3 Nc6 3.g4	e2e4 c7c5 b1c3 b8c6 g2g4	web	attested		<ref>{{cite news|url=https://www.washingtonpost.com/wp-dyn/content/article/2006/08/06/AR2006080600540.html|title=Lubomir Kavalek: The Vinohrady Variation|last=Kavalek|first=Lubomir|date=2006-08-07|newspaper=The Washington Post|accessdate=2009-10-29}}</ref> -- cited by Wikipedia, 'List of chess openings named after people'; not independently checked
E.Ben.Bnk	Benko / Volga Gambit	Volga Gambit	Volga	named-after-place	1.d4 Nf6 2.c4 c5 3.d5 b5 (named for the [[Volga River]], the national river of [[Russia]])	d2d4 g8f6 c2c4 c7c5 d4d5 b7b5	none	traditional	yes	no source cited in Wikipedia's list of chess openings named after people; recorded as traditional usage only
B.Ale.Exc.Vor	Alekhine Exchange, Voronezh Variation	Voronezh Variation of the Alekhine's Defense	Voronezh	named-after-place	1.e4 Nf6 2.e5 Nd5 3.d4 d6 4.c4 Nb6 5.exd6 cxd6 6.Nc3 g6 7.Be3 Bg7 8.Rc1 0-0 9.b3	e2e4 g8f6 e4e5 f6d5 d2d4 d7d6 c2c4 d5b6 e5d6 c7d6 b1c3 g7g6 c1e3 f8g7 a1c1 e8g8 b2b3	none	traditional		no source cited in Wikipedia's list of chess openings named after people; recorded as traditional usage only
D.Sla.Cze.Kra.MLn.e6	Slav Czech Krause, Wiesbaden	Wiesbaden Variation of the Slav Defense	Wiesbaden	named-after-place	1.d4 d5 2.c4 c6 3.Nf3 Nf6 4.Nc3 dxc4 5.a4 Bf5 6.Ne5 e6	d2d4 d7d5 c2c4 c7c6 g1f3 g8f6 b1c3 d5c4 a2a4 c8f5 f3e5 e7e6	none	traditional		no source cited in Wikipedia's list of chess openings named after people; recorded as traditional usage only
C.Ita.Two.Ng5.Trx	Two Knights, Traxler Counterattack	Wilkes-Barre Variation of the Italian Game, Two Knights Defense	Wilkes-Barre	alias-candidate	1.e4 e5 2.Nf3 Nc6 3.Bc4 Nf6 4.Ng5 Bc5!?	e2e4 e7e5 g1f3 b8c6 f1c4 g8f6 f3g5 f8c5	none	traditional		no source cited in Wikipedia's list of chess openings named after people; recorded as traditional usage only
B.Sic.OKe.Nc3	Sicilian O'Kelly, Yerevan System	Yerevan System of the Sicilian Defense	Yerevan	named-after-place	1.e4 c5 2.Nf3 a6 3.Nc3	e2e4 c7c5 g1f3 a7a6 b1c3	none	traditional		no source cited in Wikipedia's list of chess openings named after people; recorded as traditional usage only
B.Sic.Dra.Be3.Bg7.f3	Dragon Be3, Yugoslav Early Deviations	Yugoslav Attack in the Sicilian Defense, Dragon Variation	Yugoslav Sicilian	alias-candidate	1.e4 c5 2.Nf3 d6 3.d4 cxd4 4.Nxd4 Nf6 5.Nc3 g6 6.Be3 Bg7 7.f3	e2e4 c7c5 g1f3 d7d6 d2d4 c5d4 f3d4 g8f6 b1c3 g7g6 c1e3 f8g7 f2f3	none	traditional		no source cited in Wikipedia's list of chess openings named after people; recorded as traditional usage only
B.Pir	Pirc Defence	Yugoslav Defense (or Pirc Defense)	Yugoslav	alias-candidate	1.e4 d6 2.d4 Nf6 3.Nc3 g6	e2e4 d7d6 d2d4 g8f6 b1c3 g7g6	none	traditional		no source cited in Wikipedia's list of chess openings named after people; recorded as traditional usage only
E.Ben.Bnk.Acc.MLn.g6.Ne2	Benko Accepted g6, Yugoslav	Yugoslav Variation of the Benko Gambit	Yugoslav	named-after-place	1.d4 Nf6 2.c4 c5 3.d5 b5 4.cxb5 a6 5.bxa6 g6 6.Nc3 Bxa6 7.e4 Bxf1 8.Kxf1 d6 9.Nge2	d2d4 g8f6 c2c4 c7c5 d4d5 b7b5 c4b5 a7a6 b5a6 g7g6 b1c3 c8a6 e2e4 a6f1 e1f1 d7d6 g1e2	none	traditional		no source cited in Wikipedia's list of chess openings named after people; recorded as traditional usage only
B.Sic.Naj.g3	Sicilian Najdorf, Zagreb Variation	Zagreb Variation of the Sicilian Defense, Najdorf Variation	Zagreb	named-after-place	1.e4 c5 2.Nf3 d6 3.d4 cxd4 4.Nxd4 Nf6 5.Nc3 a6 6.g3	e2e4 c7c5 g1f3 d7d6 d2d4 c5d4 f3d4 g8f6 b1c3 a7a6 g2g3	none	traditional		no source cited in Wikipedia's list of chess openings named after people; recorded as traditional usage only
A.Mik.Zai	Mikėnas Defence, Zaire	Zaire Defense of the Queen's Knight Defense	Zaire	named-after-place	1.d4 Nc6 2.d5 Nb8 3.e4 Nf6 4.e5 Ng8	d2d4 b8c6 d4d5 c6b8 e2e4 g8f6 e4e5 f6g8	none	traditional		no source cited in Wikipedia's list of chess openings named after people; recorded as traditional usage only
D.QPG.Zur	Queen's Pawn Game, Zurich Gambit	Zurich Gambit	Zurich	named-after-place	1.d4 d5 2.g4	d2d4 d7d5 g2g4	none	traditional		no source cited in Wikipedia's list of chess openings named after people; recorded as traditional usage only
