ocn1	canonical_name	wikipedia_name	person	people_raw	wikipedia_article	moves_san	moves_uci	source_tier	evidence_grade	already_attributed	citation
E.Bud.Alk.Nxe5.f4.Nec6	Budapest Alekhine, Abonyi Variation	Abonyi Variation of the Budapest Gambit	István Abonyi	István Abonyi	István Abonyi	1.d4 Nf6 2.c4 e5 3.dxe5 Ng4 4.e4 Nxe5 5.f4 Nec6	d2d4 g8f6 c2c4 e7e5 d4e5 f6g4 e2e4 g4e5 f2f4 e5c6	web	attested		<ref>{{cite web|url=http://www.chessgames.com/perl/chessplayer?pid=84291|title=The chess games of Istvan Abonyi|publisher=[[ChessGames.com]]|accessdate=2009-10-26}}</ref> -- cited by Wikipedia, 'List of chess openings named after people'; not independently checked
B.Sic.Naj.Adm	Sicilian Najdorf, Adams Attack	Adams Attack of the Sicilian Defence	Weaver W. Adams	Weaver W. Adams	Weaver W. Adams	1.e4 c5 2.Nf3 d6 3.d4 cxd4 4.Nxd4 Nf6 5.Nc3 a6 6.h3	e2e4 c7c5 g1f3 d7d6 d2d4 c5d4 f3d4 g8f6 b1c3 a7a6 h2h3	web	attested		<ref>{{cite web|url=https://www.chess.com/openings/Sicilian-Defense-Open-Najdorf-Adams-Attack|title=Sicilian Defense: Najdorf Variation, Adams Attack (B90)|publisher=Chess.com|accessdate=2022-08-27}}</ref> -- cited by Wikipedia, 'List of chess openings named after people'; not independently checked
E.Bud.Adl	Budapest, Adler Variation	Adler Variation of the Budapest Gambit	Mór Adler	Mór Adler	Mór Adler	1.d4 Nf6 2.c4 e5 3.dxe5 Ng4 4.Nf3	d2d4 g8f6 c2c4 e7e5 d4e5 f6g4 g1f3	web	attested		<ref>{{cite web|url=https://www.chessgames.com/perl/chessgame?gid=1503218|title=Adler vs Geza Maroczy, Budapest 1896, Budapest Defense: Adler Variation (A52)|publisher=ChessGames.com|accessdate=2024-03-10}}</ref> -- cited by Wikipedia, 'List of chess openings named after people'; not independently checked
C.KPO.Ne2	King's Pawn Game, Alapin Opening	Alapin's Opening	Semyon Alapin	Semyon Alapin	Semyon Alapin	1.e4 e5 2.Ne2	e2e4 e7e5 g1e2	web	attested		<ref>{{cite web|url=http://www.365chess.com/opening.php?m=4&n=355&ms=e4.e5.Ne2|title=Chess Opening explorer: C20 Alapin's opening – 1. e4 e5 2. Ne2|publisher=365Chess.com|accessdate=2009-10-26}}</ref> -- cited by Wikipedia, 'List of chess openings named after people'; not independently checked
B.Sic.Alp	Sicilian Alapin	Alapin Variation of the Sicilian Defence	Semyon Alapin	Semyon Alapin	Semyon Alapin	1.e4 c5 2.c3	e2e4 c7c5 c2c3	web	attested		<ref>{{cite web|url=http://www.chessgames.com/perl/chessopening?eco=b22|title=Chess openings Sicilian, Alapin (B22)|publisher=ChessGames.com|accessdate=2009-10-26}}</ref> -- cited by Wikipedia, 'List of chess openings named after people'; not independently checked
D.Alb	Albin Counter-Gambit	Albin Countergambit	Adolf Albin	Adolf Albin	Adolf Albin	1.d4 d5 2.c4 e5	d2d4 d7d5 c2c4 e7e5	encyclopaedia	attested		<ref name="Sunnucks">{{citation | last=Sunnucks | first=Anne | year=1970 | title=Encyclopaedia of Chess | publisher=St. Martin's Press | place=New York |isbn=978-0-7091-4697-1 }}</ref> -- cited by Wikipedia, 'List of chess openings named after people'; not independently checked
B.Ale.Mod.KID	Alekhine Modern, King's Indian Variation	Alburt Variation of the Alekhine's Defence	Lev Alburt	Lev Alburt	Lev Alburt	1.e4 Nf6 2.e5 Nd5 3.d4 d6 4.Nf3 g6	e2e4 g8f6 e4e5 f6d5 d2d4 d7d6 g1f3 g7g6	web	attested		<ref>{{cite web|url=http://www.chessbase.com/espanola/shop/product.asp?pid=498 |title=ChessBase Magazine 132 |publisher=ChessBase |accessdate=2009-10-27 |url-status=dead |archiveurl=https://web.archive.org/web/20091002015141/http://www.chessbase.com/espanola/shop/product.asp?pid=498 |archivedate=200 -- cited by Wikipedia, 'List of chess openings named after people'; not independently checked
B.Fre.Cls.MLn.ACh	French Classical, Alekhine-Chatard Attack	Alekhine	Alexander Alekhine	Alexander Alekhine and Eugene Chatard	Alexander Alekhine	1.e4 e6 2.d4 d5 3.Nc3 Nf6 4.Bg5 Be7 5.e5 Nfd7 6.h4	e2e4 e7e6 d2d4 d7d5 b1c3 g8f6 c1g5 f8e7 e4e5 f6d7 h2h4	web	attested		<ref>{{cite web|url=https://www.chess.com/openings/French-Defense-Main-Line-Alekhine-Chatard-Attack|title=ECO C13}}</ref> -- cited by Wikipedia, 'List of chess openings named after people'; not independently checked
B.Ale	Alekhine Defence	Alekhine's Defence	Alexander Alekhine	Alexander Alekhine	Alexander Alekhine	1.e4 Nf6	e2e4 g8f6	encyclopaedia	attested	yes	<ref name="Sunnucks"/> -- cited by Wikipedia, 'List of chess openings named after people'; not independently checked
E.Bud.Alk	Budapest, Alekhine Variation	Alekhine Variation of the Budapest Gambit	Alexander Alekhine	Alexander Alekhine	Alexander Alekhine	1.d4 Nf6 2.c4 e5 3.dxe5 Ng4 4.e4	d2d4 g8f6 c2c4 e7e5 d4e5 f6g4 e2e4	web	attested		<ref name="WCCF">{{cite web|url=http://www.ewccf.com/eco.htm |title=ECO classification |publisher=World Correspondence Chess Federation |accessdate=2009-10-27 |url-status=dead |archiveurl=https://web.archive.org/web/20090419195143/http://www.ewccf.com/eco.htm |archivedate=2009-04-19 }}</ref> -- cited by Wikipedia, 'List of chess openings named after people'; not independently checked
C.KGm.Acc.All	King's Gambit Accepted, Allgaier	Allgaier Gambit of the King's Gambit	Johann Baptist Allgaier	Johann Baptist Allgaier	Johann Baptist Allgaier	1.e4 e5 2.f4 exf4 3.Nf3 g5 4.h4 g4 5.Ng5	e2e4 e7e5 f2f4 e5f4 g1f3 g7g5 h2h4 g5g4 f3g5	web	attested	yes	<ref name="WCCF"/> -- cited by Wikipedia, 'List of chess openings named after people'; not independently checked
A.Ama	Amar Opening	Amar Opening	Charles Amar	Charles Amar		1.Nh3	g1h3	oxford-companion	attested		{{sfn|Hooper|Whyld|1992|p=13}} <ref>{{cite web|url=http://www.chessgames.com/perl/chessplayer?pid=12940|title=Charles Amar |publisher=ChessGames.com|accessdate=2024-03-10}}</ref> -- cited by Wikipedia, 'List of chess openings named after people'; not independently checked
A.And	Anderssen's Opening	Anderssen's Opening	Adolf Anderssen	Adolf Anderssen	Adolf Anderssen	1.a3	a2a3	web	attested		<ref>{{cite web|url=http://www.chessgames.com/perl/chessgame?gid=1019039|title=Adolf Anderssen vs. Paul Morphy, Anderssen Opening: General (A00)|publisher=ChessGames.com|accessdate=2009-10-27}}</ref> -- cited by Wikipedia, 'List of chess openings named after people'; not independently checked
B.CaK.Adv.Bot	Caro-Kann Advance, Botvinnik-Carls	Arkell	Keith Arkell; Igor Khenkin	Keith Arkell and Igor Khenkin	Keith Arkell; Igor Khenkin	1.e4 c6 2.d4 d5 3.e5 c5	e2e4 c7c6 d2d4 d7d5 e4e5 c6c5	book	attested		<ref>{{cite book|title=New in Chess: Yearbook 42|publisher=New in Chess|year=1997}}</ref> -- cited by Wikipedia, 'List of chess openings named after people'; not independently checked
E.KID.Avk	KID, Averbakh	Averbakh System of the King's Indian Defence	Yuri Averbakh	Yuri Averbakh	Yuri Averbakh	1.d4 Nf6 2.c4 g6 3.Nc3 Bg7 4.e4 d6 5.Be2 0-0 6.Bg5	d2d4 g8f6 c2c4 g7g6 b1c3 f8g7 e2e4 d7d6 f1e2 e8g8 c1g5	book	attested		<ref name="Victor Bologan">{{cite book|last=Bologan|first=Victor|title=A Complete Black Repertoire|publisher=Chess Stars|year=2009|isbn=978-954-8782-71-5}}</ref> -- cited by Wikipedia, 'List of chess openings named after people'; not independently checked
B.Rat.Bal	Rat Defence, Balogh	Balogh Defense	János Balogh	János Balogh	János Balogh (chess player)	1.e4 d6 2.d4 f5	e2e4 d7d6 d2d4 f7f5	web	attested		<ref>{{cite web|url=http://www.chesscafe.com/text/kaiss13.pdf|title=Symmetry and Chaos: Balogh's Defense|last=Bucker|first=Stefan|publisher=ChessCafe.com|accessdate=2009-10-28}}</ref> -- cited by Wikipedia, 'List of chess openings named after people'; not independently checked
A.Ret.d5.g3	Réti, King's Indian Attack Setup	Barcza System	Gedeon Barcza	Gedeon Barcza	Gedeon Barcza	1.Nf3 d5 2.g3	g1f3 d7d5 g2g3	none	traditional		no source cited in Wikipedia's list of chess openings named after people; recorded as traditional usage only
A.Bar	Barnes Opening	Barnes Opening	Thomas Wilson Barnes	Thomas Wilson Barnes	Thomas Wilson Barnes	1.f3	f2f3	oxford-companion	attested		<ref name="Oxford Companion">{{Citation|surname1=Hooper|given1=David|authorlink1=David Vincent Hooper |surname2=Whyld|given2=Kenneth|authorlink2=Ken Whyld|title=The Oxford Companion to Chess |year=1992 |edition=second |publisher=Oxford University Press |isbn=0-19-866164-9|title-link=The Oxford Compa -- cited by Wikipedia, 'List of chess openings named after people'; not independently checked
B.Brg	Borg Defence	Basman Defence	Michael Basman	Michael Basman	Michael Basman	1.e4 g5	e2e4 g7g5	web	attested		<ref>{{cite web|url=http://www.365chess.com/opening.php?m=3&n=1204&ms=e4.g5|title=B00: Reversed Grob (Borg/Basman defence/macho Grob)|publisher=365Chess.com|accessdate=2009-10-27}}</ref> -- cited by Wikipedia, 'List of chess openings named after people'; not independently checked
C.KGm.Acc.Nf3.Bec	King's Gambit Accepted, Becker Defence	Becker Defense of the King's Gambit	Albert Becker	Albert Becker	Albert Becker (chess player)	1.e4 e5 2.f4 exf4 3.Nf3 h6	e2e4 e7e5 f2f4 e5f4 g1f3 h7h6	web	attested		<ref name="WCCF"/> -- cited by Wikipedia, 'List of chess openings named after people'; not independently checked
A.Eng.Rev.Nc3.Nf6.Nf3.b5	English King's English, Bellon Gambit	Bellon Gambit	Juan Manuel Bellón López	Juan Manuel Bellón López	Juan Manuel Bellón López	1.c4 e5 2.Nc3 Nf6 3.Nf3 e4 4.Ng5 b5	c2c4 e7e5 b1c3 g8f6 g1f3 e5e4 f3g5 b7b5	none	traditional		no source cited in Wikipedia's list of chess openings named after people; recorded as traditional usage only
E.Ben.Bnk	Benko / Volga Gambit	Benko Gambit	Pal Benko	Pal Benko	Pal Benko	1.d4 Nf6 2.c4 c5 3.d5 b5	d2d4 g8f6 c2c4 c7c5 d4d5 b7b5	book	attested	yes	<ref>{{cite book|last=Benko|first=Pal|title=The Benko Gambit|publisher=Batsford|year=1974}}</ref> -- cited by Wikipedia, 'List of chess openings named after people'; not independently checked
A.Hng	Hungarian Opening	Benko's Opening	Pal Benko	Pal Benko	Pal Benko	1.g3	g2g3	book	attested		<ref>{{cite book|last=Mednis|first=Edmar|title=How Karpov Wins|publisher=Courier Dover Publications|year=1994}}</ref> -- cited by Wikipedia, 'List of chess openings named after people'; not independently checked
C.RyL.Bir	Ruy López, Bird Variation	Bird Defense of the Ruy Lopez	Henry Bird	Henry Bird	Henry Bird (chess player)	1.e4 e5 2.Nf3 Nc6 3.Bb5 Nd4	e2e4 e7e5 g1f3 b8c6 f1b5 c6d4	web	attested		<ref>{{cite web|url=http://www.chessgames.com/perl/chessopening?eco=C61|title=Ruy Lopez, Bird's Defense (C61)|publisher=ChessGames.com|accessdate=2009-10-28}}</ref> -- cited by Wikipedia, 'List of chess openings named after people'; not independently checked
A.Bir	Bird's Opening	Bird's Opening	Henry Bird	Henry Bird	Henry Bird (chess player)	1.f4	f2f4	encyclopaedia	attested	yes	<ref name="Sunnucks"/> -- cited by Wikipedia, 'List of chess openings named after people'; not independently checked
C.Ita.Nd4	Italian Game, Blackburne-Kostić Gambit	Blackburne Shilling Gambit	Joseph Henry Blackburne	Joseph Henry Blackburne	Joseph Henry Blackburne	1.e4 e5 2.Nf3 Nc6 3.Bc4 Nd4	e2e4 e7e5 g1f3 b8c6 f1c4 c6d4	web	attested		<ref>Wilhelm Steinitz, ''The Modern Chess Instructor'' (1889, reprinted 1990), Edition Olms AG, Zürich, p. xii. {{ISBN|3-283-00111-1}}.</ref> -- cited by Wikipedia, 'List of chess openings named after people'; not independently checked
D.Bgm.Cap.Nc3	Blackmar-Diemer Gambit, Nc3	[[Blackmar	Armand Blackmar; Emil Josef Diemer	Armand Blackmar and Emil Josef Diemer	Armand Blackmar; Emil Josef Diemer	1.d4 d5 2.e4 dxe4 3.Nc3	d2d4 d7d5 e2e4 d5e4 b1c3	encyclopaedia	attested		<ref name="Sunnucks"/> -- cited by Wikipedia, 'List of chess openings named after people'; not independently checked
E.Bog	Bogo-Indian Defence	Bogo-Indian Defence	Efim Bogoljubov	Efim Bogoljubov	Efim Bogoljubov	1.d4 Nf6 2.c4 e6 3.Nf3 Bb4+	d2d4 g8f6 c2c4 e7e6 g1f3 f8b4	none	traditional		no source cited in Wikipedia's list of chess openings named after people; recorded as traditional usage only
E.Ind.Tgo	Indian Game, Black Knights' Tango	Bogoljubov Defense	Efim Bogoljubov	Efim Bogoljubov	Efim Bogoljubov	1.d4 Nf6 2.c4 Nc6	d2d4 g8f6 c2c4 b8c6	none	traditional		no source cited in Wikipedia's list of chess openings named after people; recorded as traditional usage only
B.Sic.Cls.Bol	Sicilian Classical, Boleslavsky Variation	Boleslavsky Variation of the Sicilian Defence	Isaac Boleslavsky	Isaac Boleslavsky	Isaac Boleslavsky	1.e4 c5 2.Nf3 d6 3.d4 cxd4 4.Nxd4 Nf6 5.Nc3 Nc6 6.Be2 e5	e2e4 c7c5 g1f3 d7d6 d2d4 c5d4 f3d4 g8f6 b1c3 b8c6 f1e2 e7e5	oxford-companion	attested		<ref name="Oxford Companion"/> -- cited by Wikipedia, 'List of chess openings named after people'; not independently checked
C.KPO.Ke2	King's Pawn Game, Bongcloud Attack	Bongcloud Attack	Chess.com	Chess.com user Lenny_Bongcloud, who used this opening many times, and kept losing	Chess.com	1.e4 e5 2.Ke2	e2e4 e7e5 e1e2	web	attested		<ref>{{Cite web |title=King's Pawn Opening: The Bongcloud – Chess Openings – Chess.com |url=https://www.chess.com/openings/Kings-Pawn-Opening-The-Bongcloud}}</ref> -- cited by Wikipedia, 'List of chess openings named after people'; not independently checked
C.KGm.Acc.Nf3.Bon	King's Gambit Accepted, Bonsch-Osmolovsky Variation	Bonsch-Osmolovsky Defense of the King's Gambit	Mikhail Bonsch-Osmolovsky	Mikhail Bonsch-Osmolovsky		1.e4 e5 2.f4 exf4 3.Nf3 Ne7	e2e4 e7e5 f2f4 e5f4 g1f3 g8e7	web	attested		<ref>{{cite web|url=http://www.chessgames.com/perl/chessgame?gid=1259983|title=Morant vs. Abbe de Feuquieres, Paris 1680, King's Gambit: Accepted. Bonsch-Osmolovsky Variation (C34)|publisher=ChessGames.com|accessdate=2009-10-28}}</ref> -- cited by Wikipedia, 'List of chess openings named after people'; not independently checked
C.RyL.Bre	Ruy López, Brentano Gambit	Brentano Defense of the Ruy Lopez	Franz Brentano	Franz Brentano	Franz Brentano	1.e4 e5 2.Nf3 Nc6 3.Bb5 g5	e2e4 e7e5 g1f3 b8c6 f1b5 g7g5	web	attested		<ref>{{cite web|url=http://www.chess-poster.com/english/chesmayne/brief_notes_on_the_history_of_chess_1900_1.htm|title=Brief notes on the history of Chess 1900 1|publisher=Chess-Poster.com|accessdate=2009-10-28|archive-url=https://web.archive.org/web/20091007220615/http://www.chess-poster.com/englis -- cited by Wikipedia, 'List of chess openings named after people'; not independently checked
C.KGm.Acc.Bre	King's Gambit Accepted, Breyer Gambit	Breyer Variation of the King's Gambit	Gyula Breyer	Gyula Breyer	Gyula Breyer	1.e4 e5 2.f4 exf4 3.Qf3	e2e4 e7e5 f2f4 e5f4 d1f3	web	attested		<ref>{{cite web|url=https://www.chess.com/openings/Kings-Gambit-Accepted-Breyer-Gambit|title=King's Gambit: Accepted, Breyer Gambit (C33)|publisher=Chess.com|accessdate=2022-08-27}}</ref> -- cited by Wikipedia, 'List of chess openings named after people'; not independently checked
C.KPO.Kgt.Qe7	King's Knight Opening, Gunderam Defence	Camara Defense	International Master; Hélder Câmara	International Master Hélder Câmara	International Master; Hélder Câmara (chess player)	1.e4 e5 2.Nf3 Qe7	e2e4 e7e5 g1f3 d8e7	web	attested		<ref>CÂMARA, Hélder. Diagonais: crônicas de xadrez. São Paulo : Saraiva, 1996. {{ISBN|978-8502021167}}</ref> -- cited by Wikipedia, 'List of chess openings named after people'; not independently checked
B.CaK	Caro-Kann Defence	[[Caro	Horatio Caro; Marcus Kann	Horatio Caro and Marcus Kann	Horatio Caro; Marcus Kann	1.e4 c6	e2e4 c7c6	encyclopaedia	attested		<ref name="Sunnucks"/> -- cited by Wikipedia, 'List of chess openings named after people'; not independently checked
C.KGm.Acc.Car	King's Gambit Accepted, Carrera Gambit	Carrera Gambit of the King's Gambit	Pietro Carrera	Pietro Carrera	Pietro Carrera	1.e4 e5 2.f4 exf4 3.Qh5	e2e4 e7e5 f2f4 e5f4 d1h5	web	attested		<ref>{{cite web|url=https://www.chess.com/openings/Kings-Gambit-Accepted-Carrera-Gambit|title=King's Gambit Accepted: Carrera Gambit (C33)|publisher=Chess.com|accessdate=2023-03-31}}</ref> -- cited by Wikipedia, 'List of chess openings named after people'; not independently checked
B.Sic.Mod.d4.cxd4.Qxd4	Sicilian Modern, Chekhover Variation	Chekhover Variation of the Sicilian Defence	Vitaly Chekhover	Vitaly Chekhover	Vitaly Chekhover	1.e4 c5 2.Nf3 d6 3.d4 cxd4 4.Qxd4	e2e4 c7c5 g1f3 d7d6 d2d4 c5d4 d1d4	web	attested		<ref name="Sicilian">{{cite web|url=http://www.365chess.com/opening.php?m=3&n=3&ms=e4.c5|title=B20: Sicilian defence|publisher=365Chess.com|accessdate=2009-10-28}}</ref> -- cited by Wikipedia, 'List of chess openings named after people'; not independently checked
D.Chi	Chigorin Defence	Chigorin Defence of the Queen's Gambit	Mikhail Chigorin	Mikhail Chigorin	Mikhail Chigorin	1.d4 d5 2.c4 Nc6	d2d4 d7d5 c2c4 b8c6	encyclopaedia	attested	yes	<ref name="Sunnucks"/> -- cited by Wikipedia, 'List of chess openings named after people'; not independently checked
B.Fre.Qe2	French Defence, Chigorin Variation	Chigorin Variation of the French Defence	Mikhail Chigorin	Mikhail Chigorin	Mikhail Chigorin	1.e4 e6 2.Qe2	e2e4 e7e6 d1e2	none	traditional		no source cited in Wikipedia's list of chess openings named after people; recorded as traditional usage only
A.Clm	Clemenz Opening	Clemenz Opening	Hermann Clemenz	Hermann Clemenz	Hermann Clemenz	1.h3	h2h3	oxford-companion	attested		<ref name="Oxford Companion"/> -- cited by Wikipedia, 'List of chess openings named after people'; not independently checked
C.Pet.Coc	Petrov, Cochrane Gambit	Cochrane Gambit of the Petrov's Defence	John Cochrane	John Cochrane	John Cochrane (chess player)	1.e4 e5 2.Nf3 Nf6 3.Nxe5 d6 4.Nxf7	e2e4 e7e5 g1f3 g8f6 f3e5 d7d6 e5f7	book	attested		<ref>{{cite book|last=Raetsky|first=Alexander|author2=Chetverik, Maxim|title=Petroff Defence|publisher=Everyman Chess|year=2005|isbn=1-85744-378-0}}</ref> -- cited by Wikipedia, 'List of chess openings named after people'; not independently checked
D.QPG.Zuk.Nf6.e3	Zukertort Queen's Pawn, e3	Colle System	Edgard Colle	Edgard Colle	Edgard Colle	1.d4 d5 2.Nf3 Nf6 3.e3	d2d4 d7d5 g1f3 g8f6 e2e3	encyclopaedia	attested		<ref name="Sunnucks"/> -- cited by Wikipedia, 'List of chess openings named after people'; not independently checked
C.Ita.Two.Ng5.Pol.Bb5.Col	Italian, Two Knights Defence, Colman Variation	Colman Variation of the Two Knights Defense	Eugene Ernest Colman	Eugene Ernest Colman	Eugene Ernest Colman	1.e4 e5 2.Nf3 Nc6 3.Bc4 Nf6 4.Ng5 d5 5.exd5 Na5 6.Bb5+ c6 7.dxc6 bxc6 8.Qf3 Rb8	e2e4 e7e5 g1f3 b8c6 f1c4 g8f6 f3g5 d7d5 e4d5 c6a5 c4b5 c7c6 d5c6 b7c6 d1f3 a8b8	book	attested		<ref>{{cite book|last=Urcan|first=Olimpiu|title=Surviving Changi. E.E. Colman: A Chess Biography|publisher=Singapore Heritage Society|year=2007|isbn=978-981-05-7922-7}}</ref> -- cited by Wikipedia, 'List of chess openings named after people'; not independently checked
C.RyL.Coz	Ruy López, Cozio Defence	Cozio Defence of the Ruy Lopez	Carlo Cozio	Carlo Cozio	Carlo Cozio	1.e4 e5 2.Nf3 Nc6 3.Bb5 Nge7	e2e4 e7e5 g1f3 b8c6 f1b5 g8e7	web	attested		<ref name="WCCF"/> -- cited by Wikipedia, 'List of chess openings named after people'; not independently checked
C.KGm.Acc.Nf3.Cun	King's Gambit Accepted, Cunningham Defence	Cunningham Defense of the King's Gambit	Alexander Cunningham	Alexander Cunningham	Alexander Cunningham (jurist)	1.e4 e5 2.f4 exf4 3.Nf3 Be7	e2e4 e7e5 f2f4 e5f4 g1f3 f8e7	encyclopaedia	attested		<ref name="Sunnucks"/> -- cited by Wikipedia, 'List of chess openings named after people'; not independently checked
C.Dam	Damiano Defence	Damiano Defence	Pedro Damiano	Pedro Damiano although he gave the refutation rather than endorsing it	Pedro Damiano	1.e4 e5 2.Nf3 f6	e2e4 e7e5 g1f3 f7f6	web	attested		<ref>{{cite web|url=https://www.chess.com/openings/Kings-Pawn-Opening-Kings-Knight-Damiano-Defense|title=King Pawn Game: Damiano Defense (C40)|publisher=Chess.com|accessdate=2022-08-27}}</ref> <ref>traditionally attributed to [[Ruy López de Segura]]</ref> -- cited by Wikipedia, 'List of chess openings named after people'; not independently checked
A.Kad	Kádas Opening	Desprez Opening	Marcel Desprez	Marcel Desprez		1.h4	h2h4	book	attested		<ref>{{cite book|author=McDonald, Neil|title=Concise Chess Openings|publisher=Everyman|year=2001|isbn=1-85744-297-0|author-link=Neil McDonald (chess player)}}</ref> -- cited by Wikipedia, 'List of chess openings named after people'; not independently checked
E.Ind.e6.Nf3.Ne4	Indian Defence, Doery Indian	Döry Defence	Ladislaus Döry	Ladislaus Döry		1.d4 Nf6 2.c4 e6 3.Nf3 Ne4	d2d4 g8f6 c2c4 e7e6 g1f3 f6e4	encyclopaedia	attested		<ref name="Sunnucks"/> -- cited by Wikipedia, 'List of chess openings named after people'; not independently checked
A.Van	Van Geet Opening	Dunst Opening	Ted A. Dunst	Ted A. Dunst		1.Nc3	b1c3	encyclopaedia	attested		<ref name="Sunnucks"/> -- cited by Wikipedia, 'List of chess openings named after people'; not independently checked
C.RyL.Mor.Ba4.d6.c4	Ruy López Modern Steinitz, c4	Duras Variation of the Ruy Lopez	Oldřich Duras	Oldřich Duras	Oldřich Duras	1.e4 e5 2.Nf3 Nc6 3.Bb5 a6 4.Ba4 d6 5.c4	e2e4 e7e5 g1f3 b8c6 f1b5 a7a6 b5a4 d7d6 c2c4	web	attested		<ref>{{cite web|url=https://www.chess.com/openings/Ruy-Lopez-Opening-Morphy-Defense-Modern-Steinitz-Defense-5.c4|title=Ruy Lopez: Morphy Defense, Duras Variation (C77)|publisher=Chess.com|accessdate=2022-08-27}}</ref> -- cited by Wikipedia, 'List of chess openings named after people'; not independently checked
A.Sod	Sodium Attack	Durkin Opening	Robert Durkin	Robert Durkin		1.Na3	b1a3	encyclopaedia	attested		<ref name="Sunnucks"/> -- cited by Wikipedia, 'List of chess openings named after people'; not independently checked
C.KGm.Acc.Eis	King's Gambit Accepted, Eisenberg Variation	Eisenberg Gambit of the King's Gambit	Louis Eisenberg	Louis Eisenberg	Louis Eisenberg	1.e4 e5 2.f4 exf4 3.Nh3	e2e4 e7e5 f2f4 e5f4 g1h3	web	attested		<ref>{{cite web|url=https://www.chess.com/openings/Kings-Gambit-Accepted-Eisenberg-Variation|title=King's Gambit: Accepted, Eisenberg Variation (C30)|publisher=Chess.com|accessdate=2022-08-27}}</ref> -- cited by Wikipedia, 'List of chess openings named after people'; not independently checked
A.Egl	Englund Gambit	Englund Gambit	Fritz Englund	Fritz Englund	Fritz Englund	1.d4 e5	d2d4 e7e5	book	attested		<ref>{{cite book |author1=Smith, Ken |author2=Hall, John |name-list-style=amp| title=The Englund Gambit and the Blackburne-Hartlaub Gambit Complex | publisher=Chess Digest| year=1994 | isbn=0-87568-242-1}}</ref> -- cited by Wikipedia, 'List of chess openings named after people'; not independently checked
C.Ita.Evn	Italian, Evans Gambit	Evans Gambit	William Davies Evans	William Davies Evans	William Davies Evans	1.e4 e5 2.Nf3 Nc6 3.Bc4 Bc5 4.b4	e2e4 e7e5 g1f3 b8c6 f1c4 f8c5 b2b4	encyclopaedia	attested		<ref name="Sunnucks"/> -- cited by Wikipedia, 'List of chess openings named after people'; not independently checked
E.Bud.Faj	Budapest, Fajarowicz Variation	Fajarowicz Variation of the Budapest Gambit	Sammi Fajarowicz	Sammi Fajarowicz	Sammi Fajarowicz	1.d4 Nf6 2.c4 e5 3.dxe5 Ne4	d2d4 g8f6 c2c4 e7e5 d4e5 f6e4	book	attested		<ref>{{cite book|last=Gutman|first=Lev|title=Budapest Fajarowicz: The Fajarowicz-Richter Gambit in Action|publisher=Batsford|year=2004|isbn=0-7134-8708-9}}</ref> -- cited by Wikipedia, 'List of chess openings named after people'; not independently checked
C.KGm.Dec.Fal	King's Gambit Declined, Falkbeer	Falkbeer Countergambit of the King's Gambit	Ernst Falkbeer	Ernst Falkbeer	Ernst Falkbeer	1.e4 e5 2.f4 d5	e2e4 e7e5 f2f4 d7d5	encyclopaedia	attested		<ref name="Sunnucks"/> -- cited by Wikipedia, 'List of chess openings named after people'; not independently checked
C.KGm.Acc.Nf3.Fis	King's Gambit Accepted, Fischer Defence	Fischer Defense of the King's Gambit	Bobby Fischer	Bobby Fischer	Bobby Fischer	1.e4 e5 2.f4 exf4 3.Nf3 d6	e2e4 e7e5 f2f4 e5f4 g1f3 d7d6	web	attested		<ref>Bobby Fischer, "A Bust to the King's Gambit", ''American Chess Quarterly'', Vol. 1, No. 1 (Summer 1961), pp. 3–9.</ref> -- cited by Wikipedia, 'List of chess openings named after people'; not independently checked
C.Sco.Cls.Sch.Nc2	Scotch Classical Schmidt, Meitner	Fleissig Variation of the Scotch Game	Bernhard Fleissig	Bernhard Fleissig	Bernhard Fleissig	1.e4 e5 2.Nf3 Nc6 3.d4 exd4 4.Nxd4 Bc5 5.Be3 Qf6 6.c3 Nge7 7.Nc2	e2e4 e7e5 g1f3 b8c6 d2d4 e5d4 f3d4 f8c5 c1e3 d8f6 c2c3 g8e7 d4c2	web	attested		<ref name="WallBill">{{cite web|url=http://www.geocities.com/siliconvalley/lab/7378/opening.htm|title=List of chess openings |last=Wall|first=Bill|accessdate=2009-10-28|archiveurl=https://web.archive.org/web/20091028034035/http://www.geocities.com/siliconvalley/lab/7378/opening.htm|archivedate=2009- -- cited by Wikipedia, 'List of chess openings named after people'; not independently checked
A.Eng.Mik	English Opening, Mikėnas-Carls	Flohr	Salo Flohr; Vladas Mikėnas	Salo Flohr, Vladas Mikėnas and Carl Johan Margot Carls	Salo Flohr; Vladas Mikėnas	1.c4 Nf6 2.Nc3 e6 3.e4	c2c4 g8f6 b1c3 e7e6 e2e4	web	attested		<ref>{{cite web|url=http://www.chessgames.com/perl/chessgame?gid=1093119|title=Efim Bogoljubov vs. Aron Nimzowitsch, English Opening: Anglo-Indian Defense. Flohr-Mikenas-Carls Variation|publisher=ChessGames.com|accessdate=2009-10-31}}</ref> -- cited by Wikipedia, 'List of chess openings named after people'; not independently checked
B.CaK.Cls.Ng3.Bg6.Nh3	Caro-Kann Classical, Flohr Variation	Flohr Variation of the [[Caro	Salo Flohr	Salo Flohr	Salo Flohr	1.e4 c6 2.d4 d5 3.Nc3 dxe4 4.Nxe4 Bf5 5.Ng3 Bg6 6.Nh3	e2e4 c7c6 d2d4 d7d5 b1c3 d5e4 c3e4 c8f5 e4g3 f5g6 g1h3	oxford-companion	attested		{{sfn|Hooper|Whyld|1992|p=469}} -- cited by Wikipedia, 'List of chess openings named after people'; not independently checked
E.Gru.Thr.Qa4	Grünfeld Three Knights, Qa4+	Flohr Variation of the Grünfeld Defence	Salo Flohr	Salo Flohr	Salo Flohr	1.d4 Nf6 2.c4 g6 3.Nc3 d5 4.Nf3 Bg7 5.Qa4+	d2d4 g8f6 c2c4 g7g6 b1c3 d7d5 g1f3 f8g7 d1a4	web	attested		<ref>{{cite web|url=http://www.chessarch.com/library/0000_eco/d70_d99.shtml|title=D70-D99: Grünfeld: Three Knights (Flohr Attack)|publisher=Chess Archaeology|accessdate=2009-10-28}}</ref> -- cited by Wikipedia, 'List of chess openings named after people'; not independently checked
C.Vie.Fal.MLn	Vienna Falkbeer, Main Line	[[Vienna Game, Frankenstein	Frankenstein's monster; Count Dracula	Frankenstein's monster and Count Dracula	Frankenstein's monster; Count Dracula	1.e4 e5 2.Nc3 Nf6 3.Bc4 Nxe4	e2e4 e7e5 b1c3 g8f6 f1c4 f6e4	none	traditional		no source cited in Wikipedia's list of chess openings named after people; recorded as traditional usage only
A.Bir.Fro	Bird's Opening, From's Gambit	From's Gambit of the Bird's Opening	Martin Severin From	Martin Severin From	Martin Severin From	1.f4 e5	f2f4 e7e5	encyclopaedia	attested		<ref name="Sunnucks"/> -- cited by Wikipedia, 'List of chess openings named after people'; not independently checked
D.QGA.Cls.MLn.dxc5.Bxc5	QGA Classical Main Line, Bxc5	Furman Variation of the Queen's Gambit Accepted	Semyon Furman	Semyon Furman	Semyon Furman	1.d4 d5 2.c4 dxc4 3.Nf3 Nf6 4.e3 e6 5.Bxc4 c5 6.0-0 a6 7.dxc5 Bxc5	d2d4 d7d5 c2c4 d5c4 g1f3 g8f6 e2e3 e7e6 f1c4 c7c5 e1g1 a7a6 d4c5 f8c5	book	attested		<ref>{{cite book|last=Rizzitano|first=James|title=How to Beat 1 d4|publisher=Gambit|year=2005|page=160|isbn=1-904600-33-6}}</ref> -- cited by Wikipedia, 'List of chess openings named after people'; not independently checked
C.RyL.Cha.Gaj	Ruy López Chigorin, Gajewski Gambit	Gajewski Gambit of the Ruy Lopez	Grzegorz Gajewski	Grzegorz Gajewski	Grzegorz Gajewski	1.e4 e5 2.Nf3 Nc6 3.Bb5 a6 4.Ba4 Nf6 5.0-0 Be7 6.Re1 b5 7.Bb3 d6 8.c3 0-0 9.h3 Na5 10.Bc2 d5	e2e4 e7e5 g1f3 b8c6 f1b5 a7a6 b5a4 g8f6 e1g1 f8e7 f1e1 b7b5 a4b3 d7d6 c2c3 e8g8 h2h3 c6a5 b3c2 d6d5	web	attested		<ref>{{cite web|url=http://www.newinchess.com/Attacking_the_Spanish-p-1829.html|title=Attacking the Spanish|publisher=New In Chess|accessdate=2009-10-27|archive-url=https://web.archive.org/web/20160401061002/https://www.newinchess.com/attacking_the_spanish-p-1829.html|archive-date=2016-04-01|url-sta -- cited by Wikipedia, 'List of chess openings named after people'; not independently checked
E.KID.Cls.e5.O-O.Na6	KID Classical Castled, Glek	Glek Defense of the King's Indian Defence	Igor Glek	Igor Glek	Igor Glek	1.d4 Nf6 2.c4 g6 3.Nc3 Bg7 4.e4 d6 5.Nf3 0-0 6.Be2 e5 7.0-0 Na6	d2d4 g8f6 c2c4 g7g6 b1c3 f8g7 e2e4 d7d6 g1f3 e8g8 f1e2 e7e5 e1g1 b8a6	web	attested		<ref>{{cite web|url=http://www.newinchess.com/Yearbook_63-p-249.html|title=Yearbook 63|publisher=New In Chess|accessdate=2009-10-27}}</ref> -- cited by Wikipedia, 'List of chess openings named after people'; not independently checked
C.Fou.Glk	Four Knights, Glek System	Glek Variation of the Four Knights Game	Igor Glek	Igor Glek	Igor Glek	1.e4 e5 2.Nf3 Nc6 3.Nc3 Nf6 4.g3	e2e4 e7e5 g1f3 b8c6 b1c3 g8f6 g2g3	web	attested		<ref>{{cite web|url=http://www.newinchess.com/SO_Glek_Variation_4_g3-so-464.html|title=SO Glek Variation 4.g3 – Yearbook Surveys|publisher=New In Chess|accessdate=2009-10-26|archive-url=https://web.archive.org/web/20160223092428/https://www.newinchess.com/SO_Glek_Variation_4_g3-so-464.html|archive-d -- cited by Wikipedia, 'List of chess openings named after people'; not independently checked
E.Ind.WIn.f3.d5	Anti-Grünfeld Alekhine, Goglidze Attack	Goglidze Attack	Viktor Goglidze	Viktor Goglidze		1.d4 Nf6 2.c4 g6 3.f3 d5	d2d4 g8f6 c2c4 g7g6 f2f3 d7d5	web	attested		<ref>{{cite web|url=https://www.chess.com/openings/Kings-Indian-Defense-Alekhine-Anti-Grunfeld-Neo-Grunfeld-Defense-Goglidze-Attack|title=Neo-Grünfeld Defense: Goglidze Attack (D70)|publisher=Chess.com|accessdate=2022-08-27}}</ref> -- cited by Wikipedia, 'List of chess openings named after people'; not independently checked
C.Sco.Gor	Scotch, Göring Gambit	Göring Gambit of the Scotch Game	Carl Göring	Carl Göring	Carl Göring	1.e4 e5 2.Nf3 Nc6 3.d4 exd4 4.c3	e2e4 e7e5 g1f3 b8c6 d2d4 e5d4 c2c3	encyclopaedia	attested		<ref name="Sunnucks"/> -- cited by Wikipedia, 'List of chess openings named after people'; not independently checked
B.Sic.Old.d4.cxd4.Nxd4.Qb6	Old Sicilian, Godiva Variation	Grivas Variation of the Sicilian Defence	Efstratios Grivas	Efstratios Grivas	Efstratios Grivas	1.e4 c5 2.Nf3 Nc6 3.d4 cxd4 4.Nxd4 Qb6	e2e4 c7c5 g1f3 b8c6 d2d4 c5d4 f3d4 d8b6	book	attested		<ref>{{cite book|last=Grivas|first=Efstratios|title= Complete Guide to the Grivas Sicilian|publisher=Gambit Publications|year=2005|isbn=978-1-904600-36-7}}</ref> -- cited by Wikipedia, 'List of chess openings named after people'; not independently checked
A.Gro	Grob Opening	Grob's Attack	Henri Grob	Henri Grob	Henri Grob	1.g4	g2g4	book	attested	yes	<ref>{{cite book | author=Michael Basman | title=The Killer Grob | publisher=Cadogan | year=1991 | isbn= 0-08-037131-0| author-link=Michael Basman }}</ref> -- cited by Wikipedia, 'List of chess openings named after people'; not independently checked
C.KPO.Kgt.Qe7	King's Knight Opening, Gunderam Defence	Gunderam Defense	Gerhard Gunderam	Gerhard Gunderam		1.e4 e5 2.Nf3 Qe7	e2e4 e7e5 g1f3 d8e7	web	attested		<ref>{{cite web|url=http://www.chessarch.com/library/0000_eco/c40.shtml|title=C40: Irregular King's Knight: Gunderam|publisher=Chess Archaeology|accessdate=2009-10-28}}</ref> -- cited by Wikipedia, 'List of chess openings named after people'; not independently checked
B.Mod.Std.Nc3.C6S.Grg	Modern Defence, Gurgenidze Defence	Gurgenidze Defense of the Modern Defense	Bukhuti Gurgenidze	Bukhuti Gurgenidze	Bukhuti Gurgenidze	1.e4 g6 2.d4 Bg7 3.Nc3 c6 4.f4 d5 5.e5 h5	e2e4 g7g6 d2d4 f8g7 b1c3 c7c6 f2f4 d7d5 e4e5 h7h5	web	attested		<ref name="Gurgenidze">{{cite web|url=http://www.chessbase.com/newsdetail.asp?newsid=4653|title=Death of a chess original – Bukhuti Gurgenidze, 1933–2008|date=2008-05-26|publisher=ChessBase|accessdate=2009-10-27}}</ref> -- cited by Wikipedia, 'List of chess openings named after people'; not independently checked
B.CaK.Dpn.Nc3.Gur	Caro-Kann, Gurgenidze Counterattack	Gurgenidze Variation of the [[Caro	Bukhuti Gurgenidze	Bukhuti Gurgenidze	Bukhuti Gurgenidze	1.e4 c6 2.d4 d5 3.Nc3 b5	e2e4 c7c6 d2d4 d7d5 b1c3 b7b5	web	attested		<ref name="Gurgenidze"/> -- cited by Wikipedia, 'List of chess openings named after people'; not independently checked
B.Sic.Ros.Cls.MLn.Gur	Rossolimo Classical, Gurgenidze Variation	Gurgenidze Variation of the Sicilian Defence	Bukhuti Gurgenidze	Bukhuti Gurgenidze	Bukhuti Gurgenidze	1.e4 c5 2.Nf3 Nc6 3.Bb5 g6 4.0-0 Bg7 5.Re1 e5 6.b4	e2e4 c7c5 g1f3 b8c6 f1b5 g7g6 e1g1 f8g7 f1e1 e7e5 b2b4	web	attested		<ref name="Gurgenidze"/> -- cited by Wikipedia, 'List of chess openings named after people'; not independently checked
D.QPG.c4.c5.cxd5.Nf6	Queen's Gambit Austrian, Gusev Countergambit	Gusev Countergambit of the Queen's Gambit Declined	Yuri Gusev	Yuri Gusev	Yuri Gusev	1.d4 d5 2.c4 c5 3.cxd5 Nf6	d2d4 d7d5 c2c4 c7c5 c4d5 g8f6	web	attested		<ref>{{cite web|url=https://www.chess.com/openings/Queens-Gambit-Declined-Austrian-Gusev-Countergambit|title=Queen's Gambit Refused: Austrian Defense, Gusev Countergambit (D06)|publisher=Chess.com|accessdate=2022-08-27}}</ref> -- cited by Wikipedia, 'List of chess openings named after people'; not independently checked
C.KPO.Kgt.Qf6	King's Knight Opening, McConnell Defence	Greco Defence	Gioachino Greco	Gioachino Greco	Gioachino Greco	1.e4 e5 2.Nf3 Qf6	e2e4 e7e5 g1f3 d8f6	book	attested		<ref>{{cite book |last=Schiller |first=Eric |authorlink=Eric Schiller |title=Unorthodox Chess Openings |publisher=[[Avery Cardoza#Cardoza Publishing|Cardoza Publishing]] |year=1998 |chapter=McConnell Defense |page=[https://archive.org/details/unorthodoxchesso00schi/page/287 287] |isbn=0-940685-73-6  -- cited by Wikipedia, 'List of chess openings named after people'; not independently checked
E.Gru	Grünfeld Defence	Grünfeld Defence	Ernst Grünfeld	Ernst Grünfeld	Ernst Grünfeld	1.d4 Nf6 2.c4 g6 3.Nc3 d5	d2d4 g8f6 c2c4 g7g6 b1c3 d7d5	encyclopaedia	attested		<ref name="Sunnucks"/> -- cited by Wikipedia, 'List of chess openings named after people'; not independently checked
C.PhD.d4.Nd7	Philidor Defence, Hanham Move Order	Hanham Variation of the Philidor Defense	James Hanham	James Hanham	James Hanham	1.e4 e5 2.Nf3 d6 3.d4 Nd7	e2e4 e7e5 g1f3 d7d6 d2d4 b8d7	encyclopaedia	attested		<ref name="Sunnucks"/> -- cited by Wikipedia, 'List of chess openings named after people'; not independently checked
D.QGD.QKn.Nrm.Har	QGD Queen's Knight Normal, Harrwitz Prefix	Harrwitz Attack of the Queen's Gambit Declined	Daniel Harrwitz	Daniel Harrwitz	Daniel Harrwitz	1.d4 d5 2.c4 e6 3.Nc3 Nf6 4.Bf4	d2d4 d7d5 c2c4 e7e6 b1c3 g8f6 c1f4	web	attested		<ref>{{cite web|url=https://www.chess.com/openings/Queens-Gambit-Declined-Harrwitz-Attack|title=Queen's Gambit Declined: Harrwitz Attack|publisher=Chess.com|accessdate=2023-04-02}}</ref> -- cited by Wikipedia, 'List of chess openings named after people'; not independently checked
D.QPG.Lev	Levitsky Attack	Hodgson Attack	Julian Hodgson	Julian Hodgson	Julian Hodgson	1.d4 d5 2.Bg5	d2d4 d7d5 c1g5	book	attested		<ref>{{cite book|last=Rizzitano|first=James|title=How to Beat 1.d4|publisher=Gambit|year=2006|isbn=1-904600-33-6}}</ref> -- cited by Wikipedia, 'List of chess openings named after people'; not independently checked
A.Hol.Hop	Dutch Defence, Hopton Attack	Hopton Attack of the Dutch Defence	Hopton	Hopton		1.d4 f5 2.Bg5	d2d4 f7f5 c1g5	web	attested		<ref>{{cite web|url=http://www.chessgames.com/perl/chessgame?gid=1242990|title=Frank Melville Teed vs. Eugene Delmar, New York 1896, Dutch Defense: Hopton Attack (A80)|publisher=ChessGames.com|accessdate=2009-10-28}}</ref> -- cited by Wikipedia, 'List of chess openings named after people'; not independently checked
A.Hor	Horwitz Defence	Horwitz Defense	Bernhard Horwitz	Bernhard Horwitz	Bernhard Horwitz	1.d4 e6	d2d4 e7e6	none	traditional		no source cited in Wikipedia's list of chess openings named after people; recorded as traditional usage only
E.Ben.d5.d6	Benoni Defence d5, d6	Hromádka System of the Benoni Defence	Karel Hromádka	Karel Hromádka	Karel Hromádka	1.d4 Nf6 2.c4 c5 3.d5 d6	d2d4 g8f6 c2c4 c7c5 d4d5 d7d6	web	attested		<ref>{{cite web|url=http://www.chessarch.com/library/0000_eco/a56.shtml|title=A56: Benoni: Hromádka|publisher=Chess Archaeology|accessdate=2009-10-28}}</ref> -- cited by Wikipedia, 'List of chess openings named after people'; not independently checked
E.Nim.Rub.c5	Nimzo Rubinstein, c5	Hübner Variation of the Nimzo-Indian Defence	Robert Hübner	Robert Hübner	Robert Hübner	1.d4 Nf6 2.c4 e6 3.Nc3 Bb4 4.e3 c5	d2d4 g8f6 c2c4 e7e6 b1c3 f8b4 e2e3 c7c5	web	attested		<ref>{{cite web|url=https://www.chess.com/openings/Nimzo-Indian-Defense-Hubner-Variation|title=Nimzo-Indian Defense: Huebner Variation, Main Line (E41)|publisher=Chess.com|accessdate=2022-08-27}}</ref> -- cited by Wikipedia, 'List of chess openings named after people'; not independently checked
A.Hol.Cls.IZh	Dutch Classical, Ilyin-Zhenevsky	Ilyin-Genevsky Variation of the Dutch Defence	Alexander Ilyin-Genevsky	Alexander Ilyin-Genevsky	Alexander Ilyin-Genevsky	1.d4 f5 2.c4 Nf6 3.g3 e6 4.Bg2 Be7 5.Nf3 0-0 6.0-0 d6 7.Nc3 Qe8	d2d4 f7f5 c2c4 g8f6 g2g3 e7e6 f1g2 f8e7 g1f3 e8g8 e1g1 d7d6 b1c3 d8e8	web	attested		<ref>{{cite web|url=http://www.chessgames.com/perl/chessopening?eco=A98|title=Dutch, Ilyin-Genevsky Variation with Qc2 (A98)|publisher=ChessGames.com|accessdate=2009-10-28}}</ref> -- cited by Wikipedia, 'List of chess openings named after people'; not independently checked
E.OldI.Jan	Old Indian, Janowski Variation	Janowski Variation of the Old Indian Defence	Dawid Janowski	Dawid Janowski	Dawid Janowski	1.d4 Nf6 2.c4 d6 3.Nc3 Bf5	d2d4 g8f6 c2c4 d7d6 b1c3 c8f5	none	traditional		no source cited in Wikipedia's list of chess openings named after people; recorded as traditional usage only
C.Ita.Giu.Bxf7	Italian Giuoco Piano, Jerome Attack	Jerome Gambit of the Italian Game	Alonzo Wheeler Jerome	Alonzo Wheeler Jerome		1.e4 e5 2.Nf3 Nc6 3.Bc4 Bc5 4.Bxf7+	e2e4 e7e5 g1f3 b8c6 f1c4 f8c5 c4f7	book	attested		<ref>{{cite book|last=Lane|first=Gary|title=The greatest ever chess tricks and traps|publisher=Everyman Chess|year=2008|isbn=978-1-85744-577-0}}</ref> -- cited by Wikipedia, 'List of chess openings named after people'; not independently checked
B.Sic.Kan	Sicilian Kan	Kan Variation of the Sicilian Defence	Ilya Kan	Ilya Kan	Ilya Kan	1.e4 c5 2.Nf3 e6 3.d4 cxd4 4.Nxd4 a6	e2e4 c7c5 g1f3 e7e6 d2d4 c5d4 f3d4 a7a6	web	attested		<ref name="Sicilian"/> -- cited by Wikipedia, 'List of chess openings named after people'; not independently checked
C.Pet.Nxe5.d6.Nd3	Petrov Defence, Karklins-Martinovsky	Karklins	Chicago masters Andrew Karklins and Eugene Martinovsky	Chicago masters Andrew Karklins and Eugene Martinovsky		1.e4 e5 2.Nf3 Nf6 3.Nxe5 d6 4.Nd3	e2e4 e7e5 g1f3 g8f6 f3e5 d7d6 e5d3	web	attested		<ref>{{cite web|url=https://www.chess.com/openings/Petrovs-Defense-Classical-Karklins-Martinovsky-Variation|title=Russian Game: Karklins–Martinovsky Variation (C42)|publisher=Chess.com|accessdate=2022-08-27}}</ref> -- cited by Wikipedia, 'List of chess openings named after people'; not independently checked
B.CaK.Kar	Caro-Kann, Karpov	Karpov Variation of the [[Caro	Anatoly Karpov	Anatoly Karpov	Anatoly Karpov	1.e4 c6 2.d4 d5 3.Nc3 dxe4 4.Nxe4 Nd7	e2e4 c7c6 d2d4 d7d5 b1c3 d5e4 c3e4 b8d7	web	attested		<ref>{{cite web|url=https://www.chess.com/openings/Caro-Kann-Defense-Karpov-Variation|title=Caro-Kann Defense: Karpov Variation|publisher=Chess.com|accessdate=2021-12-14}}</ref> -- cited by Wikipedia, 'List of chess openings named after people'; not independently checked
B.Pir.150.MLn	Pirc 150 Attack, Main Line	Kasparov Variation of Pirc Defense	Garry Kasparov	Garry Kasparov	Garry Kasparov	1.e4 d6 2.d4 Nf6 3.Nc3 g6 4.Be3 Bg7 5.Qd2	e2e4 d7d6 d2d4 g8f6 b1c3 g7g6 c1e3 f8g7 d1d2	none	traditional		no source cited in Wikipedia's list of chess openings named after people; recorded as traditional usage only
B.Sic.Nf3.b6	Sicilian 2.Nf3, Katalimov Variation	Katalymov Variation of the Sicilian Defence	Boris Katalymov	Boris Katalymov	Boris Katalymov	1.e4 c5 2.Nf3 b6	e2e4 c7c5 g1f3 b7b6	web	attested		<ref>{{cite web|url=http://www.365chess.com/opening.php?m=5&n=313&ms=e4.c5.Nf3.b6|title=B27: Sicilian, Katalimov variation|publisher=365Chess|accessdate=2009-10-29}}</ref> -- cited by Wikipedia, 'List of chess openings named after people'; not independently checked
C.KGm.Qh4.g3.Qe7	King's Gambit Keene Defence	Keene Defense to the King's Gambit	Raymond Keene	Raymond Keene	Raymond Keene	1.e4 e5 2.f4 Qh4+ 3.g3 Qe7	e2e4 e7e5 f2f4 d8h4 g2g3 h4e7	web	attested		<ref>{{cite web|url=https://www.chess.com/openings/Kings-Gambit-Declined-Keene-Defense-3.g3-Qe7|title=King's Gambit: Declined, Keene Defense (C30)|publisher=Chess.com|accessdate=2022-08-27}}</ref> -- cited by Wikipedia, 'List of chess openings named after people'; not independently checked
B.Sic.Sch.Krs	Sicilian Scheveningen, Keres Attack	Keres Attack of the Sicilian Defence	Paul Keres	Paul Keres	Paul Keres	1.e4 c5 2.Nf3 d6 3.d4 cxd4 4.Nxd4 Nf6 5.Nc3 e6 6.g4	e2e4 c7c5 g1f3 d7d6 d2d4 c5d4 f3d4 g8f6 b1c3 e7e6 g2g4	book	attested		<ref>{{cite book|last=Pritchett|first=Craig|title=Sicilian Scheveningen|publisher=Everyman Chess|year=2006|isbn=978-1-85744-413-1}}</ref> -- cited by Wikipedia, 'List of chess openings named after people'; not independently checked
A.Kan	Kangaroo Defence	Keres Defence	Paul Keres	Paul Keres	Paul Keres	1.d4 e6 2.c4 Bb4+	d2d4 e7e6 c2c4 f8b4	web	attested		<ref name="fqechecs">{{cite web|url=http://www.fqechecs.qc.ca/index.php?typ=actu&id=252&categorie=1|title=ECO A00-A49 (anglais)|publisher=Fédération québécoise des échecs|accessdate=2009-10-28}}</ref> -- cited by Wikipedia, 'List of chess openings named after people'; not independently checked
B.Sic.Ker	Sicilian, Keres Variation	Keres Variation of the Sicilian Defence	Paul Keres	Paul Keres	Paul Keres	1.e4 c5 2.Ne2	e2e4 c7c5 g1e2	web	attested		<ref name="Sicilian"/> -- cited by Wikipedia, 'List of chess openings named after people'; not independently checked
A.Eng.Mik.Nc6	English Mikėnas-Carls, Nc6	Kevitz Variation of the English Opening	Alexander Kevitz	Alexander Kevitz	Alexander Kevitz	1.c4 Nf6 2.Nc3 e6 3.e4 Nc6	c2c4 g8f6 b1c3 e7e6 e2e4 b8c6	web	attested		<ref name="fqechecs"/> -- cited by Wikipedia, 'List of chess openings named after people'; not independently checked
C.KGm.Acc.Kie	King's Gambit Accepted, Kieseritzky	Kieseritzky Gambit of the King's Gambit	Lionel Kieseritzky	Lionel Kieseritzky	Lionel Kieseritzky	1.e4 e5 2.f4 exf4 3.Nf3 g5 4.h4 g4 5.Ne5	e2e4 e7e5 f2f4 e5f4 g1f3 g7g5 h2h4 g5g4 f3e5	none	traditional		no source cited in Wikipedia's list of chess openings named after people; recorded as traditional usage only
C.RyL.Mor.Opn.Nc3	Ruy López Open, Knorre Variation	Knorre Variation of the Ruy Lopez	Viktor Knorre	Viktor Knorre	Viktor Knorre	1.e4 e5 2.Nf3 Nc6 3.Bb5 a6 4.Ba4 Nf6 5.0-0 Nxe4 6.Nc3	e2e4 e7e5 g1f3 b8c6 f1b5 a7a6 b5a4 g8f6 e1g1 f6e4 b1c3	web	attested		<ref>{{cite web|url=http://chess-ref.org/opening.php?id=1412|title=Ruy Lopez, Open, Knorre variation (ECO: C80)|publisher=Chess-Ref.org|accessdate=2009-10-29}}{{Dead link|date=September 2025 |bot=InternetArchiveBot }}</ref> -- cited by Wikipedia, 'List of chess openings named after people'; not independently checked
C.Ita.Giu.O-O.Nf6.d4	Italian Giuoco Piano O-O Nf6, d4	Koltanowski Gambit of the Italian Game	George Koltanowski	George Koltanowski	George Koltanowski	1.e4 e5 2.Nf3 Nc6 3.Bc4 Bc5 4.0-0 Nf6 5.d4	e2e4 e7e5 g1f3 b8c6 f1c4 f8c5 e1g1 g8f6 d2d4	none	traditional		no source cited in Wikipedia's list of chess openings named after people; recorded as traditional usage only
B.Fre.Win.Knd	French Winawer, Kondratiyev Variation	Kondratiyev Variation of the French Defence	Pavel Kondratiyev	Pavel Kondratiyev		1.e4 e6 2.d4 d5 3.Nc3 Bb4 4.Bd3 c5 5.exd5 Qxd5 6.Bd2	e2e4 e7e6 d2d4 d7d5 b1c3 f8b4 f1d3 c7c5 e4d5 d8d5 c1d2	web	attested		<ref>{{cite web|url=http://chess-ref.org/opening.php?id=783|title=French, Winawer, Kondratiyev variation (ECO: C15)|publisher=Chess-Ref.org|accessdate=2009-10-29}}{{Dead link|date=September 2025 |bot=InternetArchiveBot }}</ref> -- cited by Wikipedia, 'List of chess openings named after people'; not independently checked
C.RyL.ClD.c3.d5	Ruy López Classical, Konikowski Gambit	Konikowski Gambit of the Ruy Lopez	Jerzy Konikowski	Jerzy Konikowski	Jerzy Konikowski	1.e4 e5 2.Nf3 Nc6 3.Bb5 Bc5 4.c3 d5	e2e4 e7e5 g1f3 b8c6 f1b5 f8c5 c2c3 d7d5	web	attested		<ref>{{cite web|url=http://www.vikingskak.dk/GambiteersGuild/Gambits/e4e5Nf3.htm|title=The Gambiteers Guild: Spanish Gambits|publisher=Vikingskak.dk|accessdate=2009-10-29}}</ref> -- cited by Wikipedia, 'List of chess openings named after people'; not independently checked
C.KPO.Kgt.MLn.g3	King's Knight Opening Main Line, g3	Konstantinopolsky Opening	Alexander Konstantinopolsky	Alexander Konstantinopolsky	Alexander Konstantinopolsky	1.e4 e5 2.Nf3 Nc6 3.g3	e2e4 e7e5 g1f3 b8c6 g2g3	oxford-companion	attested		<ref name="Oxford Companion"/> -- cited by Wikipedia, 'List of chess openings named after people'; not independently checked
D.Bgm.Dec.Lam	Blackmar-Diemer Declined, Lamb Defence	Lamb Defense of the [[Blackmar	F. Lamb	F. Lamb		1.d4 d5 2.e4 dxe4 3.Nc3 Nf6 4.f3 Nc6	d2d4 d7d5 e2e4 d5e4 b1c3 g8f6 f2f3 b8c6	web	attested		<ref>{{cite web|url=https://www.chess.com/openings/Queens-Pawn-Opening-Blackmar-Diemer-Gambit-Declined-Lamb-Defense|title=Blackmar-Diemer Gambit: Declined, Lamb Defense (D00)|publisher=Chess.com|accessdate=2022-08-27}}</ref> -- cited by Wikipedia, 'List of chess openings named after people'; not independently checked
A.Lar	Larsen Attack	Larsen's Opening	Bent Larsen	Bent Larsen	Bent Larsen	1.b3	b2b3	web	attested	yes	<ref>{{cite web|url=http://www.365chess.com/eco/A01_Nimzovich-Larsen_attack|title=ECO A01: Nimzovich-Larsen attack|publisher=365Chess.com|accessdate=2009-10-29}}</ref> -- cited by Wikipedia, 'List of chess openings named after people'; not independently checked
C.Ita.Evn.Acc.Stn.O-O.Las	Evans Accepted Steinitz, Lasker Defence	Lasker Defence of the Evans Gambit	Emanuel Lasker	Emanuel Lasker	Emanuel Lasker	1.e4 e5 2.Nf3 Nc6 3.Bc4 Bc5 4.b4 Bxb4 5.c3 Ba5 6.0-0 d6 7.d4 Bb6	e2e4 e7e5 g1f3 b8c6 f1c4 f8c5 b2b4 c5b4 c2c3 b4a5 e1g1 d7d6 d2d4 a5b6	web	attested		<ref>{{Cite web|url=https://www.365chess.com/eco/C52_Evans_gambit_Lasker_defence|title=C52: Evans gambit, Lasker defence}}</ref> -- cited by Wikipedia, 'List of chess openings named after people'; not independently checked
D.QGD.Lsk	QGD, Lasker	Lasker Defence of the Queen's Gambit Declined	Emanuel Lasker	Emanuel Lasker	Emanuel Lasker	1.d4 d5 2.c4 e6 3.Nc3 Nf6 4.Bg5 Be7 5.e3 0-0 6.Nf3 h6 7.Bh4 Ne4	d2d4 d7d5 c2c4 e7e6 b1c3 g8f6 c1g5 f8e7 e2e3 e8g8 g1f3 h7h6 g5h4 f6e4	web	attested		<ref>{{Cite web|url=https://www.365chess.com/eco/D56_Queen%27s_Gambit_Declined_Lasker_defence|title = D56: Queen's Gambit Declined, Lasker defence}}</ref> -- cited by Wikipedia, 'List of chess openings named after people'; not independently checked
E.Ind.WIn.f3.e5	Anti-Grünfeld Alekhine, Leko Gambit	Leko Gambit of the Anti-Grünfeld	Peter Leko	Peter Leko	Peter Leko	1.d4 Nf6 2.c4 g6 3.f3 e5	d2d4 g8f6 c2c4 g7g6 f2f3 e7e5	web	attested		<ref>{{cite web|url=http://www.chessgames.com/perl/chessgame?gid=1266450|title=Vladimir Kramnik vs. Peter Leko, Tilburg 1998, Indian Game: Anti-Grunfeld. Alekhine Variation Leko Gambit (E60)|publisher=ChessGames.com|accessdate=2009-10-29}}</ref> -- cited by Wikipedia, 'List of chess openings named after people'; not independently checked
C.KPO.d3	King's Pawn Game, Leonardis Variation	Leonardis Variation of the King's Pawn Opening	James A. Leonard	James A. Leonard	James A. Leonard	1.e4 e5 2.d3	e2e4 e7e5 d2d3	web	attested		<ref>{{cite web|url=https://www.chess.com/lessons/make-the-most-of-your-pieces/using-your-knights|title=Using Your Knights|publisher=Chess.com|accessdate=2025-07-10}}</ref> -- cited by Wikipedia, 'List of chess openings named after people'; not independently checked
C.Ita.Evn.Acc.Stn.d4.b5	Evans Accepted Steinitz d4, b5	Leonhardt Variation of the Evans Gambit	Paul Saladin Leonhardt	Paul Saladin Leonhardt	Paul Saladin Leonhardt	1.e4 e5 2.Nf3 Nc6 3.Bc4 Bc5 4.b4 Bxb4 5.c3 Ba5 6.d4 b5	e2e4 e7e5 g1f3 b8c6 f1c4 f8c5 b2b4 c5b4 c2c3 b4a5 d2d4 b7b5	oxford-companion	attested		{{sfn|Hooper|Whyld|1992|p=474}} -- cited by Wikipedia, 'List of chess openings named after people'; not independently checked
D.QPG.Lev	Levitsky Attack	Levitsky Attack	Stepan Levitsky	Stepan Levitsky	Stepan Levitsky	1.d4 d5 2.Bg5	d2d4 d7d5 c1g5	none	traditional		no source cited in Wikipedia's list of chess openings named after people; recorded as traditional usage only
B.Sic.Dra.Lev	Sicilian Dragon, Levenfish	Levenfish Attack in the Sicilian Defence, Dragon Variation	Grigory Levenfish	Grigory Levenfish	Grigory Levenfish	1.e4 c5 2.Nf3 d6 3.d4 cxd4 4.Nxd4 Nf6 5.Nc3 g6 6.f4	e2e4 c7c5 g1f3 d7d6 d2d4 c5d4 f3d4 g8f6 b1c3 g7g6 f2f4	web	attested		<ref>{{cite web|url=http://www.chessgames.com/perl/chessopening?eco=B71|title=Sicilian, Dragon, Levenfish Variation (B71)|publisher=ChessGames.com|accessdate=2009-10-29}}</ref> -- cited by Wikipedia, 'List of chess openings named after people'; not independently checked
E.Gru.Rus.Hng.e4.b6	Grünfeld Russian Hungarian, b6	Levenfish Variation of the Grünfeld Defence	Grigory Levenfish	Grigory Levenfish	Grigory Levenfish	1.d4 Nf6 2.c4 g6 3.Nc3 d5 4.Nf3 Bg7 5.Qb3 dxc4 6.Qxc4 0-0 7.e4 b6	d2d4 g8f6 c2c4 g7g6 b1c3 d7d5 g1f3 f8g7 d1b3 d5c4 b3c4 e8g8 e2e4 b7b6	web	attested		<ref>{{cite web|url=http://www.chessarch.com/library/0000_eco/d70_d99.shtml|title=D70-D99: Grünfeld: Russian (Levenfish)|accessdate=2009-10-29}}</ref> -- cited by Wikipedia, 'List of chess openings named after people'; not independently checked
A.Ret.Lis	Réti Opening, Lisitsyn Gambit	Lisitsin Gambit of the Zukertort Opening	Georgy Lisitsin	Georgy Lisitsin	Georgy Lisitsin	1.Nf3 f5 2.e4	g1f3 f7f5 e2e4	book	attested		<ref name="Gordon 1994">{{cite book |last=Gordon |first=Stephen W. |year=1994 |title=The Lisitsin Gambit |publisher=The House of Staunton |isbn=0875682502}}</ref> -- cited by Wikipedia, 'List of chess openings named after people'; not independently checked
C.Ita.Two.Ng5.Lol	Two Knights, Lolli Attack	Lolli Variation of the Two Knights Defense	Giambattista Lolli	Giambattista Lolli	Giambattista Lolli	1.e4 e5 2.Nf3 Nc6 3.Bc4 Nf6 4.Ng5 d5 5.exd5 Nxd5 6.d4	e2e4 e7e5 g1f3 b8c6 f1c4 g8f6 f3g5 d7d5 e4d5 f6d5 d2d4	web	attested		<ref>{{cite web|url=https://www.chess.com/openings/Italian-Game-Knight-Attack-Lolli-Attack|title=Italian Game: Two Knights Defense, Lolli Attack (C57)|publisher=Chess.com|accessdate=2022-08-27}}</ref> -- cited by Wikipedia, 'List of chess openings named after people'; not independently checked
C.RyL.Luc	Ruy López, Lucena Variation	Lucena Defence of the Ruy Lopez	Luis Ramirez de Lucena	Luis Ramirez de Lucena	Luis Ramirez de Lucena	1.e4 e5 2.Nf3 Nc6 3.Bb5 Be7	e2e4 e7e5 g1f3 b8c6 f1b5 f8e7	web	attested		<ref name="WCCF"/> -- cited by Wikipedia, 'List of chess openings named after people'; not independently checked
A.Mik	Mikėnas Defence	Lundin Defense	Erik Lundin	Erik Lundin	Erik Lundin	1.d4 Nc6	d2d4 b8c6	web	attested		<ref>{{cite web|url=http://www.365chess.com/opening.php?m=3&n=104&ms=d4.Nc6|title=A40: Queen's pawn, Lundin (Kevitz-Mikenas) defence|publisher=365Chess.com|accessdate=2009-10-29}}</ref> -- cited by Wikipedia, 'List of chess openings named after people'; not independently checked
E.Gru.Sml	Grünfeld, Sämisch	Lutikov Variation of the Grünfeld Defence	Anatoly Lutikov	Anatoly Lutikov	Anatoly Lutikov	1.d4 Nf6 2.c4 g6 3.Nc3 d5 4.f3	d2d4 g8f6 c2c4 g7g6 b1c3 d7d5 f2f3	web	attested		<ref name="WallBill"/> -- cited by Wikipedia, 'List of chess openings named after people'; not independently checked
C.KPO.c3	King's Pawn Game, MacLeod Attack	MacLeod Attack	Nicholas MacLeod	Nicholas MacLeod	Nicholas MacLeod	1.e4 e5 2.c3	e2e4 e7e5 c2c3	none	traditional		no source cited in Wikipedia's list of chess openings named after people; recorded as traditional usage only
E.KID.Mak	KID, Makogonov	Makogonov System of the King's Indian Defence	Vladimir Makogonov	Vladimir Makogonov	Vladimir Makogonov	1.d4 Nf6 2.c4 g6 3.Nc3 Bg7 4.e4 d6 5.h3	d2d4 g8f6 c2c4 g7g6 b1c3 f8g7 e2e4 d7d6 h2h3	web	attested		<ref>{{cite web|url=http://www.chessgames.com/perl/chessopening?eco=E71|title=King's Indian, Makagonov System (5.h3) (E71)|publisher=ChessGames.com|accessdate=2009-10-29}}</ref> -- cited by Wikipedia, 'List of chess openings named after people'; not independently checked
B.Sic.Acc.Mar	Accelerated Dragon, Maróczy Bind	Maróczy Bind of the Sicilian Defence	Géza Maróczy	Géza Maróczy	Géza Maróczy	1.e4 c5 2.Nf3 Nc6 3.d4 cxd4 4.Nxd4 g6 5.c4	e2e4 c7c5 g1f3 b8c6 d2d4 c5d4 f3d4 g7g6 c2c4	encyclopaedia	attested	yes	<ref name="Sunnucks"/> -- cited by Wikipedia, 'List of chess openings named after people'; not independently checked
C.RyL.Mar	Ruy López, Marshall Attack	Marshall Attack of the Ruy Lopez	Frank Marshall	Frank Marshall	Frank Marshall (chess player)	1.e4 e5 2.Nf3 Nc6 3.Bb5 a6 4.Ba4 Nf6 5.0-0 Be7 6.Re1 b5 7.Bb3 0-0 8.c3 d5	e2e4 e7e5 g1f3 b8c6 f1b5 a7a6 b5a4 g8f6 e1g1 f8e7 f1e1 b7b5 a4b3 e8g8 c2c3 d7d5	web	attested	yes	<ref>{{cite web|url=http://www.chesshistory.com/winter/extra/marshallgambit.html|title=The Marshall Gambit|last=Winter|first=Edward|accessdate=2009-06-01}}</ref> -- cited by Wikipedia, 'List of chess openings named after people'; not independently checked
D.QGD.Mar	QGD, Marshall Defence	Marshall Defense to the Queen's Gambit	Frank Marshall	Frank Marshall	Frank Marshall (chess player)	1.d4 d5 2.c4 Nf6	d2d4 d7d5 c2c4 g8f6	web	attested		<ref name="WCCF"/> -- cited by Wikipedia, 'List of chess openings named after people'; not independently checked
D.Sem.Mar.MLn	Semi-Slav Marshall, Main Line	Marshall Gambit in the Semi-Slav Defense	Frank Marshall	Frank Marshall	Frank Marshall (chess player)	1.d4 d5 2.c4 e6 3.Nc3 c6 4.e4 dxe4 5.Nxe4 Bb4+ 6.Bd2	d2d4 d7d5 c2c4 e7e6 b1c3 c7c6 e2e4 d5e4 c3e4 f8b4 c1d2	web	attested		<ref name="WCCF"/> -- cited by Wikipedia, 'List of chess openings named after people'; not independently checked
D.Tar.Mar	Tarrasch, Marshall Gambit	Marshall Gambit of the Tarrasch Defense	Frank Marshall	Frank Marshall	Frank Marshall (chess player)	1.d4 d5 2.c4 e6 3.Nc3 c5 4.cxd5 exd5 5.e4	d2d4 d7d5 c2c4 e7e6 b1c3 c7c5 c4d5 e6d5 e2e4	web	attested		<ref name="WCCF"/> -- cited by Wikipedia, 'List of chess openings named after people'; not independently checked
B.Sic.Fre.d4.d5	Sicilian French, Marshall Counterattack	Marshall Variation of the Sicilian Defence	Frank Marshall	Frank Marshall	Frank Marshall (chess player)	1.e4 c5 2.Nf3 e6 3.d4 d5	e2e4 c7c5 g1f3 e7e6 d2d4 d7d5	web	attested		<ref name="WCCF"/> -- cited by Wikipedia, 'List of chess openings named after people'; not independently checked
C.Ita.Two.Max	Italian Two Knights, Max Lange Attack	Max Lange Attack of the Two Knights Defense	Max Lange	Max Lange	Max Lange	1.e4 e5 2.Nf3 Nc6 3.Bc4 Nf6 4.d4 exd4 5.0-0 Bc5 6.e5	e2e4 e7e5 g1f3 b8c6 f1c4 g8f6 d2d4 e5d4 e1g1 f8c5 e4e5	oxford-companion	attested		<ref name="Oxford Companion"/> -- cited by Wikipedia, 'List of chess openings named after people'; not independently checked
B.Fre.Mac	French, MacCutcheon	McCutcheon Variation of the French Defence	John Lindsay McCutcheon	John Lindsay McCutcheon		1.e4 e6 2.d4 d5 3.Nc3 Nf6 4.Bg5 Bb4	e2e4 e7e6 d2d4 d7d5 b1c3 g8f6 c1g5 f8b4	web	attested		<ref>{{cite web|url=http://www.chessgames.com/perl/chessopening?eco=C12|title=French, McCutcheon (C12)|publisher=ChessGames.com|accessdate=2009-10-28}}</ref> -- cited by Wikipedia, 'List of chess openings named after people'; not independently checked
C.KGm.Acc.Nf3.KKn.Bc4.McD	King's Gambit Accepted, McDonnell Gambit	McDonnell Gambit of the King's Gambit	Alexander McDonnell	Alexander McDonnell	Alexander McDonnell (chess player)	1.e4 e5 2.f4 exf4 3.Nf3 g5 4.Bc4 g4 6.Nc3	e2e4 e7e5 f2f4 e5f4 g1f3 g7g5 f1c4 g5g4 b1c3	web	attested		<ref>{{cite web|url=http://www.chessgames.com/perl/chessopening?eco=C37|title=Mcdonnell Gambit}}</ref> -- cited by Wikipedia, 'List of chess openings named after people'; not independently checked
A.Mie	Mieses Opening	Mieses Opening	Jacques Mieses	Jacques Mieses	Jacques Mieses	1.d3	d2d3	oxford-companion	attested		<ref name="Oxford Companion"/> -- cited by Wikipedia, 'List of chess openings named after people'; not independently checked
E.Ben.Mod.Fou.Mik	Modern Benoni Four Pawns, Mikėnas	Mikenas Variation of the Modern Benoni	Vladas Mikėnas	Vladas Mikėnas	Vladas Mikėnas	1.d4 Nf6 2.c4 c5 3.d5 e6 4.Nc3 exd5 5.cxd5 d6 6.e4 g6 7.f4 Bg7 8.e5	d2d4 g8f6 c2c4 c7c5 d4d5 e7e6 b1c3 e6d5 c4d5 d7d6 e2e4 g7g6 f2f4 f8g7 e4e5	web	attested		<ref>{{cite web|url=https://www.chess.com/openings/Benoni-Defense-Modern-Pawn-Storm-Mikenas-Variation|title=Benoni Defense: Mikenas Variation (A66)|publisher=Chess.com|accessdate=2022-08-27}}</ref> -- cited by Wikipedia, 'List of chess openings named after people'; not independently checked
E.QID.Mil	QID, Miles Variation	Miles Variation of the Queen's Indian Defense	Tony Miles	Tony Miles	Tony Miles	1.d4 Nf6 2.c4 e6 3.Nf3 b6 4.Bf4	d2d4 g8f6 c2c4 e7e6 g1f3 b7b6 c1f4	web	attested		<ref name="WCCF"/> -- cited by Wikipedia, 'List of chess openings named after people'; not independently checked
B.Fre.Tar.Mor	French Tarrasch, Morozevich Variation	Morozevich Variation of the French Defence	Alexander Morozevich	Alexander Morozevich	Alexander Morozevich	1.e4 e6 2.d4 d5 3.Nd2 Be7	e2e4 e7e6 d2d4 d7d5 b1d2 f8e7	web	attested		<ref>{{cite web|url=https://www.chess.com/openings/French-Defense-Tarrasch-Morozevich-Variation|title=French Defense: Tarrasch Variation, Morozevich Variation (C03)|publisher=Chess.com|accessdate=2022-08-27}}</ref> -- cited by Wikipedia, 'List of chess openings named after people'; not independently checked
C.RyL.Mor	Ruy López, Morphy Defence	Morphy Defense to the Ruy Lopez	Paul Morphy	Paul Morphy	Paul Morphy	1.e4 e5 2.Nf3 Nc6 3.Bb5 a6	e2e4 e7e5 g1f3 b8c6 f1b5 a7a6	web	attested		<ref name="WCCF"/> -- cited by Wikipedia, 'List of chess openings named after people'; not independently checked
B.Fre.Nrm.d5.Nh3	French Defence, Morphy Gambit	Morphy Gambit of the French Defence	Paul Morphy	Paul Morphy	Paul Morphy	1.e4 e6 2.d4 d5 3.Nh3	e2e4 e7e6 d2d4 d7d5 g1h3	web	attested		<ref>{{cite web|url=https://www.chess.com/openings/French-Defense-Morphy-Gambit|title=French Defense: Morphy Gambit (C01)|publisher=Chess.com|accessdate=2022-08-27}}</ref> -- cited by Wikipedia, 'List of chess openings named after people'; not independently checked
C.KGm.Acc.Muz.Dbl.MLn	Double Muzio Gambit, Main Line	Muzio Gambit of the King's Gambit	Jacob Sarratt; Alessandro Salvio	Mutio d'Alessandro, a third-rate Neapolitan player, following a mistranslation by Jacob Sarratt of Alessandro Salvio	Jacob Sarratt; Alessandro Salvio	1.e4 e5 2.f4 exf4 3.Nf3 g5 4.Bc4 g4 5.0-0 gxf3 6.Qxf3	e2e4 e7e5 f2f4 e5f4 g1f3 g7g5 f1c4 g5g4 e1g1 g4f3 d1f3	web	attested		<ref>original spelling</ref> <ref>[[Harold James Ruthven Murray]], ''A History of Chess'', p826</ref> -- cited by Wikipedia, 'List of chess openings named after people'; not independently checked
E.Gru.cxd5.Nxd5.Na4	Grünfeld Exchange Prefix, Na4	Nadanian Variation of the Grünfeld Defence	Ashot Nadanian	Ashot Nadanian	Ashot Nadanian	1.d4 Nf6 2.c4 g6 3.Nc3 d5 4.cxd5 Nxd5 5.Na4	d2d4 g8f6 c2c4 g7g6 b1c3 d7d5 c4d5 f6d5 c3a4	web	attested		<ref>{{cite web|url=http://www.newinchess.com/Ashot_Nadanian-sa-133.html|title=Ashot Nadanian – Yearbook Surveys|publisher=New In Chess|accessdate=2009-10-27|url-status=dead|archiveurl=https://archive.today/20120530164219/http://www.newinchess.com/Ashot_Nadanian-sa-133.html|archivedate=2012-05-30}}< -- cited by Wikipedia, 'List of chess openings named after people'; not independently checked
B.Sic.Naj	Sicilian, Najdorf	Najdorf Variation of the Sicilian Defence	Miguel Najdorf	Miguel Najdorf	Miguel Najdorf	1.e4 c5 2.Nf3 d6 3.d4 cxd4 4.Nxd4 Nf6 5.Nc3 a6	e2e4 c7c5 g1f3 d7d6 d2d4 c5d4 f3d4 g8f6 b1c3 a7a6	web	attested	yes	<ref>{{cite web|url=http://www.chessgames.com/perl/chessopening?eco=b90|title=Sicilian, Najdorf (B90)|publisher=ChessGames.com|accessdate=2009-10-27}}</ref> -- cited by Wikipedia, 'List of chess openings named after people'; not independently checked
C.KPO.Nap	Napoleon Opening	Napoleon Opening	Napoleon Bonaparte	Napoleon Bonaparte	Napoleon Bonaparte	1.e4 e5 2.Qf3	e2e4 e7e5 d1f3	web	attested		<ref>{{cite web|url=http://www.chessgames.com/perl/chessgame?gid=1250610|title=Napoleon Bonaparte vs. The Turk (Automaton), Schoenbrunn 1809, King Pawn Game: Napoleon Attack|publisher=ChessGames.com|accessdate=2009-10-29}}</ref> -- cited by Wikipedia, 'List of chess openings named after people'; not independently checked
C.KGm.Acc.Kie.Nc6	Kieseritzky Gambit, Nc6	Neumann Defense of the King's Gambit	Gustav Neumann	Gustav Neumann	Gustav Neumann	1.e4 e5 2.f4 exf4 3.Nf3 g5 4.h4 g4 5.Ne5 Nc6	e2e4 e7e5 f2f4 e5f4 g1f3 g7g5 h2h4 g5g4 f3e5 b8c6	web	attested		<ref>{{cite web|url=https://www.365chess.com/eco/C39_King's_Gambit_Accepted_Kieseritsky_Neumann_defence|title=C39: King's Gambit Accepted, Kieseritzsky, Neumann Defense|publisher=365chess.com|accessdate=2023-03-31}}</ref> -- cited by Wikipedia, 'List of chess openings named after people'; not independently checked
E.Nim	Nimzo-Indian Defence	Nimzo-Indian Defence	Aron Nimzowitsch	Aron Nimzowitsch	Aron Nimzowitsch	1.d4 Nf6 2.c4 e6 3.Nc3 Bb4	d2d4 g8f6 c2c4 e7e6 b1c3 f8b4	book	attested		<ref>{{cite book | author=Hansen, Carsten | title=The Nimzo-Indian: 4 e3 | publisher=Gambit Publications Ltd | year=2002 | isbn=1-901983-58-7}}</ref> -- cited by Wikipedia, 'List of chess openings named after people'; not independently checked
B.Nim	Nimzowitsch Defence	Nimzowitsch Defence	Aron Nimzowitsch	Aron Nimzowitsch	Aron Nimzowitsch	1.e4 Nc6	e2e4 b8c6	book	attested		<ref>{{cite book|last=Harding|first=T. D.|title=The Nimzowitsch defence : 1e4 Nc6|publisher=Batsford|year=1981|isbn=978-0-7134-3597-9}}</ref> -- cited by Wikipedia, 'List of chess openings named after people'; not independently checked
B.Sic.Nim	Sicilian, Nimzowitsch Variation	Nimzowitsch Variation of the Sicilian Defense	Aron Nimzowitsch	Aron Nimzowitsch	Aron Nimzowitsch	1.e4 c5 2.Nf3 Nf6	e2e4 c7c5 g1f3 g8f6	web	attested		<ref name="Sicilian"/> -- cited by Wikipedia, 'List of chess openings named after people'; not independently checked
B.Sic.OKe	Sicilian, O'Kelly	O'Kelly Variation of the Sicilian Defence	Albéric O'Kelly de Galway	Albéric O'Kelly de Galway	Albéric O'Kelly de Galway	1.e4 c5 2.Nf3 a6	e2e4 c7c5 g1f3 a7a6	web	attested		<ref>{{cite web|url=http://www.chessgames.com/perl/chessopening?eco=B28|title=Sicilian, O'Kelly Variation (B28)|publisher=ChessGames.com|accessdate=2009-10-27}}</ref> -- cited by Wikipedia, 'List of chess openings named after people'; not independently checked
A.Tro	Trompowsky Attack	Opočenský Opening (i.e. Trompowsky Attack)	Karel Opočenský	Karel Opočenský	Karel Opočenský	1.d4 Nf6 2.Bg5	d2d4 g8f6 c1g5	oxford-companion	attested	yes	{{sfn|Hooper|Whyld|1992|p=281}} -- cited by Wikipedia, 'List of chess openings named after people'; not independently checked
B.Sic.Naj.Be2	Sicilian Najdorf, Opočenský Variation	Opočenský Variation of the Sicilian Defence	Karel Opočenský	Karel Opočenský	Karel Opočenský	1.e4 c5 2.Nf3 d6 3.d4 cxd4 4.Nxd4 Nf6 5.Nc3 a6 6.Be2	e2e4 c7c5 g1f3 d7d6 d2d4 c5d4 f3d4 g8f6 b1c3 a7a6 f1e2	web	attested		<ref>{{cite web|url=http://www.chessgames.com/perl/chessopening?eco=B92|title=Sicilian, Najdorf, Opocensky Variation (B92)|publisher=ChessGames.com|accessdate=2009-10-29}}</ref> -- cited by Wikipedia, 'List of chess openings named after people'; not independently checked
B.OwM	Owen's Modern (...b6 vs e4)	Owen's Defense	John Owen	John Owen	John Owen (chess player)	1.e4 b6	e2e4 b7b6	oxford-companion	attested		<ref name="Oxford Companion"/> -- cited by Wikipedia, 'List of chess openings named after people'; not independently checked
B.CaK.Pmv	Caro-Kann, Panov-Botvinnik Attack	Panov Attack of the [[Caro	Vasily Panov	Vasily Panov	Vasily Panov	1.e4 c6 2.d4 d5 3.exd5 cxd5 4.c4	e2e4 c7c6 d2d4 d7d5 e4d5 c6d5 c2c4	encyclopaedia	attested		<ref name="Sunnucks"/> -- cited by Wikipedia, 'List of chess openings named after people'; not independently checked
C.KPO.Qh5	King's Pawn Game, Wayward Queen Attack	Parham Attack	Bernard Parham	Bernard Parham	Bernard Parham	1.e4 e5 2.Qh5	e2e4 e7e5 d1h5	web	attested		<ref>{{cite web|url=http://www.thechessdrum.net/newsbriefs/2003/NB_BParham.html|title=Bernard Parham: Creator of the Matrix System|publisher=Thechessdrum.net|accessdate=2009-10-29}}</ref> -- cited by Wikipedia, 'List of chess openings named after people'; not independently checked
C.Pet.Nxe5.d6.Nc4	Petrov Defence, Paulsen Attack	Paulsen Attack of the Petrov's Defence	Louis Paulsen	Louis Paulsen	Louis Paulsen	1.e4 e5 2.Nf3 Nf6 3.Nxe5 d6 4.Nc4	e2e4 e7e5 g1f3 g8f6 f3e5 d7d6 e5c4	encyclopaedia	attested		<ref name="Sunnucks"/> -- cited by Wikipedia, 'List of chess openings named after people'; not independently checked
E.KID.Cls.Pet	KID Classical, Petrosian	Petrosian Variation of the King's Indian Defence	Tigran Petrosian	Tigran Petrosian	Tigran Petrosian	1.d4 Nf6 2.c4 g6 3.Nc3 Bg7 4.e4 d6 5.Nf3 0-0 6.Be2 e5 7.d5	d2d4 g8f6 c2c4 g7g6 b1c3 f8g7 e2e4 d7d6 g1f3 e8g8 f1e2 e7e5 d4d5	web	attested		<ref name="WCCF"/> -- cited by Wikipedia, 'List of chess openings named after people'; not independently checked
E.QID.Pet	QID, Petrosian	Petrosian Variation of the Queen's Indian Defense	Tigran Petrosian	Tigran Petrosian	Tigran Petrosian	1.d4 Nf6 2.c4 e6 3.Nf3 b6 4.a3	d2d4 g8f6 c2c4 e7e6 g1f3 b7b6 a2a3	web	attested		<ref name="WCCF"/> -- cited by Wikipedia, 'List of chess openings named after people'; not independently checked
C.Pet	Petrov Defence	Petrov Defense	Alexander Petrov	Alexander Petrov	Alexander Petrov (chess player)	1.e4 e5 2.Nf3 Nf6	e2e4 e7e5 g1f3 g8f6	encyclopaedia	attested		<ref name="Sunnucks"/> -- cited by Wikipedia, 'List of chess openings named after people'; not independently checked
C.PhD.d4.f5	Philidor Countergambit	Philidor Countergambit	François-André Danican Philidor	François-André Danican Philidor	François-André Danican Philidor	1.e4 e5 2.Nf3 d6 3.d4 f5	e2e4 e7e5 g1f3 d7d6 d2d4 f7f5	encyclopaedia	attested		<ref name="Sunnucks"/> -- cited by Wikipedia, 'List of chess openings named after people'; not independently checked
C.PhD	Philidor Defence	Philidor Defence	François-André Danican Philidor	François-André Danican Philidor	François-André Danican Philidor	1.e4 e5 2.Nf3 d6	e2e4 e7e5 g1f3 d7d6	encyclopaedia	attested		<ref name="Sunnucks"/> -- cited by Wikipedia, 'List of chess openings named after people'; not independently checked
C.Bsh.Bc5.c3	Bishop's Opening, Philidor Variation	Philidor Variation of the Bishop's Opening	François-André Danican Philidor	François-André Danican Philidor	François-André Danican Philidor	1.e4 e5 2.Bc4 Bc5 3.c3	e2e4 e7e5 f1c4 f8c5 c2c3	none	traditional		no source cited in Wikipedia's list of chess openings named after people; recorded as traditional usage only
B.Pir	Pirc Defence	Pirc Defence	Vasja Pirc	Vasja Pirc	Vasja Pirc	1.e4 d6 2.d4 Nf6 3.Nc3 g6	e2e4 d7d6 d2d4 g8f6 b1c3 g7g6	encyclopaedia	attested		<ref name="Sunnucks"/> -- cited by Wikipedia, 'List of chess openings named after people'; not independently checked
C.KGm.Acc.Kie.Be7	Kieseritzky Gambit, Be7	Polerio Defense of the King's Gambit	Giulio Cesare Polerio	Giulio Cesare Polerio	Giulio Cesare Polerio	1.e4 e5 2.f4 exf4 3.Nf3 g5 4.h4 g4 5.Ne5 Be7	e2e4 e7e5 f2f4 e5f4 g1f3 g7g5 h2h4 g5g4 f3e5 f8e7	web	attested		<ref>{{cite web|url=https://www.chess.com/openings/Kings-Gambit-Accepted-Kieseritzky-Polerio-Defense|title=King's Gambit Accepted: Kieseritzsky, Polerio Defense|publisher=Chess.com|accessdate=2023-03-31}}</ref> -- cited by Wikipedia, 'List of chess openings named after people'; not independently checked
C.RyL.Pol	Ruy López, Pollock Defence	Pollock's Defense to the Ruy Lopez	William Pollock	William Pollock	William Pollock (chess player)	1.e4 e5 2.Nf3 Nc6 3.Bb5 Na5	e2e4 e7e5 g1f3 b8c6 f1b5 c6a5	web	attested		<ref name="WCCF"/> -- cited by Wikipedia, 'List of chess openings named after people'; not independently checked
B.Sic.Naj.Pol	Sicilian Najdorf, Polugaevsky	Polugaevsky Variation of the Sicilian Defence	Lev Polugaevsky	Lev Polugaevsky	Lev Polugaevsky	1.e4 c5 2.Nf3 d6 3.d4 cxd4 4.Nxd4 Nf6 5.Nc3 a6 6.Bg5 e6 7.f4 b5	e2e4 c7c5 g1f3 d7d6 d2d4 c5d4 f3d4 g8f6 b1c3 a7a6 c1g5 e7e6 f2f4 b7b5	book	attested	yes	<ref>{{cite book|last=Adams|first=Jimmy|title=Sicilian Najdorf Polugaevsky Variation|publisher=The Chess Player|year=1978|isbn=0-906042-09-7}}</ref> -- cited by Wikipedia, 'List of chess openings named after people'; not independently checked
C.Pon	Ponziani Opening	Ponziani Opening	Domenico Lorenzo Ponziani	Domenico Lorenzo Ponziani	Domenico Lorenzo Ponziani	1.e4 e5 2.Nf3 Nc6 3.c3	e2e4 e7e5 g1f3 b8c6 c2c3	encyclopaedia	attested		<ref name="Sunnucks"/> -- cited by Wikipedia, 'List of chess openings named after people'; not independently checked
C.RyL.Bul	Ruy López, Bulgarian Variation	Popov Variation of the Ruy Lopez	Georgi Alexandrov Popov	Bulgarian correspondence player Georgi Alexandrov Popov	Georgi Alexandrov Popov	1.e4 e5 2.Nf3 Nc6 3.Bb5 a5	e2e4 e7e5 g1f3 b8c6 f1b5 a7a5	web	attested		<ref>{{cite web|url=https://www.newinchess.com/Archives/SOSList.aspx?AuthorID=355|title=SOS Vol. 9 Chapter 15: Ruy Lopez: the Popov Variation|publisher=New in Chess|accessdate=2009-10-29|archive-url=https://web.archive.org/web/20160305182031/https://www.newinchess.com/Archives/SOSList.aspx?AuthorID= -- cited by Wikipedia, 'List of chess openings named after people'; not independently checked
B.Sic.Nf3.Qc7	Sicilian 2.Nf3, Quinteros Variation	Quinteros Variation of the Sicilian Defence	Miguel Quinteros	Miguel Quinteros	Miguel Quinteros	1.e4 c5 2.Nf3 Qc7	e2e4 c7c5 g1f3 d8c7	web	attested		<ref>{{cite web|url=https://www.chess.com/openings/Sicilian-Defense-Quinteros-Variation|title=Sicilian Defense: Quinteros Variation (B27)|publisher=Chess.com|accessdate=2022-08-27}}</ref> -- cited by Wikipedia, 'List of chess openings named after people'; not independently checked
A.Ret.d5.c4	Réti Opening, 2.c4	Réti Opening	Richard Réti	Richard Réti	Richard Réti	1.Nf3 d5 2.c4	g1f3 d7d5 c2c4	oxford-companion	attested		<ref name="Oxford Companion"/> -- cited by Wikipedia, 'List of chess openings named after people'; not independently checked
C.KGm.Acc.Kie.MLn.Bc4.Ri2	King's Gambit Accepted, Kieseritzky, Rice Gambit	Rice Gambit of the King's Gambit	Isaac Rice	Isaac Rice	Isaac Rice (businessman)	1.e4 e5 2.f4 exf4 3.Nf3 g5 4.h4 g4 5.Ne5 Nf6 6.Bc4 d5 7.exd5 Bd6 8.0-0	e2e4 e7e5 f2f4 e5f4 g1f3 g7g5 h2h4 g5g4 f3e5 g8f6 f1c4 d7d5 e4d5 f8d6 e1g1	encyclopaedia	attested		<ref name="Sunnucks"/> -- cited by Wikipedia, 'List of chess openings named after people'; not independently checked
B.Sic.Cls.Rch.e6.Qd2	Richter-Rauzer, Traditional Variation	Richter	Kurt Richter; Vsevolod Rauzer	Kurt Richter and Vsevolod Rauzer	Kurt Richter; Vsevolod Rauzer	1.e4 c5 2.Nf3 d6 3.d4 cxd4 4.Nxd4 Nf6 5.Nc3 Nc6 6.Bg5 e6 7.Qd2	e2e4 c7c5 g1f3 d7d6 d2d4 c5d4 f3d4 g8f6 b1c3 b8c6 c1g5 e7e6 d1d2	web	attested		<ref name="Sicilian"/> -- cited by Wikipedia, 'List of chess openings named after people'; not independently checked
D.QPG.Ver	Queen's Pawn Game, Veresov Setup	[[Richter	Kurt Richter; Gavriil Veresov	Kurt Richter and Gavriil Veresov	Kurt Richter; Gavriil Veresov	1.d4 d5 2.Nc3 Nf6 3.Bg5	d2d4 d7d5 b1c3 g8f6 c1g5	book	attested		<ref>{{cite book|last=Gufeld|first=Eduard|author2=Stetsko, Oleg|title=Richter-Veresov System: The Chameleon Chess Repertoire|publisher=Thinkers Pr Inc / Chessco|year=2000|isbn=978-0-938650-97-3}}</ref> -- cited by Wikipedia, 'List of chess openings named after people'; not independently checked
E.QID.Euw.MLn.Riu	QID Euwe Main Line, Riumin Variation	Riumin Variation of the Queen's Indian Defense	Nikolai Riumin	Nikolai Riumin	Nikolai Riumin	1.d4 Nf6 2.c4 e6 3.Nf3 b6 4.g3 Bb7 5.Bg2 Bb4+ 6.Bd2 Be7	d2d4 g8f6 c2c4 e7e6 g1f3 b7b6 g2g3 c8b7 f1g2 f8b4 c1d2 b4e7	web	attested		<ref>{{cite web|url=https://www.chess.com/openings/Queens-Indian-Defense-Fianchetto-Capablanca-Riumin-Variation|title=Queen's Indian Defense: Riumin Variation (E16)|publisher=Chess.com|accessdate=2022-08-27}}</ref> -- cited by Wikipedia, 'List of chess openings named after people'; not independently checked
B.Mod.Std	Modern Defence, Standard Setup	Robatsch Defence	Karl Robatsch	Karl Robatsch	Karl Robatsch	1.e4 g6 2.d4 Bg7	e2e4 g7g6 d2d4 f8g7	encyclopaedia	attested		<ref name="Sunnucks"/> -- cited by Wikipedia, 'List of chess openings named after people'; not independently checked
B.Sic.Ros	Sicilian Rossolimo	Rossolimo Variation of the Sicilian Defence	Nicolas Rossolimo	Nicolas Rossolimo	Nicolas Rossolimo	1.e4 c5 2.Nf3 Nc6 3.Bb5	e2e4 c7c5 g1f3 b8c6 f1b5	web	attested	yes	<ref>{{cite web|url=http://www.chessgames.com/perl/chessopening?eco=b31|title=Sicilian, Rossolimo Variation (B31)|publisher=ChessGames.com|accessdate=2009-10-28}}</ref> -- cited by Wikipedia, 'List of chess openings named after people'; not independently checked
C.Fou.Spa.Rub	Four Knights Spanish, Rubinstein	Rubinstein Variation of the Four Knights Game	Akiba Rubinstein	Akiba Rubinstein	Akiba Rubinstein	1.e4 e5 2.Nf3 Nc6 3.Nc3 Nf6 4.Bb5 Nd4	e2e4 e7e5 g1f3 b8c6 b1c3 g8f6 f1b5 c6d4	encyclopaedia	attested		<ref name="Sunnucks"/> -- cited by Wikipedia, 'List of chess openings named after people'; not independently checked
B.Fre.Rub	French, Rubinstein	Rubinstein Variation of the French Defence	Akiba Rubinstein	Akiba Rubinstein	Akiba Rubinstein	1.e4 e6 2.d4 d5 3.Nc3 dxe4	e2e4 e7e6 d2d4 d7d5 b1c3 d5e4	encyclopaedia	attested		<ref name="Sunnucks"/> -- cited by Wikipedia, 'List of chess openings named after people'; not independently checked
E.Nim.Rub	Nimzo, Rubinstein	Rubinstein Variation of the Nimzo-Indian Defence	Akiba Rubinstein	Akiba Rubinstein	Akiba Rubinstein	1.d4 Nf6 2.c4 e6 3.Nc3 Bb4 4.e3	d2d4 g8f6 c2c4 e7e6 b1c3 f8b4 e2e3	encyclopaedia	attested		<ref name="Sunnucks"/> -- cited by Wikipedia, 'List of chess openings named after people'; not independently checked
C.RyL	Ruy López	Ruy Lopez	Ruy López de Segura	Ruy López de Segura	Ruy López de Segura	1.e4 e5 2.Nf3 Nc6 3.Bb5	e2e4 e7e5 g1f3 b8c6 f1b5	encyclopaedia	attested		<ref name="Sunnucks"/> -- cited by Wikipedia, 'List of chess openings named after people'; not independently checked
E.KID.Sml	KID, Sämisch	Sämisch Variation of the King's Indian Defence	Friedrich Sämisch	Friedrich Sämisch	Friedrich Sämisch	1.d4 Nf6 2.c4 g6 3.Nc3 Bg7 4.e4 d6 5.f3	d2d4 g8f6 c2c4 g7g6 b1c3 f8g7 e2e4 d7d6 f2f3	web	attested		<ref name="Victor Bologan"/> -- cited by Wikipedia, 'List of chess openings named after people'; not independently checked
E.Nim.Sml	Nimzo, Sämisch	Sämisch Variation of the Nimzo-Indian Defence	Friedrich Sämisch	Friedrich Sämisch	Friedrich Sämisch	1.d4 Nf6 2.c4 e6 3.Nc3 Bb4 4.a3	d2d4 g8f6 c2c4 e7e6 b1c3 f8b4 a2a3	web	attested		<ref>{{cite web|url=http://www.chessgames.com/perl/chessopening?eco=e27|title=Nimzo-Indian, Samisch Variation (E27)|publisher=ChessGames.com|accessdate=2009-10-30}}</ref> -- cited by Wikipedia, 'List of chess openings named after people'; not independently checked
A.Ret.Nf6.b4	Polish Opening, Zukertort System	Santasiere's Folly	Anthony Santasiere	Anthony Santasiere	Anthony Santasiere	1.Nf3 Nf6 2.b4	g1f3 g8f6 b2b4	book	attested		<ref>{{cite book|last=Santasiere|first=Anthony|title=Futuristic chess opening: Santasiere's folly, or, The opening with a future|publisher=Chess Digest|location=Dallas, Tex|year=1973}}</ref> -- cited by Wikipedia, 'List of chess openings named after people'; not independently checked
C.KGm.Acc.Nf3.Scl	King's Gambit Accepted, Schallopp Defence	Schallopp Defense of the King's Gambit	Emil Schallopp	Emil Schallopp	Emil Schallopp	1.e4 e5 2.f4 exf4 3.Nf3 Nf6	e2e4 e7e5 f2f4 e5f4 g1f3 g8f6	oxford-companion	attested		<ref name="Oxford Companion"/> -- cited by Wikipedia, 'List of chess openings named after people'; not independently checked
A.Bir.Fro.fxe5.Nc6	From's Gambit, Schlechter Gambit	Schlechter Gambit of the Bird's Opening	Carl Schlechter	Carl Schlechter	Carl Schlechter	1.f4 e5 2.fxe5 Nc6	f2f4 e7e5 f4e5 b8c6	none	traditional		no source cited in Wikipedia's list of chess openings named after people; recorded as traditional usage only
D.Tar.Rub	Tarrasch, Rubinstein System	Schlechter	Carl Schlechter; Akiba Rubinstein	Carl Schlechter and Akiba Rubinstein	Carl Schlechter; Akiba Rubinstein	1.d4 d5 2.c4 e6 3.Nc3 c5 4.cxd5 exd5 5.Nf3 Nc6 6.g3	d2d4 d7d5 c2c4 e7e6 b1c3 c7c5 c4d5 e6d5 g1f3 b8c6 g2g3	web	attested		<ref name="WCCF"/> -- cited by Wikipedia, 'List of chess openings named after people'; not independently checked
B.Fre.Nrm.d5.Bd3	French Defence, Schlechter Variation	Schlechter Variation of the French Defence	Carl Schlechter	Carl Schlechter	Carl Schlechter	1.e4 e6 2.d4 d5 3.Bd3	e2e4 e7e6 d2d4 d7d5 f1d3	web	attested		<ref>{{cite web|url=http://www.chessgames.com/perl/chessgame?gid=1002548|title=Carl Schlechter vs. Géza Maróczy, French Defense: Schlechter Variation (C00)|publisher=ChessGames.com|accessdate=2009-10-30}}</ref> -- cited by Wikipedia, 'List of chess openings named after people'; not independently checked
D.Sla.Nf3.Nf6.Nc3.Sch	Slav Defence, Three Knights Prefix, Schlechter Variation	Schlechter Variation of the Slav Defence	Carl Schlechter	Carl Schlechter	Carl Schlechter	1.d4 d5 2.c4 c6 3.Nf3 Nf6 4.Nc3 g6	d2d4 d7d5 c2c4 c7c6 g1f3 g8f6 b1c3 g7g6	web	attested		<ref name="Schlechter"/> -- cited by Wikipedia, 'List of chess openings named after people'; not independently checked
C.RyL.Shl	Ruy López, Schliemann Defence	[[Ruy lopez#Jaenisch Gambit|Schliemann	Carl Jaenisch	Carl Jaenisch and	Carl Jaenisch	1.e4 e5 2.Nf3 Nc6 3.Bb5 f5	e2e4 e7e5 g1f3 b8c6 f1b5 f7f5	oxford-companion	attested		<ref name="Oxford Companion"/> -- cited by Wikipedia, 'List of chess openings named after people'; not independently checked
D.STa	Semi-Tarrasch	Semi-Tarrasch Defense of the Queen's Gambit Declined	Siegbert Tarrasch	Siegbert Tarrasch	Siegbert Tarrasch	1.d4 d5 2.c4 e6 3.Nc3 Nf6 4.Nf3 c5	d2d4 d7d5 c2c4 e7e6 b1c3 g8f6 g1f3 c7c5	book	attested		<ref name="Colins 2005">{{cite book |last=Colins |first=Sam |year=2005 |title=Understanding the Chess Openings |publisher=Gambit Publications |isbn=1-904600-28-X}}</ref> -- cited by Wikipedia, 'List of chess openings named after people'; not independently checked
D.Sem.AMe.Shr	Semi-Slav Anti-Meran, Shirov-Shabalov	Shabalov	Alexander Shabalov; Alexei Shirov	Alexander Shabalov and Alexei Shirov	Alexander Shabalov; Alexei Shirov	1.d4 d5 2.c4 c6 3.Nf3 Nf6 4.Nc3 e6 5.e3 Nbd7 6.Qc2 Bd6 7.g4	d2d4 d7d5 c2c4 c7c6 g1f3 g8f6 b1c3 e7e6 e2e3 b8d7 d1c2 f8d6 g2g4	web	attested		<ref>{{cite web|url=http://www.chessbase.com/cbmnewsdetail.asp?newsid=5259|title=Shabalov-Shirov Gambit accepted|last=Krasenkow|first=Michal|date=2009-03-03|publisher=ChessBase|accessdate=2009-11-16|archive-date=2010-01-13|archive-url=https://web.archive.org/web/20100113172620/http://chessbase.com/c -- cited by Wikipedia, 'List of chess openings named after people'; not independently checked
B.CaK.Adv.Bf5.c3.e6.Be2	Caro-Kann Advance c3, Short Variation	Short Variation of the [[Caro	Nigel Short	Nigel Short	Nigel Short	1.e4 c6 2.d4 d5 3.e5 Bf5 4.c3 e6 5.Be2	e2e4 c7c6 d2d4 d7d5 e4e5 c8f5 c2c3 e7e6 f1e2	none	traditional		no source cited in Wikipedia's list of chess openings named after people; recorded as traditional usage only
B.Sic.SmM.Acc.Nxc3	Smith-Morra Accepted, Nxc3	[[Smith	Ken Smith	Texas master Ken Smith and Morra	Ken Smith (chess)	1.e4 c5 2.d4 cxd4 3.c3 dxc3 4.Nxc3	e2e4 c7c5 d2d4 c5d4 c2c3 d4c3 b1c3	book	attested		<ref>{{cite book|last=Burgess|first=Graham|title=Winning with the Smith-Morra Gambit|publisher=Batsford|year=1994|isbn=0-8050-3574-5}}</ref> -- cited by Wikipedia, 'List of chess openings named after people'; not independently checked
E.Gru.Rus.Hng.e4.Bg4	Grünfeld Russian Hungarian, Bg4	Smyslov Variation of the Grünfeld Defence	Vasily Smyslov	Vasily Smyslov	Vasily Smyslov	1.d4 Nf6 2.c4 g6 3.Nc3 d5 4.Nf3 Bg7 5.Qb3 dxc4 6.Qxc4 0-0 7.e4 Bg4	d2d4 g8f6 c2c4 g7g6 b1c3 d7d5 g1f3 f8g7 d1b3 d5c4 b3c4 e8g8 e2e4 c8g4	web	attested		<ref>{{cite web|url=http://www.chessgames.com/perl/chessopening?eco=D99|title=Grunfeld Defense, Smyslov (D99)|publisher=ChessGames.com|accessdate=2009-10-27}}</ref> -- cited by Wikipedia, 'List of chess openings named after people'; not independently checked
C.RyL.Cls.Smy	Ruy López Closed, Smyslov Defence	Smyslov Variation of the Ruy Lopez	Vasily Smyslov	Vasily Smyslov	Vasily Smyslov	1.e4 e5 2.Nf3 Nc6 3.Bb5 a6 4.Ba4 Nf6 5.0-0 Be7 6.Re1 b5 7.Bb3 d6 8.c3 0-0 9.h3 h6	e2e4 e7e5 g1f3 b8c6 f1b5 a7a6 b5a4 g8f6 e1g1 f8e7 f1e1 b7b5 a4b3 d7d6 c2c3 e8g8 h2h3 h7h6	web	attested		<ref>{{cite web|url=http://www.chessgames.com/perl/chessopening?eco=C93|title=Ruy Lopez, Closed, Smyslov Defense (C93)|publisher=ChessGames.com|accessdate=2009-10-27}}</ref> -- cited by Wikipedia, 'List of chess openings named after people'; not independently checked
B.Sic.Cze	Sicilian, Czerniak Attack	Snyder Variation of the Sicilian Defence	Robert Snyder	Robert Snyder		1.e4 c5 2.b3	e2e4 c7c5 b2b3	web	attested		<ref>{{cite web|url=https://www.chess.com/openings/Sicilian-Defense-Snyder-Variation|title=Sicilian Defense: Snyder Variation (B20)|publisher=Chess.com|accessdate=2022-08-27}}</ref> -- cited by Wikipedia, 'List of chess openings named after people'; not independently checked
A.Pol	Polish Opening	Sokolsky Opening	Alexey Sokolsky	Alexey Sokolsky	Alexey Sokolsky	1.b4	b2b4	oxford-companion	attested		<ref name="Oxford Companion"/> -- cited by Wikipedia, 'List of chess openings named after people'; not independently checked
C.KGm.Dec.Cls.fxe5	King's Gambit Declined Classical, Soldatenkov	Soldatenkov Variation of the King's Gambit	Vasily Soldatenkov	Vasily Soldatenkov	Vasily Soldatenkov	1.e4 e5 2.f4 Bc5 3.Nf3 d6 4.fxe5	e2e4 e7e5 f2f4 f8c5 g1f3 d7d6 f4e5	oxford-companion	attested		{{sfn|Hooper|Whyld|1992|p=476}} -- cited by Wikipedia, 'List of chess openings named after people'; not independently checked
D.Sla.Sou	Slav, Soultanbeieff Variation	Soultanbeieff Variation of Slav Defence	Victor Soultanbeieff	Victor Soultanbeieff	Victor Soultanbeieff	1.d4 d5 2.c4 c6 3.Nf3 Nf6 4.Nc3 dxc4 5.a4 e6	d2d4 d7d5 c2c4 c7c6 g1f3 g8f6 b1c3 d5c4 a2a4 e7e6	web	attested		<ref>{{cite web|url=http://www.chessgames.com/perl/chessgame?gid=1281050|title=Isaac Kashdan vs. Victor Soultanbeieff, Olympiad 1933, Slav Defense: Soultanbeieff Variation |publisher=ChessGames.com|accessdate=2009-10-29}}</ref> -- cited by Wikipedia, 'List of chess openings named after people'; not independently checked
B.CaK.Nc3.Gld	Caro-Kann 2.Nc3, Goldman Variation	Spielmann Variation of the [[Caro	Rudolph Spielmann	Rudolph Spielmann	Rudolph Spielmann	1.e4 c6 2.Nc3 d5 3.Qf3	e2e4 c7c6 b1c3 d7d5 d1f3	web	attested		<ref>{{cite web|url=http://www.fqechecs.qc.ca/index.php?typ=actu&categorie=1&id=254|title=ECO B00-B49 (anglais)|publisher=Fédération québécoise des échecs|accessdate=2009-10-30}}</ref> -- cited by Wikipedia, 'List of chess openings named after people'; not independently checked
C.KGm.Acc.Sta	King's Gambit Accepted, Stamma Gambit	Stamma Gambit of the King's Gambit	Philipp Stamma	Philipp Stamma	Philipp Stamma	1.e4 e5 2.f4 exf4 3.h4	e2e4 e7e5 f2f4 e5f4 h2h4	web	attested		<ref>{{cite web|url=http://www.365chess.com/opening.php?m=6&n=33596&ms=e4.e5.f4.exf4.h4|title=King's Gambit Accepted, Pawn's gambit (Stamma gambit)|publisher=365Chess.com|accessdate=2009-10-30}}</ref> -- cited by Wikipedia, 'List of chess openings named after people'; not independently checked
A.Hol.Sta	Dutch Defence, Staunton Gambit	Staunton Gambit of the Dutch Defence	Howard Staunton	Howard Staunton	Howard Staunton	1.d4 f5 2.e4	d2d4 f7f5 e2e4	encyclopaedia	attested		<ref name="Sunnucks"/> -- cited by Wikipedia, 'List of chess openings named after people'; not independently checked
B.Fre.e5	French Defence, Steinitz Attack	Steinitz Attack of the French Defence	Wilhelm Steinitz	Wilhelm Steinitz	Wilhelm Steinitz	1.e4 e6 2.e5	e2e4 e7e6 e4e5	web	attested		<ref>{{cite web|url=https://www.365chess.com/eco/C00_French_Steinitz_attack|title=C00: French, Steinitz Attack|publisher=365Chess.com|accessdate=2023-01-06}}</ref> -- cited by Wikipedia, 'List of chess openings named after people'; not independently checked
C.RyL.Stn	Ruy López, Steinitz Defence	Steinitz Defense of the Ruy Lopez	Wilhelm Steinitz	Wilhelm Steinitz	Wilhelm Steinitz	1.e4 e5 2.Nf3 Nc6 3.Bb5 d6	e2e4 e7e5 g1f3 b8c6 f1b5 d7d6	web	attested		<ref>{{cite web|url=http://www.chessgames.com/perl/chessopening?eco=C62|title=Ruy Lopez, Old Steinitz Defense (C62)|publisher=ChessGames.com|accessdate=2009-10-30}}</ref> -- cited by Wikipedia, 'List of chess openings named after people'; not independently checked
C.Vie.Nc6.f4	Vienna Gambit, Max Lange Defence	Steinitz Gambit of the Vienna Game	Wilhelm Steinitz	Wilhelm Steinitz	Wilhelm Steinitz	1.e4 e5 2.Nc3 Nc6 3.f4	e2e4 e7e5 b1c3 b8c6 f2f4	encyclopaedia	attested		<ref name="Sunnucks"/> -- cited by Wikipedia, 'List of chess openings named after people'; not independently checked
C.Pet.Mod	Petrov, Modern Attack	Steinitz Variation of the Petrov Defense	Wilhelm Steinitz	Wilhelm Steinitz	Wilhelm Steinitz	1.e4 e5 2.Nf3 Nf6 3.d4	e2e4 e7e5 g1f3 g8f6 d2d4	web	attested		<ref>{{cite web|url=http://www.365chess.com/opening.php?m=6&n=765&ms=e4.e5.Nf3.Nf6.d4|title=Petrov, modern (Steinitz) attack|publisher=365Chess.com|accessdate=2009-10-30}}</ref> -- cited by Wikipedia, 'List of chess openings named after people'; not independently checked
B.Sic.LDu	Sicilian, Lasker-Dunne Attack	Steinitz Variation of the Sicilian Defence	Wilhelm Steinitz	Wilhelm Steinitz	Wilhelm Steinitz	1.e4 c5 2.g3	e2e4 c7c5 g2g3	web	attested		<ref>{{cite web|url=http://www.365chess.com/opening.php?m=4&n=120&ms=e4.c5.g3|title=B20: Sicilian, Steinitz variation|publisher=365Chess.com|accessdate=2009-10-30}}</ref> -- cited by Wikipedia, 'List of chess openings named after people'; not independently checked
B.Sic.Sve	Sicilian Sveshnikov	Sveshnikov Variation of the Sicilian Defence	Evgeny Sveshnikov	Evgeny Sveshnikov	Evgeny Sveshnikov	1.e4 c5 2.Nf3 Nc6 3.d4 cxd4 4.Nxd4 Nf6 5.Nc3 e5	e2e4 c7c5 g1f3 b8c6 d2d4 c5d4 f3d4 g8f6 b1c3 e7e5	book	attested	yes	<ref>{{cite book|last=Aagaard|first=Jacob|title=Easy Guide to the Sveshnikov Sicilian|publisher=Everyman Chess|year=2000|isbn=978-1-85744-280-9}}</ref> -- cited by Wikipedia, 'List of chess openings named after people'; not independently checked
B.Sic.Tay.Nb5	Sicilian Taimanov, Szén Variation	Szén Variation of the Sicilian Defence	József Szén	József Szén	József Szén	1.e4 c5 2.Nf3 e6 3.d4 cxd4 4.Nxd4 Nc6 5.Nb5	e2e4 c7c5 g1f3 e7e6 d2d4 c5d4 f3d4 b8c6 d4b5	oxford-companion	attested		<ref>{{cite book |last1=Hooper |first1=David |authorlink1=David Vincent Hooper |last2=Whyld |first2=Kenneth |authorlink2=Kenneth Whyld |title=The Oxford Companion to Chess |publisher=[[Oxford University Press]] |year=1987 |contribution=Szén Variation |page=339 |isbn=0-19-281986-0|title-link=The Oxfo -- cited by Wikipedia, 'List of chess openings named after people'; not independently checked
B.Sic.Tay	Sicilian Taimanov	Taimanov Variation of the Sicilian Defence	Mark Taimanov	Mark Taimanov	Mark Taimanov	1.e4 c5 2.Nf3 e6 3.d4 cxd4 4.Nxd4 Nc6	e2e4 c7c5 g1f3 e7e6 d2d4 c5d4 f3d4 b8c6	web	attested		<ref>{{cite web|url=http://www.chessgames.com/perl/chessopening?eco=B47|title=Sicilian, Taimanov (Bastrikov) Variation (B47)|publisher=ChessGames.com|accessdate=2009-10-28}}</ref> -- cited by Wikipedia, 'List of chess openings named after people'; not independently checked
B.Sic.McD.Tal	Sicilian McDonnell Attack, Tal Gambit	Tal Gambit of the Sicilian Defence	Mikhail Tal	Mikhail Tal	Mikhail Tal	1.e4 c5 2.f4 d5 3.exd5 Nf6	e2e4 c7c5 f2f4 d7d5 e4d5 g8f6	none	traditional		no source cited in Wikipedia's list of chess openings named after people; recorded as traditional usage only
B.CaK.Adv.Tal	Caro-Kann Advance, Tal	Tal Variation of the [[Caro	Mikhail Tal	Mikhail Tal	Mikhail Tal	1.e4 c6 2.d4 d5 3.e5 Bf5 4.h4	e2e4 c7c6 d2d4 d7d5 e4e5 c8f5 h2h4	none	traditional		no source cited in Wikipedia's list of chess openings named after people; recorded as traditional usage only
D.Tar	Tarrasch Defence	Tarrasch Defense	Siegbert Tarrasch	Siegbert Tarrasch	Siegbert Tarrasch	1.d4 d5 2.c4 e6 3.Nc3 c5	d2d4 d7d5 c2c4 e7e6 b1c3 c7c5	book	attested	yes	<ref>{{cite book|last=de Firmian|first=Nick|title=Modern Chess Openings|publisher=McKay|edition=15|isbn=978-0-8129-3682-7|year=2008}}</ref> -- cited by Wikipedia, 'List of chess openings named after people'; not independently checked
B.Fre.Tar	French, Tarrasch	Tarrasch Variation of the French Defence	Siegbert Tarrasch	Siegbert Tarrasch	Siegbert Tarrasch	1.e4 e6 2.d4 d5 3.Nd2	e2e4 e7e6 d2d4 d7d5 b1d2	book	attested		<ref>{{cite book|last=Raymond|first=Keene|title=French Defence: Tarrasch Variation|publisher=Batsford|year=1984|isbn=978-0-7134-4577-0}}</ref> -- cited by Wikipedia, 'List of chess openings named after people'; not independently checked
A.Tor	Torre Attack	Torre Attack	Carlos Torre	Carlos Torre	Carlos Torre	1.d4 Nf6 2.Nf3 e6 3.Bg5	d2d4 g8f6 g1f3 e7e6 c1g5	book	attested		<ref>{{cite book|last=Gufeld|first=Eduard|author2=Stetsko, Oleg|title=Winning With the Torre Attack|publisher=Henry Holt|year=1994|isbn=0-8050-3280-0|url-access=registration|url=https://archive.org/details/winningwithtorre00gufe_0}}</ref> -- cited by Wikipedia, 'List of chess openings named after people'; not independently checked
C.Ita.Two.Ng5.Trx	Two Knights, Traxler Counterattack	Traxler Variation of the Two Knights Defence	Karel Traxler	Karel Traxler	Karel Traxler	1.e4 e5 2.Nf3 Nc6 3.Bc4 Nf6 4.Ng5 Bc5	e2e4 e7e5 g1f3 b8c6 f1c4 g8f6 f3g5 f8c5	web	attested		<ref>{{cite web|url=http://www.chessbase.com/newsdetail.asp?newsid=1710|title=The Traxler Counter Attack|date=2004-06-13|publisher=ChessBase|accessdate=2009-10-30}}</ref> -- cited by Wikipedia, 'List of chess openings named after people'; not independently checked
A.Tro	Trompowsky Attack	Trompowsky Attack	Octavio Trompowsky	Octavio Trompowsky	Octavio Trompowsky	1.d4 Nf6 2.Bg5	d2d4 g8f6 c1g5	encyclopaedia	attested	yes	<ref name="Sunnucks"/> -- cited by Wikipedia, 'List of chess openings named after people'; not independently checked
B.Pir	Pirc Defence	Ufimtsev Defence	Anatoly Ufimtsev	Anatoly Ufimtsev	Anatoly Ufimtsev (chess player)	1.e4 d6 2.d4 Nf6 3.Nc3 g6	e2e4 d7d6 d2d4 g8f6 b1c3 g7g6	web	attested		<ref>{{cite web|url=http://www.365chess.com/opening.php?m=7&n=167&ms=e4.d6.d4.Nf6.Nc3.c6|title=B07: Pirc, Ufimtsev-Pytel variation|publisher=365Chess.com|accessdate=2009-10-29}}</ref> -- cited by Wikipedia, 'List of chess openings named after people'; not independently checked
C.Bsh.Urs	Bishop's Opening, Urusov Gambit	Urusov Gambit	Sergey Urusov	the Russian Prince Sergey Urusov	Sergey Semyonovich Urusov	1.e4 e5 2.Bc4 Nf6 3.d4 exd4 4.Nf3	e2e4 e7e5 f1c4 g8f6 d2d4 e5d4 g1f3	none	traditional		no source cited in Wikipedia's list of chess openings named after people; recorded as traditional usage only
A.VtK	Van't Kruijs Opening	Van 't Kruijs Opening	Maarten van 't Kruijs	Maarten van 't Kruijs	Maarten van 't Kruijs	1.e3	e2e3	encyclopaedia	attested		<ref name="Sunnucks"/> -- cited by Wikipedia, 'List of chess openings named after people'; not independently checked
C.KGm.Acc.Vil	King's Gambit Accepted, Villemson Gambit	Villemson Gambit of the King's Gambit	Martin Villemson	Martin Villemson	Martin Villemson	1.e4 e5 2.f4 exf4 3.d4	e2e4 e7e5 f2f4 e5f4 d2d4	oxford-companion	attested		{{sfn|Hooper|Whyld|1992|p=477}} -- cited by Wikipedia, 'List of chess openings named after people'; not independently checked
C.RyL.Vin	Ruy López, Vinogradov Variation	Vinogradov Variation of the Ruy Lopez	Paul Vinogradov	Paul Vinogradov	Paul Vinogradov	1.e4 e5 2.Nf3 Nc6 3.Bb5 Qe7	e2e4 e7e5 g1f3 b8c6 f1b5 d8e7	web	attested		<ref>{{cite web|url=http://www.365chess.com/opening.php?m=7&n=23417&ms=e4.e5.Nf3.Nc6.Bb5.Qe7|title=C60: Ruy Lopez, Vinogradov variation|publisher=365Chess.com|accessdate=2009-10-29}}</ref> -- cited by Wikipedia, 'List of chess openings named after people'; not independently checked
A.OID.Wad	Old Indian, Wade Defence	Wade Defence	Robert Wade	Robert Wade	Robert Wade (chess player)	1.d4 d6 2.Nf3 Bg4	d2d4 d7d6 g1f3 c8g4	book	attested		<ref>{{cite book |author1=Jouni Yrjölä |author2=Jussi Tella |name-list-style=amp| year=2001 | title=An Explosive Chess Opening Repertoire for Black | publisher=Gambit Publications Ltd | isbn=1-901983-50-1 }}</ref> -- cited by Wikipedia, 'List of chess openings named after people'; not independently checked
B.War	Ware Defence	Ware Defense	Preston Ware	Preston Ware	Preston Ware	1.e4 a5	e2e4 a7a5	none	traditional		no source cited in Wikipedia's list of chess openings named after people; recorded as traditional usage only
A.War	Ware Opening	Ware Opening	Preston Ware	Preston Ware	Preston Ware	1.a4	a2a4	oxford-companion	attested		<ref name="Oxford Companion"/> -- cited by Wikipedia, 'List of chess openings named after people'; not independently checked
B.Fre.Win	French, Winawer	Winawer Variation of the French Defence	Simon Winawer	Simon Winawer	Simon Winawer	1.e4 e6 2.d4 d5 3.Nc3 Bb4	e2e4 e7e6 d2d4 d7d5 b1c3 f8b4	web	attested		<ref>{{cite web|url=http://www.chessgames.com/perl/chessopening?eco=c18|title=French, Winawer (C18)|publisher=ChessGames.com|accessdate=2009-10-28}}</ref> -- cited by Wikipedia, 'List of chess openings named after people'; not independently checked
C.RyL.Mor.Wor	Ruy López Morphy, Wormald Attack	Worrall Attack of the Ruy Lopez	Thomas Herbert Worrall	Thomas Herbert Worrall		1.e4 e5 2.Nf3 Nc6 3.Bb5 a6 4.Ba4 Nf6 5.Qe2	e2e4 e7e5 g1f3 b8c6 f1b5 a7a6 b5a4 g8f6 d1e2	book	attested		<ref>{{cite book|last=Marin|first=Mihail|title=A Spanish Repertoire for Black|publisher=[[Quality Chess]]|year=2007|isbn=978-91-976005-0-7}}</ref> -- cited by Wikipedia, 'List of chess openings named after people'; not independently checked
E.Gru.h4	Grünfeld Defence, Zaitsev Gambit	Zaitsev Gambit of the Grünfeld Defence	Alexander Zaitsev	Alexander Zaitsev	Alexander Nikolayevich Zaitsev	1.d4 Nf6 2.c4 g6 3.Nc3 d5 4.h4	d2d4 g8f6 c2c4 g7g6 b1c3 d7d5 h2h4	web	attested		<ref>{{cite web|url=http://studimonetari.org/edg/|title=Scacchi: Enciclopedia pratica dei Gambetti|last=Saba|first=Marco|publisher=Studimonetari.org|accessdate=2009-10-28|archive-url=https://web.archive.org/web/20210218014244/http://studimonetari.org/edg|archive-date=2021-02-18}}</ref> -- cited by Wikipedia, 'List of chess openings named after people'; not independently checked
C.RyL.Cls.c3.O-O.h3.Bb7	Ruy López Closed h3, Bb7	Zaitsev Variation of the Ruy Lopez	Igor Zaitsev	Igor Zaitsev	Igor Zaitsev	1.e4 e5 2.Nf3 Nc6 3.Bb5 a6 4.Ba4 Nf6 5.0-0 Be7 6.Re1 b5 7.Bb3 d6 8.c3 0-0 9.h3 Bb7	e2e4 e7e5 g1f3 b8c6 f1b5 a7a6 b5a4 g8f6 e1g1 f8e7 f1e1 b7b5 a4b3 d7d6 c2c3 e8g8 h2h3 c8b7	oxford-companion	attested		<ref name="Oxford Companion"/> -- cited by Wikipedia, 'List of chess openings named after people'; not independently checked
A.Egl.dxe5.Nc6.Nf3.Nge7	Englund Gambit Nf3, Zilbermints Gambit	Zilbermints Gambit of the Englund Gambit	Lev Zilbermints	Lev Zilbermints		1.d4 e5 2.dxe5 Nc6 3.Nf3 Nge7	d2d4 e7e5 d4e5 b8c6 g1f3 g8e7	web	attested		<ref>Kaissiber 5, p. 35</ref> -- cited by Wikipedia, 'List of chess openings named after people'; not independently checked
A.Ret	Réti Opening	Zukertort Opening	Johannes Zukertort	Johannes Zukertort	Johannes Zukertort	1.Nf3	g1f3	web	attested	yes	<ref name="Gordon 1994"/> -- cited by Wikipedia, 'List of chess openings named after people'; not independently checked
B.Sic.Kro	Sicilian, Kronberger Variation	Zvjaginsev Variation of the Sicilian Defence	Vadim Zvjaginsev	Vadim Zvjaginsev	Vadim Zvjaginsev	1.e4 c5 2.Na3	e2e4 c7c5 b1a3	web	attested		<ref>{{cite web|url=http://www.newinchess.com/Yearbook_78-p-184.html|title=Yearbook 78 – Products|publisher=New In Chess|accessdate=2009-10-26}}</ref> -- cited by Wikipedia, 'List of chess openings named after people'; not independently checked
