person_id	display_name	wikidata_qid	born	died	confidence	same_surname_warning	note
abonyi	Abonyi, István	Q732901	1886	1942	high	Three other István Abonyi items on Wikidata — politician (Q111607676, 1811-1875), mechanical engineer (Q139576109, 1947-2019) and forestry engineer (Q125590062) — none a chess player.	Wikidata Q732901, Hungarian chess player 1886-1942, chessgames id 84291, credited as the eponym of the Abonyi Variation of the Budapest Gambit in OCN's eponym evidence file.
adams	Adams, Michael	Q299636	1971		high	Weaver W. Adams (Q983313), American player 1901-1963, is the eponym of the Sicilian Najdorf Adams Attack and is tracked separately in this repo as person id 'adams-weaver'; the two must not be merged.	Wikidata Q299636, British GM born 1971 (FIDE 400041, enwiki 'Michael Adams (chess player)'); the catalogue's world-championship rows for this person are his 1994 PCA candidates match against Tiviakov, which only the British GM played.
adams-weaver	Adams, Weaver	Q983313	1901	1963	high	Michael Adams (Q299636), British GM b. 1971, is regularly and wrongly credited with the Adams Attack; the 1940s dating rules him out. Weaver Adams is the eponym.	Wikidata Q983313 'Weaver W. Adams', American chess player and author 1901-1963, enwiki 'Weaver W. Adams'; the Najdorf 6.h3 Adams Attack is credited to Weaver Adams, who first played it in the 1940s (chess.com history of the line). Wikidata's label carries the middle initial, 'Weaver W. Adams', if the catalogue prefers it.
adler	Adler, Mór				not-found	DECOY: Q504223 is 'Mór Adler', Hungarian painter (1826-1902), an exact name match with occupation painter only and no chess connection. A mechanical name lookup will return it. Do not use it.	The eponym is the Hungarian amateur Mór Adler who played the first known Budapest Gambit game against Géza Maróczy in Budapest on 5 March 1896, but no Wikidata item exists for him: a CirrusSearch for 'Adler' constrained to occupation chess player (P106=Q10873124) returns only Viktor Adler (Q27522824, b. 1947) and Joel Adler (Q30309474, b. 1965), and hu.wikipedia has no chess-playing Adler Mór.
alapin	Alapin, Semyon	Q371391	1856	1923	high		Wikidata Q371391 'Semyon Alapin', Russian chess player 1856-1923 (occupation chess player, chessgames id 10538), credited in OCN's own docs/evidence/eponyms/named-after-people.tsv as the eponym of both 1.e4 e5 2.Ne2 and the Sicilian 2.c3.
albin	Albin, Adolf	Q360771	1848	1920	high	'Albin' is the forename of Albin Planinc (Q603418), Slovenian GM 1944-2008 — a real collision risk for a surname-keyed id, but unrelated to this row.	Wikidata Q360771 'Adolf Albin', Romanian chess player 1848-1920, en.wikipedia article; eponym of the Albin Counter-Gambit.
alburt	Alburt, Lev	Q525884	1945		high		Wikidata Q525884 'Lev Alburt', human, Ukrainian-American GM, FIDE ID 2000156; enwiki eponym list credits him with the Alburt Variation of Alekhine's Defence (1.e4 Nf6 2.e5 Nd5 3.d4 d6 4.Nf3 g6), the Alekhine Modern/King's Indian line listed. Wikidata carries three conflicting birth values (1945-08-21, 1945, 1946); enwiki gives 21 August 1945, so 1945 used.
alekhine	Alekhine, Alexander	Q131374	1892	1946	high	His elder brother Alexei Alekhine (Q4062145) was also a Russian chess player; Q4062145 is NOT the eponym here.	Wikidata Q131374, world champion 1927-1935 and 1937-1946, is the eponym of both Alekhine's Defence and the Alekhine-Chatard Attack (the Chatard half is Eugene Chatard, a separate person).
aljechin	Alekhine, Alexander	Q131374	1892	1946	high	Alexei Alekhine (Q4062145, 1888-1939) was Alexander's brother and also a chess player (P3373 sibling link to Q131374); note too that this catalogue's separate person id `alekhine` resolves to the same Q131374 and the two rows should be merged.	Both the forename and the surname spelling in the input are corpus corruption. In catalog/ocn-1.wch.tsv the identical event — 'World Championship 14th', 1929, versus Bogoljubow — appears spelled both 'Aljechin, Yuri' (21 games) and 'Alekhine, Alexander' (2 games), so the two person ids are one man; 'Aljechin' is the German/Dutch transliteration, as the catalogue's own B.Ale row confirms by citing the 1922 Fahrni monograph 'Die Aljechin-Verteidigung'. Verified as Wikidata Q131374 'Alexander Alekhine', 1892-1946, en.wikipedia article.
allgaier	Allgaier, Johann Baptist	Q64939	1763	1823	high		en.wikipedia 'Johann Baptist Allgaier' carries wikibase_item Q64939, and Wikipedia's list gives the Allgaier Gambit as King's Gambit 5.Ng5 named after him; forename expanded to the full 'Johann Baptist' that both Wikidata's English label and the article title use.
amar	Amar, Charles	Q63125130			high		"Wikidata Q63125130 ""Charles Amar"" — human, male, occupation chess player (P106 → Q10873124), sport chess (P641), floruit 1930s (P1317, decade precision); the Amar Opening item Q642339 carries P138 (named after) → Q63125130, so Wikidata itself designates this item as the opening's eponym. The item is thin (no dates, no sitelinks, no references, only a Dutch description ""schaker""), so born/died are left empty rather than inferred; the identity, however, is directly asserted rather than pattern-matched."
anand	Anand, Viswanathan	Q45747	1969		high	Several other Indian players carry Anand as the final name element and are tagged chess player on Wikidata, notably GM Pranav Anand (Q71319679, born 2006); this row is the former world champion Viswanathan.	en.wikipedia 'Viswanathan Anand' carries wikibase_item Q45747, Indian grandmaster and five-time world champion born 1969; no openings were supplied for this row, so the identification rests on the unambiguous full name rather than on eponym evidence.
anderssen	Anderssen, Adolf	Q57155	1818	1879	high	No second chess Anderssen exists, but the near-homograph Andersson is crowded, notably Ulf Andersson (Q434364, Swedish GM b. 1951); do not let a spelling normalisation collapse the two.	"Wikidata ""Anderssen's Opening"" (Q491725) has named-after (P138) = Q57155, Adolf Anderssen, unofficial world champion."
arkell	Arkell, Keith	Q1277091	1961		high	Susan Lalic (Q5157522), English chess player, competed as Susan Arkell — a second notable chess Arkell; this row is the male GM Keith.	Wikidata Q1277091 'Keith Arkell', English chess grandmaster b. 1961, en.wikipedia article; the catalogue's own eponym evidence names the row 'Arkell–Khenkin Variation' after Keith Arkell and Igor Khenkin.
averbakh	Averbakh, Yuri	Q434808	1922	2022	high		"English Wikipedia's King's Indian Defence article states ""The Averbakh Variation (named for Yuri Averbakh)"" and links to the article backed by Q434808."
balogh	Balogh, János	Q79081	1892	1980	high	Shared surname: Csaba Balogh (Q789568), Hungarian GM born 1987, is a different chess Balogh. Wikidata also holds a dozen unrelated non-chess János Baloghs, so match on the chess-player description, not the name alone.	Wikidata Q79081 'János Balogh', Hungarian over-the-board and correspondence chess player (1892-1980), enwiki 'János Balogh (chess player)'; eponym of the Balogh Defence (1.e4 d6 2.d4 f5), the listed Rat Defence line.
barcza	Barcza, Gedeon	Q376832	1911	1986	high		Wikidata Q376832 (human, chess player, Hungary); enwiki credits him with the Barcza System 1.Nf3 d5 2.g3 and cross-references the King's Indian Attack, matching the listed opening.
barnes	Barnes, Thomas	Q2553573	1825	1874	high		Q2553573 'Thomas Wilson Barnes', British chess player (1825-1874), enwiki article, the London player of Morphy's era after whom the Barnes Opening 1.f3 is named.
basman	Basman, Michael	Q1926919	1946	2022	high		Wikidata Q1926919 'Michael Basman', British chess player (1946-2022); the en.wikipedia article linked to this Q-number explicitly credits him with the Borg Defence ('Grob' reversed, 1.e4 g5).
becker	Becker, Albert	Q84930	1896	1984	high	Ten Wikidata chess players are surnamed Becker (Martin Alexander Q1382864, Idel Q10299796, Michael Q30310067 and others), and several unrelated Albert Beckers exist (composer Q566825, painter Q52822161, regional historian Q2637591, disambiguation page Q2637600) — only Q84930 is the chess Albert Becker.	Wikidata Q84930 (human, chess player, Austrian-Argentine master); enwiki's list entry 'Becker Defense of the King's Gambit, 3...h6' links to [[Albert Becker (chess player)]], which is precisely this item's enwiki sitelink.
benko	Benko, Pal	Q465247	1928	2019	high		Wikidata Q465247 'Pal Benko', Hungarian-American chess player and composer (1928-2019), FIDE ID 2000687 — eponym of the Benko Gambit and the Hungarian/Benko Opening.
bikova	Bykova, Elisaveta	Q253772	1913	1989	high	Evgeniya Bykova (Q28480088), Soviet chess player 1935-2016, is another chess Bykova whose forename also begins with E; the 1959 world-championship match is what rules her out.	the row's only event is wch-1959-bikova-zvorykina, and Wikipedia's Women's World Chess Championship 1959 article confirms that Moscow match was Bykova defending against Kira Zvorykina, so 'Bikova, E.' is Elisaveta Bykova, whose enwiki article maps to Q253772; display name corrected to the English Wikipedia spelling, though the catalogue's sibling row spells it 'Bykova, Elizaveta' and the two rows are the same woman.
bird	Bird, Henry	Q376098	1829	1908	high		Wikidata Q376098 'Henry Bird' (alias Henry Edward Bird), English player who popularised 1.f4 and the Ruy Lopez 3...Nd4; born year reported as 1829 following Wikipedia's baptismal-record correction and OCN's existing CSV attribution, but note Wikidata still records 1830-07-14, so the date disagrees with the QID source.
blackburne	Blackburne, Joseph	Q352459	1841	1924	high		enwiki 'Joseph Henry Blackburne' maps to Q352459 (British player 1841-1924), the only chess Blackburne on Wikidata, and the Blackburne-Kostić Gambit 3...Nd4 is the line Wikipedia also calls the Blackburne Shilling Gambit; Wikidata's full form is 'Joseph Henry Blackburne' if you want the middle name.
blackmar	Blackmar, Armand	Q3443632	1826	1888	high		"Wikidata ""Blackmar-Diemer Gambit"" (Q880889) has named-after (P138) = Q3443632 plus Q90375 (Emil Josef Diemer); the New Orleans music publisher Armand Edward Blackmar also carries occupation chess player and published Blackmar's Gambit in 1882."
bogoljubov	Bogoljubov, Efim	Q57310	1889	1952	high		Wikidata Q57310 'Efim Bogoljubov' (enwiki title 'Efim Bogoljubow'), chess player 1889-1952, is credited by Wikipedia's openings list as the Bogo-Indian eponym; display name kept at the Wikidata English label spelling, but note enwiki uses the -ow ending.
bogoljubow	Bogoljubow, Efim	Q57310	1889	1952	high		Wikidata Q57310, Ukrainian-born German grandmaster (1889-1952) and twice world championship challenger, is the eponym of the Bogo-Indian Defence; input spelling kept because it matches the English Wikipedia title 'Efim Bogoljubow', although the Wikidata English label reads 'Efim Bogoljubov'.
boleslavsky	Boleslavsky, Isaac	Q357815	1919	1977	high		enwiki 'Isaac Boleslavsky' maps to Q357815 (Soviet GM 1919-1977), and Wikipedia's openings list credits the Sicilian Boleslavsky Variation to Isaac Boleslavsky; he is the only chess Boleslavsky on Wikidata.
bonaparte	Bonaparte, Napoleon	Q517	1769	1821	high		Wikidata Q517 'Napoleon', Emperor of the French (1769-1821), enwiki 'Napoleon'; he carries a chessgames.com player ID (77025) and the Napoleon Opening (1.e4 e5 2.Qf3) is named for him.
bonschosmolovsky	Bonch-Osmolovsky, Mikhail	Q21089346	1919	1975	high		Wikidata Q21089346, English label 'Mikhail Osmolovsky' with alias 'Mikhail Bonch-Osmolovsky', Soviet chess player 1919-1975, ru.wikipedia 'Бонч-Осмоловский, Михаил Александрович' (dates confirmed there); independent sources name the King's Gambit 3...Ne7 line after this Soviet national master. Display name corrected to the standard transliteration 'Bonch-' — ECO spells the variation 'Bonsch-Osmolovsky', so the opening name and the person name legitimately differ.
botvinnik	Botvinnik, Mikhail	Q178865	1911	1995	high		Wikidata Q178865 'Mikhail Botvinnik', Soviet world champion (1911-1995), enwiki 'Mikhail Botvinnik' — eponym of the Semi-Slav and English Botvinnik systems; no openings were supplied on the input row, so the match rests on the name plus his unique standing.
brentano	Brentano, Franz	Q57196	1838	1917	high	Wikidata holds three other Franz Brentanos — a painter (Q94831774), Franz Dominicus Brentano (Q1446569) and Franz Anton Brentano (Q53157132); the eponym is the philosopher Q57196, who carries no chess-player occupation, so an occupation filter would wrongly reject him.	OCN's own catalogue row C.RyL.Bre already quotes Hooper and Whyld's Oxford Companion to Chess: 'Franz Clemens Honoratus Hermann Josef Brentano (1838-1917), a well-known German philosopher who lived in Vienna, frequently published analyses of the openings' — that exact full name is a registered English alias of Wikidata Q57196, the philosopher, whose dates match to the day.
breyer	Breyer, Gyula	Q559260	1893	1921	high		Wikidata Q559260 'Gyula Breyer', human, Hungarian chess player 1893-1921, huwiki 'Breyer Gyula'; enwiki eponym list credits him with the Breyer Variation of the King's Gambit (1.e4 e5 2.f4 exf4 3.Qf3), the KGA Breyer Gambit listed, and separately with the Ruy Lopez Breyer.
bronstein	Bronstein, David	Q312908	1924	2006	high	Q58419633 is a different David Bronstein, the father of Leon Trotsky, an exact name match; Trotsky himself was born Lev Davidovich Bronstein. Distinct again from the Bronstein delay used in chess clocks (named after this grandmaster) and from Q86932220/Q95759386, a researcher and an actor of the same name.	Q312908 'David Bronstein', Soviet chess grandmaster (1924-2006), aliases David Ionovich Bronstein; dropped the stray 'I' initial from the display name since it reads as a regnal numeral and Wikidata's common English form is plain David Bronstein.
bykova	Bykova, Elisaveta	Q253772	1913	1989	high		Wikidata Q253772, human, Soviet chess player 1913-1989, twice Women's World Champion, WGM/IM. Forename spelling normalised Elizaveta -> Elisaveta to match the enwiki article title 'Elisaveta Bykova', whose lead reads 'Elisaveta Ivanovna Bykova (or Elisabeth Bykova ... 4 November 1913 - 8 March 1989)'. Note the Wikidata English label is the less common 'Elisabeth Bykova'; no openings listed for this row, so identification rests on the name plus chess-player typing.
camara	Câmara, Hélder	Q10299150	1937	2016	high	DECOY: Q378326 is Hélder Câmara the Brazilian archbishop (1909-1999), vastly more famous and an exact name match. The chess player is the disambiguated article, not the archbishop.	Q10299150 is 'Hélder Câmara (chess player)', Brazilian IM (FIDE ID 2100193, 1937-2016); the en.wikipedia Gunderam Defense article links his name for the Câmara Defence (1.e4 e5 2.Nf3 Qe7 with ...g6, ...Bg7, ...Nf6), which he asked be renamed after him.
capablanca	Capablanca, José Raúl	Q160702	1888	1942	high		Wikidata Q160702, Cuban world champion 1888-1942, chessgames id 47544; independently matches the resolution already recorded at docs/evidence/people/wikidata-resolution.tsv. Forename expanded from the mechanical 'Jose' to 'José Raúl'.
carlsen	Carlsen, Magnus	Q106807	1990		high		Wikidata Q106807 (human, chess player, Norway, born 1990); no openings were supplied, but he is the sole chess player surnamed Carlsen on Wikidata, so the name resolves uniquely.
caro	Caro, Horatio	Q1627984	1862	1920	high		Wikidata Q1627984 'Horatio Caro', British chess player 1862-1920, occupation chess player, en.wikipedia 'Horatio Caro'; the co-eponym (with Marcus Kann) of the Caro-Kann Defence.
carrera	Carrera, Pietro	Q631673	1573	1647	high	Q132987130 is a different Pietro Carrera, an Italian architect (1835-1887) with only an itwiki sitelink; he is not a chess figure, and Q631673 is the only chess player surnamed Carrera on Wikidata.	Wikidata Q631673 (human, chess player, historian and priest of the Kingdom of Sicily); enwiki's list entry 'Carrera Gambit of the King's Gambit, 3.Qh5' links to [[Pietro Carrera]], this item's enwiki sitelink.
caruana	Caruana, Fabiano	Q367277	1992		high		Wikidata Q367277 'Fabiano Caruana', Italian-American GM b. 1992, FIDE ID 2020009; sole notable chess Caruana.
chekhover	Chekhover, Vitaly	Q363772	1908	1965	high		Wikidata Q363772, Soviet IM and endgame study composer (1908-1965), is the Chekhover of the Sicilian Chekhover Variation; only chess player with this surname on Wikidata.
chesscom	Chess.com	Q16829376			medium		Wikidata Q16829376 'Chess.com', the online chess-playing site (official website https://www.chess.com, 39 sitelinks) - the entity match for the given name is certain, but it is an organisation, not a person. Flagging a likely catalogue error: enwiki's eponym list says the Bongcloud Attack (1.e4 e5 2.Ke2) is 'named after Chess.com user Lenny_Bongcloud, who used this opening many times, and kept losing'. The eponym is therefore a pseudonymous site user, not the company, so this row probably needs editorial review rather than a company QID.
chigorin	Chigorin, Mikhail	Q298286	1850	1908	high		Wikidata Q298286 (human, chess player, Russian Empire); enwiki credits him with both the Chigorin Defence 1.d4 d5 2.c4 Nc6 and the French Defence 2.Qe2 Chigorin Variation, matching both listed openings.
clemenz	Clemenz, Hermann	Q1107839	1846	1908	high		Wikidata's Clemenz Opening item (Q867941) carries an explicit named-after (P138) statement pointing to Q1107839 'Hermann Clemenz', Estonian chess player (1846-1908).
cochrane	Cochrane, John	Q964982	1798	1878	high	Wikidata carries at least ten items labelled 'John Cochrane' (a US general Q5844272, an economist, several Scots); Q964982 is the only one with occupation chess player.	Wikidata Q964982, Scottish lawyer and chess player (1798-1878), is confirmed by his English Wikipedia article as the player who first used the Cochrane Gambit against Petrov's Defence, against Bannerjee in 1848.
colle	Colle, Edgard	Q499915	1897	1932	high		Wikidata Q499915 'Edgard Colle', Belgian chess master 1897-1932, enwiki 'Edgard Colle'; the catalogue row D.QPG.Zuk.Nf6.e3 already attributes the Colle System to him with an Oxford Companion citation.
colman	Colman, Eugene	Q5407213	1878	1964	high		Q5407213, enwiki 'Eugene Ernest Colman', British chess player 1878-1964, Singapore's leading pre-war player and eponym of the Two Knights Defence Colman Variation (C58, 8.Qf3 Rb8).
cozio	Cozio, Carlo	Q1042083	1715	1780	high		Sole Wikidata match Q1042083, 'Italian chess player', Kingdom of Sardinia, dates recorded as 1715-1780 (both approximate in the literature), author of the treatise that gives the Ruy Lopez Cozio Defence its name.
cunningham	Cunningham, Alexander	Q283083	1655	1730	high	Three Wikidata items named Alexander Cunningham carry a 'chess player' occupation claim. Q1288869 (historian, 1654-1737) holds that claim spuriously — its own enwiki article says the identification with 'Cunningham the critic (1655?-1730)' was argued 'wrongly given the extant wills'. Q18611108 ('Scottish chess player') is an empty duplicate stub with no dates and no sitelinks, linked only as partially coincident with the disambiguation page. Q283083 is the sourced target.	Wikidata Q283083, enwiki 'Alexander Cunningham (jurist)', Scottish critic and classical scholar (1655-1730) whose article states 'It was as a chess-player that Alexander Cunningham was famous at the Hague' and names the Cunningham Gambit (1.e4 e5 2.f4 exf4 3.Nf3 Be7).
damiano	Damiano, Pedro	Q442521	1480	1544	high		Wikidata Q442521 'Pedro Damiano', Portuguese chess player, theoretician and writer (1480-1544), eponym of the Damiano Defence.
desprez	Desprez, Marcel				not-found	DECOY: Q3288890 'Marcel Després', French politician and industrialist (1890-1973), carries 'Marcel Desprez' as a registered alias and will surface on a name search, but his occupations are politician and industrialist with no chess link. Also distinct from Marcel Deprez the electrical engineer. Note Wikipedia spells the eponym Després while ECO spells the opening Desprez; the spelling is left unchanged here because the person could not be verified.	The en.wikipedia Desprez Opening article names 'the French player Marcel Després' as a red link with no article, and CirrusSearch for both Desprez and Després constrained to occupation chess player returns nothing, so no Wikidata item exists; the opening is also known as the Kádas Opening after the Hungarian Gábor Kádas.
diemer	Diemer, Emil	Q90375	1908	1990	high		Wikidata Q90375 'Emil Josef Diemer', German chess player 1908-1990, enwiki 'Emil Josef Diemer'; the Blackmar-Diemer Gambit is his lifelong advocacy. Wikidata and enwiki both use the fuller 'Emil Josef Diemer' if the catalogue wants the middle name.
ding	Ding, Liren	Q1191198	1992		high	Ding is shared among Chinese players, notably WGM Ding Yixin; this row is the world champion Ding Liren.	Wikidata Q1191198 'Ding Liren', Chinese grandmaster (GM 2009) and former World Chess Champion, born 24 October 1992; surname Ding, given name Liren, so the inverted form is already correct.
dory	Döry, Ladislaus				not-found	Jenő Döry (Q27579527), Hungarian chess player b. 1951, shares the surname; do not use him. Q111270511 (László Dőry de Jobaháza, 1891-1975, theologian) is a name-alike trap, not the player.	no Wikidata item exists for the chess Ladislaus Döry von Jobbaháza: Wikipedia's openings list gives 'named after Ladislaus Döry' as plain text with no article, the Wikidata Döry Defence item (Q3707350) has no 'named after' claim, and an exhaustive sweep of all 28 Wikidata people bearing the Dőry/Döry family name found only Jenő Döry (Q27579527, b. 1951) as a chess player; the closest namesake, László Dőry de Jobaháza (Q111270511), is a theologian born 1891 and so not the player chessgames.com dates to 1897 Austria.
dracula	Dracula, Count				not-found		Not a person: Tim Harding coined the Frankenstein-Dracula Variation in 1976 because 'a game between Dracula and the Frankenstein Monster would not seem out of place', and OCN's own evidence file records the eponym pair as 'Frankenstein's monster; Count Dracula' with source 'none / traditional'. The row C.Vie.Fal.MLn is aliased 'Vienna Game: Frankenstein-Dracula Variation', confirming the derivation. Q3266236 is the fictional-character item for Bram Stoker's Count Dracula if an entity is ever needed, but it is a fictional character and a second character is equally implicated, so it must not enter a people table — recommend dropping this row.
dunst	Dunst, Ted A.	Q63125490	1907	1985	high		Wikidata Q63125490 'Ted A. Dunst' (alias Theodore Alexander Dunst), US chess player 1907-1985, chessgames id 102164, is the target of a 'named after' (P138) statement on the Dunst Opening item Q596219 itself; the listed 'Van Geet Opening' is the same 1.Nc3 opening under an alternative name whose other eponym is Dick van Geet (Q2902350), so confirm which eponym this row is meant to carry.
duras	Duras, Oldřich	Q506427	1882	1957	high		Wikidata Q506427 (human, chess player, Czech); enwiki's list gives 'Duras Variation of the Ruy Lopez, 1.e4 e5 2.Nf3 Nc6 3.Bb5 a6 4.Ba4 d6 5.c4, named after Oldřich Duras', which is exactly the Modern Steinitz with c4.
durkin	Durkin, Robert	Q63125610	1923	2014	high	Wikidata holds other Robert Durkins (Q51751963, a USAF officer; Q21453080); only Q63125610 is the chess player.	The Wikidata item for the opening itself, Durkin Opening Q1528515, carries named-after (P138) pointing at Q63125610 'Robert T. Durkin', and English Wikipedia states the 1.Na3 Sodium Attack is named for Robert T. Durkin (1923-2014) of New Jersey; the 2014 death year comes from Wikipedia, as Wikidata records only the 1923 birth.
eisenberg	Eisenberg, Louis	Q2063513	1876		high		Wikidata Q2063513 'Louis Eisenberg', Ukrainian-American chess master born 1876 in Odesa (death recorded as unknown value; enwiki says 'after 1920'); the KGA Eisenberg Variation 3.Nh3 is credited to Louis R. Eisenberg of Odessa/Monte Carlo 1902.
englund	Englund, Fritz	Q1465925	1871	1933	high	The same gambit's P138 also lists Henry Charlick (Q5719343, 1845-1916), the Australian eponym of the alternative name Charlick Gambit; the Englund label belongs to Q1465925.	"Wikidata ""Englund Gambit"" (Q511293) has named-after (P138) = Q1465925, and the enwiki article confirms ""The Swedish player Fritz Englund (1871-1933)"" sponsored the 1932-33 thematic tournament that gave the gambit its name."
euwe	Euwe, Max	Q173714	1901	1981	high		"Q173714 is the Dutch chess player and mathematician Max Euwe, fifth world champion and later FIDE president, sole chess bearer of the surname on Wikidata (76 sitelinks, enwiki ""Max Euwe"")."
evans	Evans, William	Q456905	1790	1872	high	Larry Evans (Q725629, 1932-2010, American GM and author) is the other well-known chess Evans, along with Larry D. Evans (Q27524893) and Deborah Evans-Quek (Q108563023); the gambit is the 19th-century William Davies Evans.	"Wikidata ""Evans Gambit"" (Q681934) has named-after (P138) = Q456905, William Davies Evans, Welsh sea captain and chess player; full form of the name is William Davies Evans."
fajarowicz	Fajarowicz, Sammi	Q112004	1908	1940	high		Wikidata Q112004 'Sammi Fajarowicz', German chess player (1908-1940) of Leipzig; the same search returns Q1393612 'Fajarowicz Gambit' as the opening named for him in the Budapest Defence.
falkbeer	Falkbeer, Ernst	Q442552	1819	1885	high		Wikidata Q442552 'Ernst Falkbeer', Austro-Hungarian chess player and journalist (1819-1885), sole eponym of the Falkbeer Countergambit classified under the King's Gambit Declined.
fischer	Fischer, Robert James	Q41314	1943	2008	high	Wikidata holds eight chess players surnamed Fischer (Daniel Q71318786, Johannes Q71304137, Julie Q28481027, Sebastian Q109381919, two Johanns Q71321312 and Q71291186); the King's Gambit Fischer Defence is unambiguously Bobby Fischer's own recommendation.	Wikidata Q41314 (human, chess player); enwiki records that his 1961 article 'A Bust to the King's Gambit' recommended 3...d6, which became known as the Fischer Defence. Display name expands the mechanically truncated 'Robert J' to Wikidata's recorded alias 'Robert James Fischer' (P735 = Robert, James).
fleissig	Fleissig, Bernhard	Q2902583	1853	1931	high	Shared surname: his elder brother Max Fleissig was also an Austrian chess master (no Wikidata item found for him). The Scotch variation is Bernhard's.	Wikidata Q2902583 'Bernhard Fleissig', Austrian chess player (1853-1931); the English Wikipedia article credits him with the Scotch Fleissig Variation (1.e4 e5 2.Nf3 Nc6 3.d4 exd4 4.Nxd4 Bc5 5.Be3 Qf6 6.c3 Nge7 7.Nc2), which sits inside the listed C45 Scotch Classical/Schmidt/Meitner complex.
flohr	Flohr, Salo	Q317890	1908	1983	high		Wikidata Q317890 'Salo Flohr', Czechoslovak/Soviet chess player, theoretician and writer (1908-1983); both listed lines (the Flohr subvariation of the English Mikėnas-Carls and the Caro-Kann Classical Flohr) carry his name.
forgacs	Forgács, Leó	Q934474	1881	1930	high	Three modern minor chess players share the surname on Wikidata: Gyula Forgács (Q27525051), József Forgács (Q71297979), Attila Jr. Forgács (Q113673585). Dates separate them cleanly.	Wikidata Q934474 'Leó Forgács', Hungarian chess player 1881-1930, enwiki 'Leó Forgács', the only pre-war chess Forgács; no openings were supplied, so the match rests on name plus era plus occupation. Diacritics restored because the catalogue keeps them in house style (Mikėnas, Réti, Grünfeld, Hübner).
from	From, Martin Severin	Q641093	1828	1895	high		"Wikidata Q641093 ""Martin Severin From"", Danish chess master (1828–1895); the From Gambit item Q1363985 carries P138 (named after) → Q641093. Forename expanded from ""Martin"" to the full ""Martin Severin"" that Wikidata and the chess literature use."
furman	Furman, Semyon	Q2005726	1920	1978	high	An identically named Russian actor, Semyon Furman (Q4493515), exists on Wikidata and is a live confusion risk despite not being a chess figure.	Wikidata Q2005726 'Semyon Furman', Soviet GM and chess coach (1920-1978), enwiki 'Semyon Furman' — eponym of the QGA Furman Variation; Karpov's long-time trainer.
gajewski	Gajewski, Grzegorz	Q4131618	1985		high	Two other Grzegorz Gajewski items exist on Wikidata — a film director (Q22115069, born 1958, plwiki 'Grzegorz Gajewski (reżyser)') and an actor/theatre director (Q122641815) — neither a chess player; the Polish Wikipedia article is disambiguated as '(szachista)'.	Wikidata Q4131618, Polish grandmaster born 1985-07-19, FIDE id 1116207, credited with the Gajewski Gambit in OCN's eponym evidence file and in Wikipedia's list of chess openings named after people.
galliamova	Galliamova, Alisa	Q466286	1972		high		"Wikidata Q466286, human, female, Russian, chess player, born 1972-01-18, FIDE ID 4129725, English Wikipedia ""Alisa Galliamova"" (the item's default label renders in Tatar as ""Alisä Ğällämevä"", which is why a label-only match looks wrong). Confirmed against the corpus: catalog/ocn-1.wch.tsv has her in the 1999 FIDE Women's WCh final against Xie Jun at Shenyang/Kazan, and Xie Jun's article records that same match."
galway	O'Kelly de Galway, Albéric	Q1269539	1911	1980	high		Wikidata Q1269539 'Albéric O'Kelly de Galway', Belgian chess grandmaster 1911-1980, en.wikipedia article; the Sicilian O'Kelly Variation (2...a6) is his. Input name was mechanically split — the surname is 'O'Kelly de Galway', not 'Galway'.
gaprindashvili	Gaprindashvili, Nona	Q231630	1941		high		Wikidata Q231630 'Nona Gaprindashvili', Soviet (Georgian) chess player born 1941, fifth Women's World Chess Champion; no openings listed in the input, matched on name plus chess-player occupation, which is unique on Wikidata.
gelfand	Gelfand, Boris	Q486778	1968		high	Distinct from Boris Gelfand the Russian scientist (Q60694743); a disambiguation page also exists at Q56653678.	Wikidata Q486778, Belarusian-Israeli GM born 1968 (FIDE 2805677); the catalogue's world-championship rows for this person are the 2012 Anand-Gelfand match in Moscow, which he contested.
glek	Glek, Igor	Q664157	1961		high		Wikidata Q664157 'Igor Glek', Russian chess grandmaster and coach born 1961; eponym of the Four Knights Glek System (4.g3), matching the listed openings.
goglidze	Goglidze, Victor	Q4140994	1905	1964	high		Wikidata Q4140994, the first Georgian chess master and Soviet IM (1905-1964), is the eponym of the Goglidze Attack; no English Wikipedia article exists, so identification rests on the Wikidata item plus ChessBase's 'Victor Arsentievich Goglidze' profile.
goring	Göring, Carl	Q69142	1841	1879	high	Not Hermann Göring; the surname's dominant homonym is unrelated to chess, and the forename Carl is load-bearing here.	Wikidata Q69142 'Carl Göring', German chess player and philosopher 1841-1879, named by Wikipedia's list of openings named after people as the Göring Gambit eponym (the gambit itself is Q2651993).
goryachkina	Goryachkina, Aleksandra	Q4146345	1998		high		Wikidata Q4146345 'Aleksandra Goryachkina', Russian chess player b. 1998, en.wikipedia article; the catalogue's 16 games are all 'WCh Women 2020' versus Ju Wenjun, which is her match, and she is the only chess player of that surname on Wikidata.
greco	Greco, Gioachino	Q352441	1600	1634	high		Wikidata Q352441 'Gioachino Greco', Italian chess player and writer of the Kingdom of Naples, dates recorded as c.1600-1634 at year precision; the only chess Greco and the eponym of the Greco lines in the King's Knight Opening family, though the listed opening string names McConnell rather than Greco.
grivas	Grivas, Efstratios	Q641271	1966		high	Georgios Grivas (EOKA leader) shares the surname but is not a chess figure; no other chess Grivas in Wikidata.	Wikidata Q641271 'Efstratios Grivas', Greek GM (b. 1966, FIDE ID 4200039); the Sicilian 4...Qb6 line called the Godiva Variation is the Grivas Sicilian, named for him by John Nunn.
grob	Grob, Henri	Q684458	1904	1974	high		enwiki 'Henri Grob' maps to Q684458 (Swiss IM 1904-1974), credited by Wikipedia's openings list with 1.g4; he is the only chess Grob on Wikidata.
grunfeld	Grünfeld, Ernst	Q93742	1893	1962	high	Yehuda Gruenfeld (Q1338537), Israeli GM b. 1956, shares the surname; also a distinct Austrian economist Ernst Grünfeld (Q1358384, 1883-1938) with the identical full name.	Wikidata Q93742 'Ernst Grünfeld', chess international grandmaster (1893-1962), Austrian, enwiki 'Ernst Grünfeld' — eponym of the Grünfeld Defence.
gukesh-d	Dommaraju, Gukesh	Q56026072	2006		high		en.wikipedia 'Gukesh Dommaraju' carries wikibase_item Q56026072 and states Dommaraju is the family name and Gukesh the given name, so the Surname, Forename rendering is 'Dommaraju, Gukesh'; Wikidata's English label is the short chess-scene form 'Gukesh D', with 'Gukesh Dommaraju', 'Dommaraju Gukesh' and 'D. Gukesh' as aliases.
gulko	Gulko, Boris	Q893658	1947		high	A same-named Q16640689 exists (Boris Gulko, military officer, 1897-1939) and is not a chess player; do not use it.	enwiki 'Boris Gulko' maps to Q893658 (Soviet-American GM b. 1947), the only chess player named Gulko on Wikidata, and his 1994 PCA candidates playoff against Short is the row's event.
gunderam	Gunderam, Gerhart	Q1512937	1904	1992	high		Forename corrected Gerhard -> Gerhart. Wikidata Q1512937 'Gerhart Gunderam', human, German chess player/theoretician 1904-1992; dewiki lead reads 'Heinz Gerhart Gunderam (* 26. November 1904 in Großenhain; † 1992 in Husum) war ein deutscher Schachtheoretiker', and enwiki 'Gunderam Defense' names him as the theoretician who played 1.e4 e5 2.Nf3 Qe7 versus August Babel in 1958. The enwiki eponym list spells it 'Gerhard', but Wikidata, dewiki and the Gunderam Defense article all give 'Gerhart'.
gunsberg	Gunsberg, Isidor	Q357796	1854	1930	high		Wikidata Q357796, Hungarian-born British master (1854-1930) and 1890-91 world championship challenger, is the eponym of the Gunsberg lines; sole chess Gunsberg on Wikidata.
gurgenidze	Gurgenidze, Bukhuti	Q650054	1933	2008	high	David Gurgenidze (Q338291, b. 1953) is a notable Georgian composer of chess endgame studies — a different chess Gurgenidze.	Wikidata Q650054 'Bukhuti Gurgenidze', Soviet (Georgian) chess player 1933-2008, en.wikipedia article; the Gurgenidze systems in the Modern and Caro-Kann are his, as is the catalogue's Rossolimo Gurgenidze row.
gusev	Gusev, Yuri				not-found	Wikidata holds five chess Gusevs (Q21638545 Yury, Q27525608 Aleksey, Q27525609 Vladimir A, Q71316177 Nikita, Q134176649 Mikhail) and none is the Nikolai Nikolaevich Gusev the sources name as eponym. Needs a human decision plus possibly a new Wikidata item.	Deliberately unresolved rather than matched to the obvious candidate: the Wikibooks chess-opening-theory page for 1.d4 d5 2.c4 c5 3.cxd5 Nf6 states the Gusev Countergambit is 'named after the Soviet Master of Sports Nikolai Nikolaevich Gusev', and no Wikidata item exists for that player; the plausible-looking Yury Gusev (Q21638545, Soviet chess player b. 1921, of Gusev's Immortal) has no sourced connection to the line and his enwiki article does not mention it, so assigning his QID would be a namesake error.
hanham	Hanham, James	Q6135487	1840	1923	high	Several other Wikidata people are named James Hanham (Dorset baronets Q75279792 and Q75743707 among them); none is a chess figure, and Q6135487 is the only chess player surnamed Hanham.	Wikidata Q6135487 (human, chess player, United States); enwiki names him for the Hanham Variation of the Philidor Defence 1.e4 e5 2.Nf3 d6 3.d4 Nd7, citing Hooper and Whyld. Full name Major James Moore Hanham, but Wikidata's label and the enwiki title are both 'James Hanham', so the display name stands.
harrwitz	Harrwitz, Daniel	Q62035	1821	1884	high		en.wikipedia 'Daniel Harrwitz' carries wikibase_item Q62035, and Wikipedia's list gives the Harrwitz Attack as QGD 1.d4 d5 2.c4 e6 3.Nc3 Nf6 4.Bf4, named after him.
hodgson	Hodgson, Julian	Q142319	1963		high		Wikidata Q142319, British GM born 1963 (FIDE 400076); the repo's docs/evidence/eponyms/named-after-people.tsv row D.QPG.Lev attributes the Hodgson Attack alias of 1.d4 d5 2.Bg5 to him, alongside the separate Stepan Levitsky claim on the same line.
hopton	Hopton				not-found		No Wikidata item exists for any chess player named Hopton — a SPARQL scan of items with occupation chess player returned zero Hopton rows, and every Wikidata 'Hopton' is an English village, a surname item, or an unrelated person; Wikipedia's list says only 'named after Hopton', with no forename and no link, the trail leading to an obscure 'R. Hopton' credited with an 1860 game in the line.
horwitz	Horwitz, Bernhard	Q62031	1807	1885	high	The wbsearchentities top hit for 'Bernhard Horwitz' is Q104805997, a Holocaust victim born 1868 with the identical name; also do not conflate with the American player/editor I. A. Horowitz (different spelling).	Wikidata Q62031 is 'German-British chess player (1807-1885)' with occupations chess player and chess composer, the Horwitz of the Horwitz Defence and Horwitz bishops.
hou	Hou, Yifan	Q234011	1994		high		Wikidata Q234011 'Hou Yifan', Chinese GM b. 1994, FIDE ID 8602980, enwiki 'Hou Yifan', and it already carries 'Hou, Yifan' as an English alias; the '(HLJ)' suffix in the input is a Chinese-league team tag, stripped.
hromadka	Hromádka, Karel	Q934788	1887	1956	high	Not a chess collision, but Wikidata carries several other Karel Hromádkas (footballer 1903–1968 Q12028265, ice-hockey player 1905–1978 Q12028266, plus a disambiguation page Q12028264 and unlabelled items). Only Q934788 is the chess player.	"Wikidata Q934788 ""Karel Hromádka"", Czech chess player (1887–1956); the English Wikipedia article states the Hromádka Indian Defense — 1.d4 Nf6 2.Nf3 c5 3.d5 d6, the Czech/Old Benoni — is named after him, matching the listed opening ""Benoni Defence d5, d6""."
hubner	Hübner, Robert	Q77389	1948	2025	high	Wikidata holds at least four other 'Robert Hübner' items (Q94893160 Austrian actor 1860-1892, Q2157636 German TV presenter, Q50426874, plus disambiguation Q17591506). None is a chess figure, but a label-only match on 'Robert Hübner' would pick the wrong item.	Wikidata Q77389 'Robert Hübner', human, German chess player/writer/papyrologist 1948-2025, FIDE ID 4600010; enwiki eponym list credits him with the Hübner Variation of the Nimzo-Indian (4.e3 c5), exactly the 'Nimzo Rubinstein, c5' line listed.
ilyingenevsky	Ilyin-Genevsky, Alexander	Q1970497	1894	1941	high		enwiki 'Alexander Ilyin-Genevsky' maps to Q1970497 (Soviet player and official, 1894-1941), the eponym Wikipedia's openings list names for the Dutch Defence Ilyin-Genevsky Variation; the catalogue's 'Ilyin-Zhenevsky' is the alternative transliteration of the same man.
ioseliani	Ioseliani, Nana	Q259851	1962		high	Q140356693 is a second 'Nana Ioseliani' on Wikidata, a Georgian actor (occupation Q33999) with no description and no sitelinks, carrying a 'different from' statement. Also distinct from Jaba Ioseliani, the Georgian paramilitary leader and playwright.	Q259851 'Nana Ioseliani', Georgian chess player born 1962, holds IM and Woman Grandmaster titles and a Women's World Championship finalist record; no opening was supplied so this rests on the name plus the chess-player occupation.
ivanchuk	Ivanchuk, Vasyl	Q208229	1969		high		Wikidata Q208229 'Vasyl Ivanchuk', human, Ukrainian chess grandmaster, FIDE ID 14100010, 51 sitelinks; enwiki lead 'Vasyl Mykhailovych Ivanchuk ... born March 18, 1969'. Input name already correct - kept 'Vasyl' over the older English rendering 'Vassily Ivanchuk', which Wikidata carries only as an alias. No openings listed for this row.
jaenisch	Jaenisch, Carl	Q32743	1813	1872	high		Wikidata Q32743 'Carl Jaenisch', Finnish-Russian chess player and theorist (1813-1872), enwiki 'Carl Jaenisch' — the Schliemann Defence is also known as the Jaenisch Gambit.
janowski	Janowski, Dawid	Q378839	1868	1927	high	Chaim Janowski (Q5067813, died 1935) is also catalogued on Wikidata with occupation chess player; the opening eponym is the Polish-French master Dawid, 1868-1927.	en.wikipedia 'Dawid Janowski' carries wikibase_item Q378839, and Wikipedia's list gives the Janowski Variation 1.d4 Nf6 2.c4 d6 3.Nc3 Bf5 — the Old Indian line — as named after him.
jerome	Jerome, Alonzo Wheeler		1834	1902	not-found		English Wikipedia's Jerome Gambit article names the eponym as Alonzo Wheeler Jerome (1834-1902) of Paxton, Illinois, but no Wikidata item exists for him: label search, full-text search and a CirrusSearch for chess players named Jerome return only unrelated people who have Jerome as a forename, and the gambit item Q1687720 carries no named-after property, so the QID is left null rather than guessed.
ju	Ju, Wenjun	Q468045	1991		high		Wikidata Q468045, Chinese Women's World Champion born 1991-01-31, FIDE id 8603006; independently matches the resolution already recorded at docs/evidence/people/wikidata-resolution.tsv. Ju is the surname so the 'Surname, Forename' form is already correct; Wikidata explicitly flags her as different from the mathematician Wu Wenjun (Q926125).
kamsky	Kamsky, Gata	Q315155	1974		high		Wikidata Q315155 (human, chess player, United States, born 1974); no openings were supplied, but he is the sole chess player surnamed Kamsky on Wikidata, so the name resolves uniquely.
kan	Kan, Ilya	Q2348754	1909	1978	high		"Wikidata Q2348754 ""Ilya Kan"", Russian chess player (1909–1978); the English Wikipedia article states his opening contribution was the Sicilian line bearing his name, 1.e4 c5 2.Nf3 e6 3.d4 cxd4 4.Nxd4 a6, which is the Sicilian Kan."
kann	Kann, Marcus	Q86090	1820	1886	high		en.wikipedia 'Marcus Kann' carries wikibase_item Q86090, and the Caro-Kann Defence article states the opening is named after Horatio Caro and 'the Austrian player Marcus Kann', both analysing it in 1886.
karjakin	Karjakin, Sergey	Q217198	1990		high		Wikidata Q217198 'Sergey Karjakin', Ukrainian-born Russian GM b. 1990, FIDE ID 14109603; enwiki title uses the 'Karjakin' transliteration.
karklins	Karklins, Andrew	Q71293221	1947		high	His father Erik Karklins (1915-2017), Riga-born Chicago master, is also a notable chess Karklins but has no Wikidata item; the opening is the son's.	Input forename 'Chicago' was a mechanical artefact; Wikidata Q71293221 'Andrew Karklins' (b. 14 April 1947, FIDE ID 2001730, FIDE Master, Chicago-based US master) is the Karklins of the Petrov Karklins-Martinovsky 4.Nd3, a line he experimented with.
karpov	Karpov, Anatoly	Q131674	1951		high	Input forename was wrong. Wikidata holds at least five other notable Anatoly Karpovs (Q4215781 scientist, Q4215780 psychologist, Q487571 biathlete, Q28124076 literary critic); none is a chess player, so verify by the FIDE ID rather than the name.	Forename corrected from Aleksandr to Anatoly: Q131674 is the world champion (FIDE ID 4100026, GM), after whom the Caro-Kann Karpov Variation 4...Nd7 is named.
kasparov	Kasparov, Garry	Q28614	1963		high	Sergey Kasparov (Q3918615), Belarusian GM b. 1968, is an unrelated chess Kasparov.	enwiki 'Garry Kasparov' maps to Q28614 (world champion, b. 1963), and the Pirc 150 Attack main line is the opening of his 1999 Wijk aan Zee win over Topalov known as Kasparov's Immortal.
katalymov	Katalymov, Boris	Q15116820	1932	2013	high		Wikidata Q15116820, Kazakhstani IM (1932-2013), is the eponym of the Katalimov Variation; kept the input spelling 'Katalymov' because that is the English Wikipedia article title, though the Wikidata English label reads 'Boris Katalimov'.
keene	Keene, Raymond	Q946506	1948		high		Wikidata Q946506, English grandmaster, author and organiser (born 1948), is the eponym of the Keene Defence in the King's Gambit; sole chess Keene on Wikidata.
keres	Keres, Paul	Q207727	1916	1975	high	Not a chess collision, but Wikidata holds a second item labelled exactly 'Paul Keres' (Q61110028, Estonian lawyer born 1982) that a name-only match would hit.	Wikidata Q207727, Estonian grandmaster (1916-1975), is the eponym of the Keres Attack in the Scheveningen and of the Keres/Kangaroo Defence.
kevitz	Kevitz, Alexander	Q2642440	1902	1981	high		Wikidata Q2642440 (human, chess player, United States); enwiki states that in the English Opening Flohr-Mikenas variation (A18) the line 1.c4 Nf6 2.Nc3 e6 3.e4 Nc6 is known as the Kevitz Variation, matching the listed opening exactly.
khenkin	Khenkin, Igor	Q70779	1968		high	Viktor Khenkin (Q4497237, 1923-2010), the Soviet master and prolific chess author, is a different man; the eponym of this Caro-Kann Advance line is the grandmaster Igor, born 1968.	Wikipedia's List of chess openings named after people credits 1.e4 c6 2.d4 d5 3.e5 c5 — the exact move sequence of OCN row B.CaK.Adv.Bot — to Keith Arkell and Igor Khenkin, whose article carries wikibase_item Q70779 (German GM born 1968).
kieseritzky	Kieseritzky, Lionel	Q313177	1806	1853	high	R.K. Kieseritzky (Q7273374), a Russian chess player of Baltic German origin 1870-1923, shares the surname. The King's Gambit line belongs to Lionel.	Wikidata Q313177 'Lionel Kieseritzky', Baltic German chess player 1806-1853, enwiki 'Lionel Kieseritzky'; the King's Gambit Kieseritzky Gambit (5.Ne5) is his.
knorre	Knorre, Viktor	Q62371	1840	1919	high	Knorre is a three-generation astronomer dynasty, Ernst Friedrich (1759-1810), Karl Friedrich (Q85243, 1801-1883) and Viktor; only Viktor was a chess player, and his item is described primarily as an astronomer, so a naive occupation filter would drop him.	"His enwiki article (Wikidata Q62371) explicitly lists ""the Knorre variation of the Open defense in the Ruy Lopez"" (ECO C80) alongside the Two Knights Knorre Variation; the item carries both astronomer and chess player as occupations."
koltanowski	Koltanowski, George	Q553179	1903	2000	high		Wikidata Q553179 'George Koltanowski', Belgian-American chess master (1903-2000); the Koltanowski Gambit is exactly 1.e4 e5 2.Nf3 Nc6 3.Bc4 Bc5 4.O-O Nf6 5.d4, matching the listed line.
kondratiyev	Kondratiyev, Pavel	Q117532	1924	1984	high	Vissarion Kondratiev (Q104149817), Soviet chess player born 1937, shares the surname; Wikidata also carries the variants Kondratyev, Kondratev and Kondratjew for this family name.	Wikidata Q117532 'Pavel Kondratyev', Soviet chess player and coach 1924-1984; German Wikipedia states that a French Defence variation he proposed was published in 1940 in Schachmaty w SSSR, tying him to the Winawer line. Left as 'Kondratiyev' to match the catalogue's opening name and Wikipedia's chess-eponym list, but note Wikidata's English label transliterates him as 'Kondratyev'.
koneru	Koneru, Humpy	Q255044	1987		high	Koneru is shared with her father and first coach Koneru Ashok, himself a chess player; this row is the grandmaster Humpy.	Wikidata Q255044 'Koneru Humpy', Indian chess player and grandmaster since 2002, born 31 March 1987; Koneru is the family name and Humpy the given name, so the inverted form is correct.
konikowski	Konikowski, Jerzy	Q88227	1947		high		His enwiki article (Wikidata Q88227) credits him with the gambit 1.e4 e5 2.Nf3 Nc6 3.Bb5 Bc5 4.c3 d5!? in the Ruy Lopez Cordel/Classical Defence, which is precisely the Konikowski Gambit line.
konstantinopolsky	Konstantinopolsky, Alexander	Q710798	1910	1990	high		en.wikipedia 'Alexander Konstantinopolsky' carries wikibase_item Q710798, and Wikipedia's list defines the Konstantinopolsky Opening as 1.e4 e5 2.Nf3 Nc6 3.g3, matching the catalogue's King's Knight Opening Main Line, g3.
korchnoi	Korchnoi, Viktor	Q212889	1931	2016	high		"Q212889 is the Soviet-Swiss grandmaster Viktor Korchnoi, enwiki ""Viktor Korchnoi"", the only chess player under that surname or its Korchnoy/Kortschnoi transliterations on Wikidata."
kramnik	Kramnik, Vladimir	Q161092	1975		high		Wikidata Q161092 'Vladimir Kramnik', Russian chess grandmaster b. 1975, FIDE ID 4101588, enwiki 'Vladimir Kramnik'; the only notable Kramnik in chess.
kruijs	van 't Kruijs, Maarten	Q2247859	1813	1885	high		Wikidata Q2247859 'Maarten van 't Kruijs', Dutch chess player 1813-1885, eponym of 1.e3; surname corrected because the family name is 'van 't Kruijs', not 'Kruijs' — the mechanical extraction dropped the nobiliary particle.
kushnir-aleksandr	Kushnir, Alla	Q269098	1941	2013	high	"The forename in the input is spurious, not a different human: the corpus itself proves it, because catalog/ocn-1.wch.tsv records the same 1969 Moscow/Tbilisi match under both ""Kushnir Aleksandr"" and ""Kushnir, Alla"". This row was one of the six refusals in docs/people-identity-findings.md; unlike `karpov` it is a single corrupted spelling rather than two humans merged, so it is safe to resolve — but the display name must be fixed to ""Kushnir, Alla"" in the same change, or the champion's challenger stays labelled with a man's forename."	"Wikidata Q269098 ""Alla Kushnir"", Russian-Israeli chess player (1941–2013); English Wikipedia records her three consecutive Women's World Championship challenges to Nona Gaprindashvili — 1965 Riga, 1969 Tbilisi–Moscow, 1972 Riga — which are precisely the three events on this person id in catalog/ocn-1.events.tsv (wch-1965/1969/1972-gaprindashvili-kushnir-aleksandr)."
lamb	Lamb, F.				not-found		No Wikidata entity found: a SPARQL sweep of items with occupation 'chess player' (Q10873124) whose English label contains 'Lamb' returned only Hans Lambert (Q27969667), Francois Xavier Lambert (Q55105165) and Koen Lambrechts (Q71315189), none of them an F. Lamb; web sources on the Blackmar-Diemer Declined Lamb Defence (1.d4 d5 2.e4 Nc6) document the line but never identify the person. Returning null rather than guessing.
lange	Lange, Max	Q62453	1832	1899	high	At least six other Max Langes exist on Wikidata (physician Q1912934, mathematician and Go player Q1912932, politician Q27505699, trade unionist Q94819080, orthopaedic surgeon Q18411569); only Q62453 is the chess master.	Wikidata Q62453, German chess master, bookseller and chess theoretician 1832-1899, the only chess Max Lange and eponym of the Max Lange Attack.
larsen	Larsen, Bent	Q108807	1935	2010	high	"Not a chess collision, but a live disambiguation hazard: Wikidata holds at least four other people labelled ""Bent Larsen"" (badminton player Q138633139, rower Q56254483, handball player Q4890337, plus Q38471596) and a disambiguation page Q12303181. None is a chess figure; a bare surname or bare-name match would land on one of them."	"Wikidata Q108807 ""Bent Larsen"", Danish chess grandmaster and author (1935–2010); the Larsen's Opening item Q645666 carries P138 (named after) → Q108807."
lasker	Lasker, Emanuel	Q57095	1868	1941	high	Shared with Edward Lasker (1885-1981), a separate German-American master and no close relation; the openings listed here are Emanuel's, not Edward's.	Wikidata Q57095 'Emanuel Lasker', world chess champion 1894-1921 (1868-1941); the QGD Lasker Defence and the Evans Gambit Lasker Defence are both his.
lei	Lei, Tingjie	Q16845654	1997		high		Wikidata Q16845654 'Lei Tingjie', Chinese chess player born 1997 (Women's World Championship challenger); surname Lei, given name Tingjie, so the input order is already correct.
leko	Leko, Peter	Q210922	1979		high		en.wikipedia 'Peter Leko' carries wikibase_item Q210922, and Wikipedia's list gives the Leko Gambit as 1.d4 Nf6 2.c4 g6 3.f3 e5, the Anti-Grünfeld line, named after him; English form kept over the Hungarian Péter Lékó, as Wikidata's English label does.
leonard	Leonard, James	Q6128173	1841	1862	high	The variation name invites confusion with Giovanni Leonardo Di Bona (Q455398), the 16th-century Italian master; the attested eponym is the 19th-century American Leonard, not Leonardo.	Wikidata Q6128173 'James A. Leonard', American chess player 1841-1862; Wikipedia's list of openings named after people gives the Leonardis Variation to James A. Leonard, and the repo's own named-after-people.tsv row C.KPO.d3 records the same attribution. Wikidata's label carries the middle initial ('James A. Leonard').
leonhardt	Leonhardt, Paul Saladin	Q66451	1877	1934	high		Wikidata Q66451 (human, chess player, Germany); enwiki's list gives 'Leonhardt Variation of the Evans Gambit, 4.b4 Bxb4 5.c3 Ba5 6.d4 b5' citing Hooper and Whyld, matching the listed line. Display name gains 'Saladin', which both the Wikidata label and the enwiki title carry.
levenfish	Levenfish, Grigory	Q585366	1889	1961	high		Wikidata Q585366 'Grigory Levenfish', Soviet chess player 1889-1961, en.wikipedia article; both catalogue rows (Sicilian Dragon 6.f4 Levenfish Attack and the Grünfeld Russian Hungarian ...b6 Levenfish Variation) name him.
levitsky	Levitsky, Stepan	Q166086	1876	1924	high	Andrey Levitskiy (Q71318535, b. 2002) is also a Wikidata chess player, and the surname is transliterated 'Levitzky' in older literature — this row is the 1876-1924 Russian master.	Wikidata Q166086 'Stepan Levitsky', Russian chess player 1876-1924, en.wikipedia article; the Levitsky Attack (1.d4 d5 2.Bg5) is his, the same line the catalogue also records under Julian Hodgson's name as the Hodgson Attack.
lisitsin	Lisitsin, Georgy	Q3760783	1909	1972	high		the Wikidata item for the Lisitsin Gambit (Q23047455) carries P138 'named after' pointing at Q3760783, and enwiki 'Georgy Lisitsin' maps to that same item (Soviet player 1909-1972).
lolli	Lolli, Giambattista	Q932335	1698	1769	high		Wikidata Q932335 'Giambattista Lolli', Italian chess player, composer and writer of the Modenese school (1698-1769), eponym of the Lolli Attack in the Two Knights Defence.
lopez	Bellón López, Juan Manuel	Q2561974	1950		high	"""López"" is shared with Ruy López de Segura (Q297457), also in this batch — and the surname split is exactly what went wrong here, so any keying on ""López"" alone will collide with the Ruy Lopez eponym."	"Wikidata Q2561974 ""Juan Manuel Bellón López"", Spanish chess player born 1950-05-08; the English Wikipedia article states he invented the Bellón Gambit in 1969, which is the listed King's English line. The input name is a mechanical error: it took the second (maternal) surname López as the family name, but the eponym and the conventional short form are Bellón."
lucena	Ramírez de Lucena, Luis	Q357782	1465	1530	high		Wikidata Q357782, Spanish chess player and author of the 1497 Repetición de amores y arte de ajedrez, credited with the Lucena Variation in OCN's eponym evidence file; surname corrected on the same principle given for Lopez de Segura, since the compound surname is 'Ramírez de Lucena' and the mechanical extraction kept only the final token. Dates are approximate (c. 1465 to c. 1530) and Wikidata carries both 1465 and 1475 for birth.
lundin	Lundin, Erik	Q653809	1904	1988	high	Jan Lundin (Q71304538) is another chess player of the same surname, and Wikidata holds at least five non-chess Erik Lundins (actor Q5967031, rapper Q24018410, tanner Q5967023, two researchers). Occupation and dates pin the right one.	Wikidata Q653809 'Erik Lundin', Swedish chess player 1904-1988, enwiki 'Erik Lundin'; ECO A40 1.d4 Nc6 is catalogued as 'Queen's pawn, Lundin (Kevitz-Mikenas) defence', named for the Swedish GM who took it up in the 1940s, which is the catalogue's Mikėnas Defence node.
lutikov	Lutikov, Anatoly	Q488017	1933	1989	high		Wikidata Q488017 'Anatoly Lutikov', Soviet/Russian chess grandmaster 1933-1989, en.wikipedia article; the catalogue's Grünfeld Sämisch row carries the alias 'Grünfeld Defense: Lutikov Variation' (lichess), and three further catalogue rows carry his name.
macleod	MacLeod, Nicholas	Q7025815	1870	1965	high	Norman Macleod (Q351085), British player and problem composer 1927-1991, is another chess Macleod; separately, a non-chess Nicholas MacLeod (Q76065344, b. 1955) shares the full name.	enwiki 'Nicholas MacLeod' maps to Q7025815 (British-Canadian player Nicholas Menalaus MacLeod, 1870-1965), the eponym Wikipedia's openings list names for the MacLeod Attack 1.e4 e5 2.c3.
makogonov	Makogonov, Vladimir	Q517045	1904	1993	high		Wikidata Q517045 'Vladimir Makogonov', Azerbaijani/Soviet chess player (1904-1993), IM 1950 and honorary GM 1987, eponym of the KID Makogonov (h3) system.
maroczy	Maróczy, Géza	Q305054	1870	1951	high		Wikidata Q305054 'Géza Maróczy', Hungarian GM 1870-1951, sole notable Maróczy and eponym of the Maróczy Bind.
marshall	Marshall, Frank	Q312814	1877	1944	high	"This repo's own people table already holds a second Marshall row, `marshall-viele` = ""Marshall Viele, Fabrizio Aaron"", an unrelated (and corrupted) corpus spelling; do not let the two rows converge on Q312814. Wikidata also has multiple non-chess Frank Marshalls."	"Wikidata Q312814 ""Frank Marshall"" (Frank James Marshall), American chess player 1877-08-10 to 1944-11-09; both the Marshall Defense item Q1709120 and the Petrov's Defence Marshall Trap item Q7179126 carry P138 (named after) → Q312814."
marshall-viele	Marshall, Frank	Q312814	1877	1944	high	The mechanically derived input 'Marshall Viele, Fabrizio Aaron' conflates the 1907 challenger with an unrelated modern double-surname record that no chess source corroborates; treat any future 'Marshall Viele' string as the same conflation.	Wikidata Q312814 'Frank Marshall', American chess player 1877-1944 (enwiki 'Frank Marshall (chess player)'); the input name is corrupt, since every game on this row is from the single event 'World Championship 7th, 1907' against Lasker in New York, Philadelphia, Baltimore, Chicago and Memphis, which was Lasker versus Frank J. Marshall. Wikidata's label is the short form; the full name is Frank James Marshall.
martinovsky	Martinovsky, Eugene	Q65697695			medium	Do not confuse with the Serbian GM Slobodan Martinović (different surname spelling) who surfaces in the same searches; the co-eponym Karklins is a separate American player, Andrew Karklins.	Wikidata Q65697695 'Eugene Simeon Martinovsky', US correspondence chess player (ICCM 2000, ICCF ID 510198) and the only chess Martinovsky on Wikidata; the distinctive full name matches the ChessBase over-the-board record for the Chicago master who co-names the Petrov Karklins-Martinovsky, and sources confirm the same man was twice US correspondence champion and an OTB tournament regular, but the item is a bare ICCF import with no dates, no sitelinks and no OTB statements, so the OTB/CC identity link is inferred from the name rather than asserted on the item. He died shortly before the Feb-Mar 2002 US Masters, which was renamed the Dr. Eugene Martinovsky Memorial Masters; that date is not recorded on Wikidata, so born/died are left empty.
master	Gunderam, Gerhart	Q1512937	1904	1992	high		Input name 'Master, International' is a source-text parse artifact, not a person; the row's sole opening resolves the eponym to Wikidata Q1512937 'Gerhart Gunderam', German chess theoretician (1904-1992), dewiki 'Gerhart Gunderam' — both dewiki and enwiki 'Gunderam Defense' confirm 1.e4 e5 2.Nf3 Qe7 (ECO C40) is named after him. He was a correspondence-chess theoretician, not an International Master, so the input string is doubly wrong.
mccutcheon	McCutcheon, John	Q55653977	1857	1905	high	No en label and only a ruwiki sitelink, so text search finds the far more famous namesakes first: John T. McCutcheon the cartoonist and John McCutcheon the folk musician. Note the opening is conventionally spelled MacCutcheon in ECO while the man is McCutcheon.	Q55653977 is labelled (under the 'mul' language code) 'John Lindsay McCutcheon', described 'lawyer and chess player', American, 1857-1905, matching the Pittsburgh lawyer who played the line against Steinitz in 1885.
mcdonnell	McDonnell, Alexander	Q555043	1798	1835	high	George Alcock MacDonnell (Q2630805), Irish chess player and writer 1830-1899, also has openings bearing the MacDonnell spelling. The La Bourdonnais match provenance rules him out here.	Wikidata Q555043 'Alexander McDonnell', Irish chess master 1798-1835, enwiki 'Alexander McDonnell (chess player)'; the catalogue's own row C.KGm.Acc.Nf3.KKn.Bc4.McD quotes the Oxford Companion, 'successfully introduced by McDONNELL in the first game of his third match against [La] BOURDONNAIS', which dates it to the 1834 matches and fixes it on this McDonnell.
mieses	Mieses, Jacques	Q77379	1865	1954	high		"Wikidata Q77379 ""Jacques Mieses"", German-British chess player and chess author, 1865-02-27 to 1954-02-23; the Mieses Opening item Q1540957 carries P138 (named after) → Q77379."
mikenas	Mikėnas, Vladas	Q715582	1910	1992	high	Alius Mikėnas (Q21789881, b. 1955) is a separate Lithuanian chess player with the same surname; the eponym is the 1910-1992 Vladas.	His enwiki article (Wikidata Q715582) names both the Mikėnas Variation of the Modern Benoni and the Flohr-Mikėnas Variation of the English Opening, matching both listed openings.
miles	Miles, Tony	Q203644	1955	2001	high	Several unrelated Tony/Anthony Miles items exist on Wikidata (Q7822977 American football player, Q55530833 poker player, Q16732596 newspaper editor, Q16228471 basketball player, plus disambiguation Q7822978). No other notable chess Miles, but name-only matching is unsafe.	Wikidata Q203644 'Tony Miles', human, British chess player 1955-2001 (enwiki lead: Anthony John Miles, first English GM); enwiki eponym list credits him with the Miles Variation of the Queen's Indian (1.d4 Nf6 2.c4 e6 3.Nf3 b6 4.Bf4), the QID line listed. Kept as 'Tony' because that is the Wikidata label and enwiki title; 'Anthony John Miles' and 'Anthony Miles' are only aliases.
monster	Frankenstein's monster	Q2021531			medium	'Frankenstein' alone commonly and wrongly denotes Victor Frankenstein the scientist rather than the creature. Wikidata also has same-titled distinct items: Q1131389 (Marvel character), Q102440966 and Q102442594 (TMNT characters), Q16259544 (1983 video game), Q56433191 (Geneva statue).	Wikidata Q2021531 'Frankenstein's monster', the 1818 fictional character by Mary Shelley; enwiki 'List of chess openings named after people' states the Frankenstein-Dracula Variation of the Vienna Game (1.e4 e5 2.Nc3 Nf6 3.Bc4 Nxe4 - the Vienna Falkbeer main line listed) is 'named after Frankenstein's monster and Count Dracula'. Confidence medium only because this is a fictional character, not a person, and the row's counterpart eponym Count Dracula appears to be missing from the catalogue.
morozevich	Morozevich, Alexander	Q312918	1977		high		enwiki 'Alexander Morozevich' maps to Q312918, the only chess player named Morozevich on Wikidata, and the French Tarrasch 3...Be7 Morozevich Variation is named for his practice with it.
morphy	Morphy, Paul	Q105589	1837	1884	high		Wikidata Q105589 'Paul Morphy', US chess player 1837-1884 (enwiki 'Paul Morphy', 64 sitelinks), the unrivalled Morphy of the Ruy Lopez Morphy Defence and French Morphy Gambit.
morrison	Morrison, John				not-found	John Morrison (Q487308), Canadian chess master 1889-1975, is a real player who is NOT this row — he never played a world championship match against Lasker; Robert (Q27528639), William (Q27528642) and Graham Morrison (Q71299980) are further chess Morrisons.	This is a corrupt PGN header, not a person. All 10 catalogue games are 'World Championship 10th', 1910, versus Emanuel Lasker at Vienna and Berlin — that match was Lasker–Schlechter (10 games, Vienna/Berlin, Jan-Feb 1910), and Schlechter appears nowhere in the corpus. The same file shows the parallel corruption 'Forgacs, Leo' standing in for Janowski in the 11-game 'World Championship 11th' 1910. No QID can be assigned without either fabricating an identity or silently rewriting the row as Schlechter, which is a data-repair decision for the maintainer, not an identity resolution.
muzychuk	Muzychuk, Mariya	Q439881	1992		high	Her elder sister Anna Muzychuk (Q241258, born 1990) is also a leading Ukrainian grandmaster; this row is Mariya, born 1992, the 2015-16 women's world champion.	en.wikipedia 'Mariya Muzychuk' carries wikibase_item Q439881, Ukrainian chess player born 1992; no openings were supplied, so the identification rests on the full name plus the birth year distinguishing her from her sister.
nadanian	Nadanian, Ashot	Q719163	1972		high		Wikidata Q719163, Armenian grandmaster and opening theoretician (born 1972), is the originator of the Na4 line in the Gruenfeld Exchange that bears his name; sole chess Nadanian on Wikidata.
najdorf	Najdorf, Miguel	Q310532	1910	1997	high		Wikidata Q310532 'Miguel Najdorf', Polish-Argentine chess player (1910-1997), occupation chess player; sole eponym of the Sicilian Najdorf.
nepomniachtchi	Nepomniachtchi, Ian	Q521817	1990		high		enwiki 'Ian Nepomniachtchi' maps to Q521817 (Russian GM b. 1990), the only Nepomniachtchi chess player on Wikidata, matching the row's 2021 Carlsen and 2023 Ding title matches.
neumann	Neumann, Gustav	Q62176	1838	1881	high	Wikidata carries nine or more other Gustav Neumann items (Holocaust-victim records, e.g. Q105566792, Q105470086); only Q62176 is the chess master.	Wikidata Q62176 'Gustav Neumann', Prussian chess player 1838-1881, the only chess Gustav Neumann and the Neumann named in Wikipedia's list of openings named after people.
nimzowitsch	Nimzowitsch, Aron	Q295114	1886	1935	high		enwiki 'Aron Nimzowitsch' maps to Q295114 (Latvian-born Danish chess player and theoretician, 1886-1935), and Wikipedia's List of chess openings named after people credits the Nimzo-Indian to Aron Nimzowitsch.
opocensky	Opočenský, Karel	Q1389121	1892	1975	high		Wikidata Q1389121 'Karel Opočenský', Czech chess master 1892-1975, en.wikipedia article; the Trompowsky is also known as the Opočenský Opening and 6.Be2 in the Najdorf is the Opočenský Variation. Two other Wikidata items share the name (Q64447624 a Czech evangelical priest 1811-1900, Q95395082 a landscape architect b. 1960) but neither is a chess figure.
owen	Owen, John	Q1386704	1827	1901	high	'John Owen' is a heavily shared name (Welsh epigrammatist Q1230607, American politician Q883201, etc.); within chess, Michael Owen (Q109423199, b. 2002) also shares the surname. This is the Reverend John Owen of Liverpool.	Wikidata Q1386704 'John Owen', English cleric and chess player (1827-1901), enwiki 'John Owen (chess player)', eponym of Owen's Defence 1.e4 b6.
panov	Panov, Vasily	Q2032954	1906	1973	high		"Wikidata ""Panov-Botvinnik Attack"" (Q2869895) has named-after (P138) = Q2032954 plus Q178865 (Botvinnik), matching the Caro-Kann line exactly."
parham	Parham, Bernard				not-found	Wikidata has 50+ humans surnamed Parham (musicians, basketball players, botanists, researchers) and none is this chess player, so any Q-number carrying the surname Parham would be a false match. The opening item Q1671558 'Wayward Queen Attack' carries 'Parham Attack' as an alias but has no named-after (P138) claim to borrow.	"No Wikidata item exists. Verified by three independent passes: wbsearchentities on 'Bernard Parham', 'Bernard Parham chess', 'Parham Attack' and 'Parham Matrix System' returned no person; CirrusSearch fulltext for ""Bernard Parham"" returned zero hits; and enumerating all 50 Wikidata humans with family name Parham (P734=Q37458081) produced no Bernard. He is real and correctly named - enwiki 'Danvers Opening' lists 'Parham Attack' as an alias of 1.e4 e5 2.Qh5 and the eponym list says 'named after Bernard Parham', citing The Chess Drum's 'Bernard Parham: Creator of the Matrix System' - but he has no enwiki article and no Wikidata entity. Returning null rather than a guess."
paulsen	Paulsen, Louis	Q60377	1833	1891	high	His brother Wilfried Paulsen (Q75290, 1828-1901) was also a notable German chess player, and Dirk Paulsen (Q42380970) is a modern German chess player.	Wikidata Q60377 'Louis Paulsen', German chess player (1833-1891), enwiki 'Louis Paulsen' — eponym of the Petrov Paulsen Attack and the Sicilian Paulsen.
petrosian	Petrosian, Tigran	Q180636	1929	1984	high	Shared surname: Tigran L. Petrosian (Q528959), Armenian GM born 1984, is a different player. This row is Tigran Vartanovich Petrosian, the World Champion. Also unrelated: Q4361652, a Russian crime boss of the same name.	Wikidata Q180636 'Tigran Petrosian', Soviet Armenian Grandmaster and World Chess Champion (1929-1984); the input's 'V' (Vartanovich) correctly picked out the 9th World Champion, whose KID and QID systems these are, and is dropped because plain 'Tigran Petrosian' is the standard English form for him.
petrov	Petrov, Alexander	Q550980	1794	1867	high	Several chess Petrovs: Vladimirs Petrovs (Q740571, Latvian, 1908-1943), Marian Petrov (Q3657819, Bulgarian GM b. 1975), Dmitry Petrov (Q4360762, Soviet, 1909-1987). The eponym is the 19th-century Russian.	Wikidata Q550980, enwiki 'Alexander Petrov (chess player)' = Alexander Dmitrievich Petrov, which states he analysed with Jaenisch the opening later called Petrov's Defence; caution, Wikidata's P569 statement says 1799-02-02 sourced only to a Wikipedia import while the item description and enwiki both give 1794, so I report the standard 1794.
philidor	Philidor, François-André	Q203229	1726	1795	high	The Danican Philidor musical dynasty shares the surname (his father André Danican Philidor among them), and Q124786266 is a different François André Danican Philidor, a 19th-century French official; only Q203229 is a chess player.	Wikidata Q203229 (human, chess player and composer); enwiki's openings-named-after-people list names him as eponym of both the Philidor Defence 1.e4 e5 2.Nf3 d6 and the Philidor Countergambit 3.d4 f5. Wikidata's full label is 'François-André Danican Philidor'; the shorter conventional form is kept. Born/died taken from the normal-rank claims (the 1727 and 30 Aug variants are deprecated).
pirc	Pirc, Vasja	Q277836	1907	1980	high		Sole Wikidata match Q277836, 'Slovenian chess player (1907-1980)', GM and IM titles, enwiki 'Vasja Pirc', the eponym of the Pirc Defence.
polerio	Polerio, Giulio Cesare	Q555315	1548	1612	high		"Wikidata Q555315 ""Giulio Cesare Polerio"", Italian chess player; the Polerio Variation item Q2101209 carries P138 (named after) → Q555315, matching the Kieseritzky Gambit ...Be7 line. Both dates are year-precision with an explicit circa qualifier (c. 1548 – c. 1612). Forename expanded to the full ""Giulio Cesare"" that Wikidata uses."
polgar	Polgar, Susan	Q12823	1969		high	Her sisters Judit Polgar (Q183250) and Sofia Polgar (Q155388) are both notable chess players, as is their father Laszlo; Q12823 is specifically Susan.	Wikidata Q12823, eldest of the Polgar sisters and women's world champion 1996-1999 (born 1969), matches the English Wikipedia title 'Susan Polgar'; Hungarian label is Polgar Zsuzsa.
pollock	Pollock, William	Q8010308	1859	1896	high		Wikidata Q8010308 'William H.K. Pollock', British chess player (1859-1896), enwiki sitelink 'William H. K. Pollock'; ECO C60 names 3...Na5 the 'Ruy Lopez, Pollock defence' after him. Full name William Henry Krause Pollock.
polugaevsky	Polugaevsky, Lev	Q434000	1934	1995	high		Sole Wikidata match Q434000, 'chess player (1934-1995)', Soviet GM, the Polugaevsky of the Sicilian Najdorf Polugaevsky Variation he authored.
ponomariov	Ponomariov, Ruslan	Q207723	1983		high		Wikidata Q207723 'Ruslan Ponomariov', Ukrainian GM b. 1983, FIDE ID 14103320, enwiki 'Ruslan Ponomariov'; no openings were supplied on the input row, and no other notable chess Ponomariov exists.
ponziani	Ponziani, Domenico	Q715023	1719	1796	high		Wikidata Q715023 'Domenico Lorenzo Ponziani', Italian chess player, priest and theoretician (1719-1796), eponym of the Ponziani Opening; full name carries the middle name Lorenzo, left out of display_name as it is not the forename.
popov	Popov, Georgi Alexandrov	Q65695255			medium	Popov is among the most crowded chess surnames on Wikidata — Valery (Q517854), Ivan (Q3429656), Nikolay (Q4372576), Petar Popović (Q1376916) and a dozen more; this row is specifically the Bulgarian correspondence player, not any of the OTB players.	Wikidata Q65695255 'Georgi Alexandrov Popov', described as a correspondence chess player, country for sport Bulgaria, sport chess, ICCF ID 50014 — an exact three-part name match to Wikipedia's 'named after Bulgarian correspondence player Georgi Alexandrov Popov' for 3...a5 in the Ruy López. Medium rather than high because the item is a dates-less ICCF-derived stub with no sitelinks, so it cannot be cross-checked against birth/death years the way the rest of this batch was, and the eponym claim itself rests on Wikipedia (red link, no article).
quinteros	Quinteros, Miguel	Q653351	1947		high		Wikidata Q653351 'Miguel Quinteros', Argentine GM b. 1947, FIDE ID 100021, enwiki 'Miguel Quinteros' — eponym of the Sicilian Quinteros Variation.
rauzer	Rauzer, Vsevolod	Q1975121	1908	1941	high		Wikidata Q1975121 (human, chess player); enwiki states the Richter-Rauzer Variation of the Sicilian was named in honour of him and the German master Kurt Richter.
reti	Réti, Richard	Q312985	1889	1929	high	Only one notable chess Réti; his brother Rudolph Réti was a musicologist, not a chess figure.	Wikidata Q312985 'Richard Réti', Czechoslovak chess player, chess theoretician and study composer (1889-1929), eponym of the Réti Opening 1.Nf3.
rice	Rice, Isaac	Q473770	1850	1915	high		Wikipedia's Rice Gambit article says the line 'was heavily promoted by wealthy German-born, American businessman Isaac Rice', linking to 'Isaac Rice (businessman)', which carries wikibase_item Q473770, described on Wikidata as lawyer, inventor, capitalist and chess writer 1850-1915.
richter	Richter, Kurt	Q65956	1900	1969	high	Emil Richter (Q5371420), Czech chess player 1894-1971, is a separate chess eponym; Wikidata also lists chess players Michael, Christian, Wolfgang and Julia Richter, plus at least seven non-chess Kurt Richters (Q1522081 intelligence officer, Q16569609 scenographer, Q131442881 actor, and others).	Wikidata Q65956, German chess player 1900-1969, named in OCN's eponym evidence file as the Richter of both the Richter-Rauzer Attack and the Richter-Veresov Attack.
riumin	Riumin, Nikolai	Q2262497	1908	1942	high		Wikidata Q2262497 'Nikolai Riumin', Russian/Soviet chess player 1908-1942, enwiki 'Nikolai Riumin'; the sole notable chess Riumin, matching the Queen's Indian Riumin Variation. Also transliterated Ryumin, but Wikidata and enwiki both use Riumin.
robatsch	Robatsch, Karl	Q614941	1929	2000	high		Wikidata Q614941 'Karl Robatsch', Austrian chess player and botanist (1929-2000); en.wikipedia Karl Robatsch confirms he revived and popularised 1...g6, which became the Robatsch/Modern Defence.
romanishin	Romanishin, Oleg	Q1346918	1952		high		Sole Wikidata match Q1346918, 'Ukrainian chess player' born 1952, GM and FIDE Senior Trainer, alias Oleg Mikhailovich Romanishin; dropped the 'M' initial to match Wikidata's common English form, and no opening was supplied so this rests on the name plus occupation.
rossolimo	Rossolimo, Nicolas	Q932226	1910	1975	high		Wikidata Q932226 'Nicolas Rossolimo', instance-of human, occupation chess player, 1910-1975; enwiki lead confirms Russian-born Paris/US champion, and the enwiki eponym list credits him with the Rossolimo Variation of the Sicilian (1.e4 c5 2.Nf3 Nc6 3.Bb5), matching the listed opening.
ruan	Ruan, Lufei	Q385149	1987		high		Wikidata Q385149 'Ruan Lufei', human, Chinese chess player born 2 October 1987, WGM, FIDE ID 8602727, zhwiki 阮露斐. Chinese name order already correct in the input (family name Ruan, given name Lufei). No openings listed for this row.
rubinstein	Rubinstein, Akiba	Q318597	1880	1961	high		Wikidata Q318597 'Akiba Rubinstein', Russian-Polish chess player (1880-1961), confirmed as the Wikidata item linked from the en.wikipedia Akiba Rubinstein article, the eponym of the Rubinstein French and Four Knights Rubinstein.
rubtsova	Rubtsova, Olga	Q254159	1909	1994	high	Tatyana Rubtsova (Q529790), Russian chess player born 1962, shares the surname; Alexander Rubtsov (Q122955247) shares the masculine form.	Wikidata Q254159, Russian women's world champion 1909-1994, chessgames id 72239; independently matches the resolution already recorded at docs/evidence/people/wikidata-resolution.tsv.
salvio	Salvio, Alessandro	Q434318	1570	1640	high		Wikidata Q434318 'Alessandro Salvio', Italian chess player c.1570-c.1640, enwiki 'Alessandro Salvio'; the catalogue's Double Muzio Gambit Main Line row already credits 'Alessandro Salvio (first to publish)' from the Oxford Companion. Both dates are approximate in the sources.
samisch	Sämisch, Friedrich	Q60860	1896	1975	high		Wikidata Q60860 'Friedrich Sämisch', German chess player (1896-1975), GM 1950, the only chess Sämisch and the eponym of the King's Indian and Nimzo-Indian Sämisch systems.
santasiere	Santasiere, Anthony	Q573978	1904	1977	high		"Wikidata Q573978 ""Anthony Santasiere"", American chess player and writer, 1904-12-09 to 1977-01-13; the English Wikipedia article says Santasiere's Folly (1.Nf3 d5 2.b4) was originated and developed by him, which is the 1.b4-with-Nf3 line the catalogue files under Polish Opening, Zukertort System."
sarratt	Sarratt, Jacob	Q1378138	1772	1819	high		"English Wikipedia's Muzio Gambit article traces the opening's name to ""the early 19th-century English chess writer Jacob Sarratt"", the only chess Sarratt on Wikidata (Q1378138, occupation chess player, enwiki ""Jacob Sarratt""); full form Jacob Henry Sarratt."
schallopp	Schallopp, Emil	Q62455	1843	1919	high		Wikidata Q62455 'Emil Schallopp', German chess player and chess writer (1843-1919), eponym of the King's Gambit Accepted Schallopp Defence.
schlechter	Schlechter, Carl	Q320017	1874	1918	high		Wikidata Q320017 'Carl Schlechter', Austro-Hungarian chess player 1874-1918, enwiki 'Carl Schlechter'; he is the only notable chess Schlechter, so the From's Gambit Schlechter Gambit (1.f4 e5 2.fxe5 Nc6) is unambiguous.
segura	López de Segura, Ruy	Q297457	1530	1580	high	"""López"" alone never identifies him — Juan Manuel Bellón López (Bellón Gambit) is in this same batch, and the surname is generic in Spanish chess. Note also that the display name I return keeps the accent (""López de Segura"") to match Wikidata's label and the accented convention already used in this input (""López, Juan"", ""Szén"", ""Hromádka""); the task text spelled it unaccented as ""Lopez de Segura, Ruy"", so override if the catalogue wants ASCII."	"Wikidata Q297457 ""Ruy López de Segura"", Spanish priest and chess player; the Ruy Lopez item Q1290671 carries P138 (named after) → Q297457; both dates are year-precision with a circa qualifier (c. 1530 – c. 1580)."
shabalov	Shabalov, Alexander	Q722108	1967		high		Wikidata Q722108, Latvian-born American grandmaster (born 1967), is the Shabalov of the Shirov-Shabalov Gambit in the Semi-Slav Anti-Meran; sole chess Shabalov on Wikidata.
shirov	Shirov, Alexei	Q214713	1972		high		Wikidata Q214713 'Alexei Shirov', Latvian-Spanish GM b. 1972, FIDE ID 2209390 — the Shirov-Shabalov Attack in the Anti-Meran is named jointly for him and Alexander Shabalov.
short	Short, Nigel	Q313778	1965		high	Philip Short (Q2854985), Irish chess player (1960-2018), shares the surname; and a same-named British conductor Nigel Short (Q17059055) exists who is not a chess player.	Input 'Nigel D' truncated the middle name; Wikidata Q313778 'Nigel Short' (alias Nigel David Short), English GM b. 1965, FIDE ID 400025, popularised the Caro-Kann Advance 4.Nf3 e6 5.Be2 Short Variation.
smith	Smith, Ken	Q16014510	1930	1999	high	Wikidata holds many Ken Smiths (poet Q6388513, several footballers); the chess one is disambiguated on enwiki as 'Ken Smith (chess player)'.	Wikidata Q16014510 'Ken Smith', American chess and poker player 1930-1999 (enwiki 'Ken Smith (chess player)'), the Texas master Wikipedia's list of openings named after people credits for the Smith-Morra.
smyslov	Smyslov, Vasily	Q104148	1921	2010	high		Wikidata Q104148 'Vasily Smyslov', Soviet chess grandmaster and 7th World Champion (1921-2010); forename corrected from the input's erroneous 'Vladimir' to Vasily, the player who gave his name to the Ruy Lopez Smyslov Defence and the Gruenfeld ...Bg4 line.
snyder	Snyder, Robert	Q7347659	1954		high		Wikidata Q7347659 'Robert Michael Snyder', American chess player born 1954 (enwiki 'Robert Michael Snyder'), author of 'Sicilian 2 b3' (1983); the listed B20 line 1.e4 c5 2.b3 carries both the Czerniak Attack and Snyder Variation names, and he is the only chess Robert Snyder on Wikidata.
sokolsky	Sokolsky, Alexey	Q1388100	1908	1969	high		Wikidata Q1388100 (human, chess player, Soviet Union); enwiki states 1.b4 became known as the Sokolsky Opening, also called the Polish Opening, and that he wrote a book on it.
soldatenkov	Soldatenkov, Vassily	Q109323731	1879	1944	high		Wikidata Q109323731 'Vassily Soldatenkov', Russian chess player and racing driver 1879-1944, enwiki 'Vassily Soldatenkov'; Edward Winter's chesshistory.com piece on Soldatenkov states his name became attached to 1.e4 e5 2.f4 Bc5 3.Nf3 d6 4.fxe5, the 'Soldatenkov Attack/Variation', via the Marco and Schlechter Carlsbad 1907 tournament book, which is exactly the move list on catalogue row C.KGm.Dec.Cls.fxe5. Forename respelled from Vasily to Vassily to match Wikidata and enwiki, the commonest English form for him.
soultanbeieff	Soultanbeieff, Victor	Q7926356	1895	1972	high		en.wikipedia 'Victor Soultanbeieff' carries wikibase_item Q7926356, and Wikipedia's list attributes the Slav line 1.d4 d5 2.c4 c6 3.Nf3 Nf6 4.Nc3 dxc4 5.a4 e6 to him.
spassky	Spassky, Boris	Q177310	1937	2025	high	Georgy Spassky (Q71291438) is also a Wikidata chess player, and two further same-name items exist: a Soviet physicist called Boris Spassky (Q21148694) and Boris Spassky Jr (Q140077276), his son.	Wikidata Q177310 (human, chess player, tenth world champion, 1937-2025); no openings were supplied. The input forename 'Boris Vasily' mangled his patronymic (Vasilievich, per Wikidata alias 'Boris Vasilievich Spassky'), so the display name reverts to Wikidata's label form.
spielmann	Spielmann, Rudolf	Q93575	1883	1942	high		Wikidata Q93575 'Rudolf Spielmann', Austrian chess player (1883-1942), enwiki sitelink 'Rudolf Spielmann'; ECO B10 names the line 'Caro-Kann, Goldman (Spielmann) variation', confirming him as the eponym. Spelling corrected from 'Rudolph'.
stamma	Stamma, Philipp	Q453641	1705	1755	high		Sole Wikidata match Q453641, 'Syrian chess master', occupations chess player, chess composer and author, dates 1705-1755 (both approximate), the Stamma of the King's Gambit Stamma Gambit.
staunton	Staunton, Howard	Q311631	1810	1874	high		Wikidata Q311631 'Howard Staunton', English chess master and Shakespearean scholar (1810-1874), eponym of the Staunton Gambit against the Dutch.
steinitz	Steinitz, Wilhelm	Q102648	1836	1900	high		Wikidata Q102648 'Wilhelm Steinitz', Austrian-American chess player and theoretician (1836-1900), first world champion, eponym of both the French Steinitz and the Ruy López Steinitz Defence.
sveshnikov	Sveshnikov, Evgeny	Q675955	1950	2021	high	Vladimir Sveshnikov (Q24027558), Latvian player born 1986, is Evgeny's son; the Sicilian Sveshnikov is the father's, not his.	Wikidata Q675955, Latvian-Russian GM 1950-2021 (FIDE 4100638), the theoretician who rehabilitated and gave his name to the Sicilian Sveshnikov.
szen	Szén, József	Q695893	1805	1857	high		"Wikidata Q695893 ""József Szén"", Hungarian chess player (1805–1857), leader of the Budapest team in the 1842–46 correspondence match against Paris; ECO B44 ""Sicilian, Szén variation"" (and its Szén hedgehog and Dely-Kasparov sub-lines) is attributed to him in the standard opening databases, and he is the only notable chess figure of that surname."
taimanov	Taimanov, Mark	Q348037	1926	2016	high		"Wikidata item ""Sicilian Defence, Taimanov Variation"" (Q3483039) carries named-after (P138) = Q348037, Soviet chess player Mark Taimanov, occupation chess player (Q10873124), enwiki ""Mark Taimanov""."
tal	Tal, Mikhail	Q102664	1936	1992	high		Wikidata Q102664, Soviet-Latvian world champion 1936-1992, matching both the Caro-Kann Advance Tal Variation and the catalogue's world-championship game rows.
tan	Tan, Zhongyi	Q7682163	1991		high	Tan is a common chess surname: Tan Lian Ann (Q7682088), Tan Chengxuan (Q7682032), Hiong Liong Tan (Q2227116), Justin Tan (Q27533018/Q106232451) among others.	Wikidata Q7682163 'Tan Zhongyi', Chinese GM b. 1991, FIDE ID 8603642, Women's World Champion 2017-18; Tan is the family name, Zhongyi the given name, so the input order was already correct.
tarrasch	Tarrasch, Siegbert	Q76558	1862	1934	high		Wikidata Q76558 is the German chess player/theoretician (1862-1934) after whom the Tarrasch Defence and Semi-Tarrasch are named; sole chess player with this surname on Wikidata.
timman	Timman, Jan	Q139438	1951	2026	high		Wikidata Q139438 'Jan Timman', Dutch grandmaster (1951-2026), full name Jan Hendrik Timman, death on 18 February 2026 corroborated by the en.wikipedia article that links to the same Q-number; the input's 'Jan H' is a database-style abbreviation, corrected to the Wikidata label form.
tiviakov	Tiviakov, Sergei	Q710938	1973		high		"Q710938 is the Russian-born Dutch grandmaster Sergei Tiviakov, enwiki ""Sergei Tiviakov"", sole match under both Tiviakov and Tivyakov spellings."
topalov	Topalov, Veselin	Q172798	1975		high	Aleksandar Topalov (Q108488306), a Serbian chess player b. 1977, shares the surname; nationality and FIDE ID distinguish the Bulgarian ex-world-champion.	Wikidata Q172798 'Veselin Topalov', Bulgarian chess grandmaster b. 1975, FIDE ID 2900084, enwiki 'Veselin Topalov'.
torre	Torre, Carlos	Q544520	1904	1978	high	Eugenio Torre (Q1373353), Filipino GM b. 1951, and Vittorio Torre (Q1643573), Italian player 1850-1921, are other notable chess Torres.	enwiki 'Carlos Torre Repetto' maps to Q544520 (Mexican GM), the eponym Wikipedia's openings list names for the Torre Attack; born-year taken from the preferred-rank P569 claim of 1904 (a normal-rank 1905 claim also exists), and the Wikidata full form is 'Carlos Torre Repetto' if you prefer the double surname.
traxler	Traxler, Karel	Q700827	1866	1936	high		Wikidata Q700827 'Karel Traxler', Czech chess player, composer and Catholic priest (1866-1936), eponym of the Traxler Counterattack in the Two Knights Defence.
trompowsky	Trompowsky, Octavio	Q1333231	1897	1984	high		en.wikipedia 'Octávio Trompowsky' carries wikibase_item Q1333231, described as Brazilian chess player 1897-1984, the champion the Trompowsky Attack is named for; display name kept in Wikidata's English label form (the Portuguese spelling takes an acute, Octávio).
ufimtsev	Ufimtsev, Anatoly	Q338811	1914	2000	high		Wikidata Q338811 'Anatoly Ufimtsev', human, Kazakhstani economist and chess player 1914-2000, enwiki sitelink 'Anatoly Ufimtsev (chess player)'; enwiki eponym list credits him with the Ufimtsev Defence (1.e4 d6 2.d4 Nf6 3.Nc3 g6), the Pirc line listed here.
urusov	Urusov, Sergey	Q1428416	1827	1897	high	His brother Dmitry Urusov (Q4477389, 1829-1903) was also a strong chess player, and at least four unrelated non-chess Sergey Urusovs hold Wikidata items (Q3479756, Q4477401, Q124459937 among them); only Q1428416 is the chess player born 1827.	"English Wikipedia's Bishop's Opening article states ""The Urusov Gambit is named after Russian Prince Sergey Semyonovich Urusov (1827-1897)"", whose item is Q1428416 (enwiki ""Sergey Urusov (chess player)"")."
veresov	Veresov, Gavriil	Q2708388	1912	1979	high		Wikidata Q2708388 'Gavriil Veresov', human, Soviet/Belarusian chess player and IM 1912-1979; enwiki eponym list credits him (with Kurt Richter) for the Richter-Veresov Attack 1.d4 d5 2.Nc3 Nf6 3.Bg5, the queen's-pawn Veresov setup listed.
villemson	Villemson, Martin	Q20528953	1897	1933	high		Wikidata Q20528953 'Martin Villemson', Estonian chess player and sports journalist (1897-1933) of Pärnu; sources on the KGA Villemson Gambit 3.d4 name exactly this Pärnu editor of Eesti Maleilm who mentored Keres.
vinogradov	Vinogradov, Paul				not-found	Several unrelated chess Vinogradovs exist on Wikidata, and the far bigger trap is the homonymous legal historian Sir Paul Vinogradoff (Q1976412), whom Wikipedia already mislinks here.	No verifiable chess player of this name exists. DO NOT USE Q1976412 — Wikipedia's 'List of chess openings named after people' blue-links 'Paul Vinogradov' to Sir Paul Vinogradoff (Q1976412), the Russian-British legal historian 1854-1925 whose article never mentions chess; that link is spurious and the list's only citation is a 365chess games page, which identifies no person. Wikidata's chess players surnamed Vinogradov (Q27533912 Alexander b.1956, Q27533913 Anatoly b.1998, Q71304964 Dmitrij b.1963) include no Paul and none plausible as the eponym of a C60 line.
wade	Wade, Robert	Q722263	1921	2008	high		Wikipedia's list gives the Wade Defence as 1.d4 d6 2.Nf3 Bg4 named after Robert Wade — identical moves to OCN row A.OID.Wad — and 'Robert Wade (chess player)' carries wikibase_item Q722263 (alias Robert Graham Wade).
ware	Ware, Preston	Q7242011	1821	1890	high	Distinct from Preston Ware Orem (Q7242013), an American composer 1865-1938 whose full name collides on a prefix search.	Wikidata Q7242011 'Preston Ware', American chess player 1821-1890 (enwiki 'Preston Ware'), named by Wikipedia's list of openings named after people as the Ware Opening eponym, which also carries the Ware Defence.
winawer	Winawer, Szymon	Q376206	1838	1919	high		Wikidata Q376206 'Szymon Winawer', Polish chess player (1838-1919), enwiki sitelink 'Szymon Winawer'; forename corrected from the anglicised 'Simon' used in older chess literature to the Wikidata/Wikipedia form.
worrall	Worrall, Thomas Herbert				not-found	Do not substitute Robert B. Wormald (Q16597044, 1834-1876), a different person. The attached row C.RyL.Mor.Wor is canonically the Wormald Attack (C77, 5.Qe2), yet OCN's evidence file credits it to Thomas Herbert Worrall of the Worrall Attack (C86, 6.Qe2), and the catalogue separately carries C86 rows named 'Worrall Attack'. The catalogue conflates the two eponyms and this needs a human decision.	No Wikidata item exists: SPARQL on his chessgames.com id 39970 (P1665) returns nothing, SPARQL for humans with occupation chess player labelled 'Worrall' returns no rows, and English Wikipedia has no article; the only 'Thomas Worrall' item (Q75545278, 1782-1866) carries no occupation and dates inconsistent with the player who faced Morphy in 1857, so it must not be used.
xie	Xie, Jun	Q255142	1970		high	"Not a chess collision, but ""Xie Jun"" is heavily homonymous on Wikidata — a Chinese swimmer (Q8044370), a biotechnologist (Q110148908) and at least four Ming/Yuan dynasty figures share the exact label. Only Q255142 is the chess player; a label match without the 1970 birth year or the chess occupation will pick the wrong one."	"Wikidata Q255142 ""Xie Jun"", Chinese chess player, born 1970-10-30; English Wikipedia confirms two reigns as Women's World Champion (1991–1996, 1999–2001), the 1996 loss to Susan Polgar and the 1999 win over Alisa Galliamova — both matches present on this person id in catalog/ocn-1.wch.tsv. Display name unchanged: Xie is the family name, Jun the given name, so ""Xie, Jun"" is already correct for a Surname, Forename column."
zaitsev-alexander	Zaitsev, Alexander	Q1339147	1935	1971	high	High-collision surname. Igor Zaitsev (b. 1938, Karpov's second) owns the Ruy Lopez Zaitsev Variation, not this Grünfeld gambit. Wikidata also holds Q27534513 'Aleksandr Zaytsev', a different living chess player (b. 1985, FIDE 4164490, zero sitelinks) whose English aliases include the exact string 'Alexander Zaitsev', plus non-chess homonyms Q1339147-adjacent: Q614069 astronomer, figure skater, musician, cyclist.	Wikidata Q1339147 'Alexander Zaitsev', human, Russian/Soviet chess grandmaster 1935-1971, enwiki sitelink 'Alexander Zaitsev (chess player)'. Raw wikitext of enwiki 'List of chess openings named after people' assigns the two Zaitsev openings separately: 'Zaitsev Gambit of the Grünfeld Defence - 1.d4 Nf6 2.c4 g6 3.Nc3 d5 4.h4 - named after Alexander Zaitsev' versus 'Zaitsev Variation of the Ruy Lopez ... named after Igor Zaitsev', confirming the listed Grünfeld gambit is Alexander's.
zaitsev-igor	Zaitsev, Igor	Q1657668	1938		high	Alexander Zaitsev (Q1339147), Soviet GM 1935-1971, is a different chess Zaitsev with his own enwiki article 'Alexander Zaitsev (chess player)'; a further 'Aleksandr Zaytsev' chess item exists at Q27534513.	Wikidata Q1657668 'Igor Zaitsev', Russian GM b. 1938, FIDE ID 4103017, enwiki 'Igor Zaitsev' — eponym of the Ruy Lopez Zaitsev Variation (9...Bb7).
zilbermints	Zilbermints, Lev				not-found		"No Wikidata person item exists. Searching ""Zilbermints"" returns only Q3171706 ""Zilbermintsgambiet"" — verified as instance of (P31) chess opening Q208544, with a single Dutch Wikipedia sitelink (Zilbermintzgambiet), no named-after (P138) statement and no linked person — plus the mineral zilbermintsite-(La) Q123906137. Deliberately returning null: attaching the opening's QID to the person would be exactly the silent corruption the rule forbids."
zukertort	Zukertort, Johannes	Q60182	1842	1888	high		Wikidata Q60182 'Johannes Zukertort', German chess master 1842-1888, occupation chess player, enwiki 'Johannes Zukertort'; the catalogue's Réti Opening row carries 'Zukertort Opening' as an alias, and 1.Nf3 is his eponymous move order.
zvjaginsev	Zvjaginsev, Vadim	Q910231	1976		high		Wikidata Q910231, Russian GM born 1976 (FIDE 4113403); the repo's eponym evidence maps B.Sic.Kro (1.e4 c5 2.Na3) to the Zvjaginsev Variation, the line he introduced at top level. Transliteration varies as Zviagintsev/Zvyagintsev, but Wikidata and FIDE both use Zvjaginsev.
zvorykina	Zvorykina, Kira	Q2222708	1919	2014	high		Wikidata Q2222708 'Kira Zvorykina', Soviet chess player (1919-2014), enwiki sitelink 'Kira Zvorykina'; initial 'K.' expanded to Kira, the only notable chess Zvorykina.
